xrun(64): 21.03-s015: (c) Copyright 1995-2022 Cadence Design Systems, Inc.
TOOL:	xrun(64)	21.03-s015: Started on Oct 14, 2022 at 14:17:03 BST
xrun
	-f lab03run.f
		-64
		-uvmhome /mnt/hd2/cadmgr/cadence/installs/XCELIUM2103/tools/methodology/UVM/CDNS-1.1d
		+UVM_VERBOSITY=UVM_LOW
		+UVM_TESTNAME=uvm_mem_walk_test
		-timescale 1ns/100ps
		-incdir ../../yapp/sv
		-incdir ../../channel/sv
		-incdir ../../hbus/sv
		-incdir ../../clock_and_reset/sv
		-incdir ../../router/sv
		../../yapp/sv/yapp_pkg.sv
		../../yapp/sv/yapp_if.sv
		../../channel/sv/channel_pkg.sv
		../../channel/sv/channel_if.sv
		../../hbus/sv/hbus_pkg.sv
		../../hbus/sv/hbus_if.sv
		../../clock_and_reset/sv/clock_and_reset_pkg.sv
		../../clock_and_reset/sv/clock_and_reset_if.sv
		cdns_uvmreg_utils_pkg.sv
		yapp_router_regs_rdb.sv
		../../router/sv/router_module_pkg.sv
		../../router_rtl/yapp_router.sv
		clkgen.sv
		tb_top.sv
		hw_top.sv
	-define INJECT_ERROR

   User defined plus("+") options:
	+UVM_VERBOSITY=UVM_LOW

Compiling UVM packages (uvm_pkg.sv cdns_uvm_pkg.sv) using uvmhome location /mnt/hd2/cadmgr/cadence/installs/XCELIUM2103/tools/methodology/UVM/CDNS-1.1d
file: ../../clock_and_reset/sv/clock_and_reset_pkg.sv
package clock_and_reset_pkg;
                          |
xmvlog: *W,TSNSPK (../../clock_and_reset/sv/clock_and_reset_pkg.sv,3|26): `timescale is not specified for the package.  The default timescale of 1ns/1ns will be assumed for this package.
file: ../../router_rtl/yapp_router.sv
	module worklib.host_ctl:sv
		errors: 0, warnings: 0
	module worklib.fifo:sv
		errors: 0, warnings: 0
	module worklib.port_fsm:sv
		errors: 0, warnings: 0
	module worklib.yapp_router:sv
		errors: 0, warnings: 0
file: clkgen.sv
	module worklib.clkgen:sv
		errors: 0, warnings: 0
file: tb_top.sv
	module worklib.tb_top:sv
		errors: 0, warnings: 0
file: hw_top.sv
	module worklib.hw_top:sv
		errors: 0, warnings: 0
		Caching library 'worklib' ....... Done
	Elaborating the design hierarchy:
	Top level design units:
		$unit_0x68ffe83f
		uvm_pkg
		cdns_uvmapi
		cdns_assert2uvm_pkg
		cdns_uvm_pkg
		hbus_pkg
		yapp_pkg
		clock_and_reset_pkg
		channel_pkg
		router_module_pkg
		cdns_uvmreg_utils_pkg
		yapp_router_reg_pkg
		tb_top
		hw_top
xmelab: *W,DSEMEL: This SystemVerilog design will be simulated as per IEEE 1800-2009 SystemVerilog simulation semantics. Use -disable_sem2009 option for turning off SV 2009 simulation semantics.
	Building instance overlay tables: .................... Done
	Generating native compiled code:
		worklib.fifo:sv <0x1b7ccf71>
			streams:  11, words:  5555
		worklib.port_fsm:sv <0x1381c25e>
			streams:  32, words: 20324
		worklib.host_ctl:sv <0x46c35bf1>
			streams:  21, words: 15175
		worklib.yapp_router:sv <0x082105e0>
			streams:  18, words:  4420
		worklib.clkgen:sv <0x1d92e009>
			streams:   2, words:  1050
		worklib.uvm_pkg:sv <0x5875a342>
			streams:  22, words: 22633
		worklib.uvm_pkg:sv <0x5edd521b>
			streams:  22, words: 22693
		worklib.uvm_pkg:sv <0x31ae8d71>
			streams:  22, words: 29244
		worklib.uvm_pkg:sv <0x3e23c01e>
			streams:  22, words: 31987
		worklib.uvm_pkg:sv <0x266572a3>
			streams:  22, words: 22058
		worklib.uvm_pkg:sv <0x5132bc26>
			streams:  22, words: 21296
		worklib.uvm_pkg:sv <0x5202e615>
			streams:  22, words: 43131
		worklib.uvm_pkg:sv <0x505e1221>
			streams:  23, words: 21624
		worklib.uvm_pkg:sv <0x36176149>
			streams:  23, words: 21669
		worklib.uvm_pkg:sv <0x4c08fa5e>
			streams:  23, words: 21689
		worklib.uvm_pkg:sv <0x2519929d>
			streams:  21, words: 43351
		worklib.uvm_pkg:sv <0x486acf43>
			streams:  22, words: 23983
		worklib.uvm_pkg:sv <0x1fd7f8f0>
			streams:  23, words: 27805
		worklib.uvm_pkg:sv <0x11640f7d>
			streams:  20, words: 14524
		worklib.uvm_pkg:sv <0x30c01f49>
			streams:  20, words: 14930
		worklib.uvm_pkg:sv <0x2abda360>
			streams:  23, words: 21697
		worklib.uvm_pkg:sv <0x0dfe6559>
			streams:  20, words: 14239
		worklib.uvm_pkg:sv <0x1e802712>
			streams:  22, words: 14899
		worklib.uvm_pkg:sv <0x18881e69>
			streams:  26, words: 65517
		worklib.uvm_pkg:sv <0x3b01774a>
			streams:  23, words: 21588
		worklib.uvm_pkg:sv <0x07094d62>
			streams:  23, words: 21971
		worklib.uvm_pkg:sv <0x3fd0d10e>
			streams:  23, words: 32639
		worklib.uvm_pkg:sv <0x08079271>
			streams:  30, words: 24820
		worklib.uvm_pkg:sv <0x1e69cd51>
			streams:  23, words: 21635
		worklib.uvm_pkg:sv <0x1f1fde2b>
			streams:  23, words: 22941
		worklib.uvm_pkg:sv <0x39a8a01f>
			streams:  23, words: 22941
		worklib.uvm_pkg:sv <0x19d8a05b>
			streams:  23, words: 21635
		worklib.uvm_pkg:sv <0x21b61c9e>
			streams:  23, words: 29604
		worklib.uvm_pkg:sv <0x020f5002>
			streams:  30, words: 24820
		worklib.uvm_pkg:sv <0x242076fb>
			streams:  21, words: 16001
		worklib.uvm_pkg:sv <0x7808dd5a>
			streams:  21, words: 16001
		worklib.tb_top:sv <0x26eb6a0b>
			streams:  24, words: 18216
		worklib.uvm_pkg:sv <0x647a1b35>
			streams:  23, words: 46331
		worklib.uvm_pkg:sv <0x38e33b6d>
			streams:  21, words: 17712
		worklib.uvm_pkg:sv <0x10b875e0>
			streams:  22, words: 18924
		worklib.uvm_pkg:sv <0x3e6ce4d0>
			streams:  49, words: 68085
		worklib.uvm_pkg:sv <0x15acf456>
			streams:  22, words: 19624
		worklib.uvm_pkg:sv <0x33e85599>
			streams:  24, words: 31139
		worklib.uvm_pkg:sv <0x4416c5cb>
			streams:  53, words: 64959
		worklib.uvm_pkg:sv <0x2240cb2b>
			streams:  22, words: 28857
		worklib.uvm_pkg:sv <0x45c2c0b5>
			streams:  23, words: 29416
		worklib.uvm_pkg:sv <0x23cc0bbf>
			streams:  51, words: 58233
		worklib.uvm_pkg:sv <0x262cc44b>
			streams:  23, words: 36223
		worklib.uvm_pkg:sv <0x2dc68142>
			streams:  24, words: 39579
		worklib.uvm_pkg:sv <0x2de3afd3>
			streams:  23, words: 36392
		worklib.uvm_pkg:sv <0x7f1eaf7e>
			streams:  29, words: 48587
		worklib.uvm_pkg:sv <0x20d3c701>
			streams:  51, words: 61133
		worklib.uvm_pkg:sv <0x6d1baf1c>
			streams:  20, words: 16672
		worklib.uvm_pkg:sv <0x3100035f>
			streams:  20, words: 16672
		worklib.uvm_pkg:sv <0x3237b6a8>
			streams:  30, words: 29844
		worklib.uvm_pkg:sv <0x6eb74d41>
			streams: 200, words: 218687
		worklib.uvm_pkg:sv <0x596faa21>
			streams: 199, words: 216616
		worklib.uvm_pkg:sv <0x7b0438eb>
			streams:  57, words: 92640
		worklib.uvm_pkg:sv <0x7d01ef34>
			streams:  90, words: 140244
		worklib.uvm_pkg:sv <0x0c7b8312>
			streams:  24, words: 72236
		worklib.uvm_pkg:sv <0x00fcae9a>
			streams:  37, words: 35855
		worklib.uvm_pkg:sv <0x0b014501>
			streams:  94, words: 137838
		worklib.uvm_pkg:sv <0x04dcc8c7>
			streams:  85, words: 128696
		worklib.yapp_pkg:sv <0x7aaeca71>
			streams:  26, words: 72732
		worklib.uvm_pkg:sv <0x2eb4956a>
			streams:  24, words: 26110
		worklib.uvm_pkg:sv <0x48100f1f>
			streams:  23, words: 36919
		worklib.uvm_pkg:sv <0x0d79c3cd>
			streams:  23, words: 20590
		worklib.uvm_pkg:sv <0x53bd93f2>
			streams:  31, words: 30851
		worklib.uvm_pkg:sv <0x51fc651f>
			streams: 258, words: 303370
		worklib.uvm_pkg:sv <0x6458ed8c>
			streams:  22, words: 34994
		worklib.uvm_pkg:sv <0x5cb9d6a2>
			streams:  31, words: 32694
		worklib.uvm_pkg:sv <0x6369bcf4>
			streams: 259, words: 306598
		worklib.uvm_pkg:sv <0x6af88e6a>
			streams:  22, words: 18161
		worklib.tb_top:sv <0x0ca306e5>
			streams:   1, words:  3914
		worklib.clock_and_reset_pkg:sv <0x6ac071be>
			streams:  54, words: 76162
		worklib.router_module_pkg:sv <0x6e67bcca>
			streams:   0, words:     0
		worklib.channel_pkg:sv <0x3828bd5f>
			streams:  54, words: 76162
		worklib.clock_and_reset_if:sv <0x77678bf1>
			streams:   9, words:  3223
		worklib.hw_top:sv <0x2c840fc0>
			streams:  23, words:  5634
		worklib.hbus_if:sv <0x10593cef>
			streams:  73, words: 108585
		worklib.channel_if:sv <0x697f5ef3>
			streams:   5, words: 10780
		worklib.channel_if:sv <0x12be75a1>
			streams:   5, words: 10709
		worklib.yapp_if:sv <0x2676123e>
			streams:  69, words: 96114
	Building instance specific data structures.
	Loading native compiled code:     .................... Done
	Design hierarchy summary:
		                       Instances  Unique
		Modules:                       9       7
		Interfaces:                    6       4
		Verilog packages:             11      11
		Resolved nets:                 0       1
		Registers:                 19717   12278
		Scalar wires:                 63       -
		Vectored wires:               34       -
		Named events:                  5      13
		Always blocks:                20      16
		Initial blocks:              528     238
		Parallel blocks:              39      40
		Cont. assignments:            19      42
		Pseudo assignments:           26      26
		Assertions:                    4       4
		Covergroup Instances:          0      20
		Compilation units:             1       1
		SV Class declarations:       283     397
		SV Class specializations:    617     617
		Simulation timescale:      100ps
	Writing initial simulation snapshot: worklib.tb_top:sv
Loading snapshot worklib.tb_top:sv .................... Done
SVSEED default: 1
xmsim: *W,DSEM2009: This SystemVerilog design is simulated as per IEEE 1800-2009 SystemVerilog simulation semantics. Use -disable_sem2009 option for turning off SV 2009 simulation semantics.
xcelium> source /mnt/hd2/cadmgr/cadence/installs/XCELIUM2103/tools/xcelium/files/xmsimrc
xcelium> source /mnt/hd2/cadmgr/cadence/installs/XCELIUM2103/tools/methodology/UVM/CDNS-1.1d/additions/sv/files/tcl/uvm_sim.tcl
xcelium> run
----------------------------------------------------------------
CDNS-UVM-1.1d (21.03-s015)
(C) 2007-2013 Mentor Graphics Corporation
(C) 2007-2013 Cadence Design Systems, Inc.
(C) 2006-2013 Synopsys, Inc.
(C) 2011-2013 Cypress Semiconductor Corp.
----------------------------------------------------------------

  ***********       IMPORTANT RELEASE NOTES         ************

  You are using a version of the UVM library that has been compiled
  with `UVM_NO_DEPRECATED undefined.
  See http://www.eda.org/svdb/view.php?id=3313 for more details.

  You are using a version of the UVM library that has been compiled
  with `UVM_OBJECT_MUST_HAVE_CONSTRUCTOR undefined.
  See http://www.eda.org/svdb/view.php?id=3770 for more details.

      (Specify +UVM_NO_RELNOTES to turn off this notice)

UVM_INFO @ 0: reporter [RNTST] Running test uvm_mem_walk_test...
UVM_INFO @ 0: reporter [UVMTOP] UVM testbench topology:
---------------------------------------------------------------------------------------------------------------------------------------
Name                             Type                                                        Size  Value                               
---------------------------------------------------------------------------------------------------------------------------------------
uvm_test_top                     uvm_mem_walk_test                                           -     @3082                               
  tb                             router_tb                                                   -     @3177                               
    chan0                        channel_env                                                 -     @3314                               
      rx_agent                   channel_rx_agent                                            -     @4636                               
        driver                   channel_rx_driver                                           -     @5437                               
          rsp_port               uvm_analysis_port                                           -     @5588                               
            recording_detail     integral                                                    32    'd1                                 
          seq_item_port          uvm_seq_item_pull_port                                      -     @5539                               
            recording_detail     integral                                                    32    'd1                                 
          channel_id             integral                                                    32    'h0                                 
          recording_detail       integral                                                    32    'd1                                 
        monitor                  channel_rx_monitor                                          -     @111                                
          item_collected_port    uvm_analysis_port                                           -     @4821                               
            recording_detail     integral                                                    32    'd1                                 
          channel_id             integral                                                    32    'h0                                 
          checks_enable          integral                                                    1     'h1                                 
          coverage_enable        integral                                                    1     'h1                                 
          recording_detail       integral                                                    32    'd1                                 
        sequencer                channel_rx_sequencer                                        -     @4851                               
          rsp_export             uvm_analysis_export                                         -     @4908                               
            recording_detail     integral                                                    32    'd1                                 
          seq_item_export        uvm_seq_item_pull_imp                                       -     @5458                               
            recording_detail     integral                                                    32    'd1                                 
          recording_detail       integral                                                    32    'd1                                 
          arbitration_queue      array                                                       0     -                                   
          lock_queue             array                                                       0     -                                   
          num_last_reqs          integral                                                    32    'd1                                 
          num_last_rsps          integral                                                    32    'd1                                 
        is_active                uvm_active_passive_enum                                     1     UVM_ACTIVE                          
        recording_detail         integral                                                    32    'd1                                 
      channel_id                 integral                                                    32    'h0                                 
      checks_enable              integral                                                    1     'h1                                 
      coverage_enable            integral                                                    1     'h1                                 
      recording_detail           integral                                                    32    'd1                                 
    chan1                        channel_env                                                 -     @3291                               
      rx_agent                   channel_rx_agent                                            -     @5642                               
        driver                   channel_rx_driver                                           -     @6331                               
          rsp_port               uvm_analysis_port                                           -     @6476                               
            recording_detail     integral                                                    32    'd1                                 
          seq_item_port          uvm_seq_item_pull_port                                      -     @6428                               
            recording_detail     integral                                                    32    'd1                                 
          channel_id             integral                                                    32    'h1                                 
          recording_detail       integral                                                    32    'd1                                 
        monitor                  channel_rx_monitor                                          -     @5639                               
          item_collected_port    uvm_analysis_port                                           -     @5726                               
            recording_detail     integral                                                    32    'd1                                 
          channel_id             integral                                                    32    'h1                                 
          checks_enable          integral                                                    1     'h1                                 
          coverage_enable        integral                                                    1     'h1                                 
          recording_detail       integral                                                    32    'd1                                 
        sequencer                channel_rx_sequencer                                        -     @5706                               
          rsp_export             uvm_analysis_export                                         -     @5811                               
            recording_detail     integral                                                    32    'd1                                 
          seq_item_export        uvm_seq_item_pull_imp                                       -     @6351                               
            recording_detail     integral                                                    32    'd1                                 
          recording_detail       integral                                                    32    'd1                                 
          arbitration_queue      array                                                       0     -                                   
          lock_queue             array                                                       0     -                                   
          num_last_reqs          integral                                                    32    'd1                                 
          num_last_rsps          integral                                                    32    'd1                                 
        is_active                uvm_active_passive_enum                                     1     UVM_ACTIVE                          
        recording_detail         integral                                                    32    'd1                                 
      channel_id                 integral                                                    32    'h1                                 
      checks_enable              integral                                                    1     'h1                                 
      coverage_enable            integral                                                    1     'h1                                 
      recording_detail           integral                                                    32    'd1                                 
    chan2                        channel_env                                                 -     @3343                               
      rx_agent                   channel_rx_agent                                            -     @6528                               
        driver                   channel_rx_driver                                           -     @7217                               
          rsp_port               uvm_analysis_port                                           -     @7362                               
            recording_detail     integral                                                    32    'd1                                 
          seq_item_port          uvm_seq_item_pull_port                                      -     @7314                               
            recording_detail     integral                                                    32    'd1                                 
          channel_id             integral                                                    32    'h2                                 
          recording_detail       integral                                                    32    'd1                                 
        monitor                  channel_rx_monitor                                          -     @6525                               
          item_collected_port    uvm_analysis_port                                           -     @6612                               
            recording_detail     integral                                                    32    'd1                                 
          channel_id             integral                                                    32    'h2                                 
          checks_enable          integral                                                    1     'h1                                 
          coverage_enable        integral                                                    1     'h1                                 
          recording_detail       integral                                                    32    'd1                                 
        sequencer                channel_rx_sequencer                                        -     @6592                               
          rsp_export             uvm_analysis_export                                         -     @6697                               
            recording_detail     integral                                                    32    'd1                                 
          seq_item_export        uvm_seq_item_pull_imp                                       -     @7237                               
            recording_detail     integral                                                    32    'd1                                 
          recording_detail       integral                                                    32    'd1                                 
          arbitration_queue      array                                                       0     -                                   
          lock_queue             array                                                       0     -                                   
          num_last_reqs          integral                                                    32    'd1                                 
          num_last_rsps          integral                                                    32    'd1                                 
        is_active                uvm_active_passive_enum                                     1     UVM_ACTIVE                          
        recording_detail         integral                                                    32    'd1                                 
      channel_id                 integral                                                    32    'h2                                 
      checks_enable              integral                                                    1     'h1                                 
      coverage_enable            integral                                                    1     'h1                                 
      recording_detail           integral                                                    32    'd1                                 
    clock_and_reset              clock_and_reset_env                                         -     @3231                               
      agent                      clock_and_reset_agent                                       -     @7413                               
        driver                   clock_and_reset_driver                                      -     @7444                               
          rsp_port               uvm_analysis_port                                           -     @7545                               
            recording_detail     integral                                                    32    'd1                                 
          seq_item_port          uvm_seq_item_pull_port                                      -     @7494                               
            recording_detail     integral                                                    32    'd1                                 
          recording_detail       integral                                                    32    'd1                                 
        sequencer                clock_and_reset_sequencer                                   -     @7524                               
          rsp_export             uvm_analysis_export                                         -     @7634                               
            recording_detail     integral                                                    32    'd1                                 
          seq_item_export        uvm_seq_item_pull_imp                                       -     @8182                               
            recording_detail     integral                                                    32    'd1                                 
          recording_detail       integral                                                    32    'd1                                 
          arbitration_queue      array                                                       0     -                                   
          lock_queue             array                                                       0     -                                   
          num_last_reqs          integral                                                    32    'd1                                 
          num_last_rsps          integral                                                    32    'd1                                 
        recording_detail         integral                                                    32    'd1                                 
      recording_detail           integral                                                    32    'd1                                 
    hbus                         hbus_env                                                    -     @3420                               
      masters[0]                 hbus_master_agent                                           -     @8316                               
        driver                   hbus_master_driver                                          -     @8935                               
          rsp_port               uvm_analysis_port                                           -     @9086                               
            recording_detail     integral                                                    32    'd1                                 
          seq_item_port          uvm_seq_item_pull_port                                      -     @9037                               
            recording_detail     integral                                                    32    'd1                                 
          random_delay           integral                                                    1     'h0                                 
          master_id              integral                                                    32    'h0                                 
          recording_detail       integral                                                    32    'd1                                 
        sequencer                hbus_master_sequencer                                       -     @8347                               
          rsp_export             uvm_analysis_export                                         -     @8408                               
            recording_detail     integral                                                    32    'd1                                 
          seq_item_export        uvm_seq_item_pull_imp                                       -     @8956                               
            recording_detail     integral                                                    32    'd1                                 
          recording_detail       integral                                                    32    'd1                                 
          arbitration_queue      array                                                       0     -                                   
          lock_queue             array                                                       0     -                                   
          num_last_reqs          integral                                                    32    'd1                                 
          num_last_rsps          integral                                                    32    'd1                                 
        monitor                  hbus_monitor                                                -     @8232                               
        is_active                uvm_active_passive_enum                                     1     UVM_ACTIVE                          
        master_id                integral                                                    32    'h0                                 
        recording_detail         integral                                                    32    'd1                                 
      monitor                    hbus_monitor                                                -     @8232                               
        item_collected_port      uvm_analysis_port                                           -     @8284                               
          recording_detail       integral                                                    32    'd1                                 
        checks_enable            integral                                                    1     'h1                                 
        coverage_enable          integral                                                    1     'h1                                 
        recording_detail         integral                                                    32    'd1                                 
      num_masters                integral                                                    32    'h1                                 
      num_slaves                 integral                                                    32    'h0                                 
      checks_enable              integral                                                    1     'h1                                 
      coverage_enable            integral                                                    1     'h1                                 
      recording_detail           integral                                                    32    'd1                                 
    mcsequencer                  router_mcsequencer                                          -     @3403                               
      rsp_export                 uvm_analysis_export                                         -     @3510                               
        recording_detail         integral                                                    32    'd1                                 
      seq_item_export            uvm_seq_item_pull_imp                                       -     @4060                               
        recording_detail         integral                                                    32    'd1                                 
      recording_detail           integral                                                    32    'd1                                 
      arbitration_queue          array                                                       0     -                                   
      lock_queue                 array                                                       0     -                                   
      num_last_reqs              integral                                                    32    'd1                                 
      num_last_rsps              integral                                                    32    'd1                                 
    router_mod                   router_env                                                  -     @4039                               
      reference                  router_reference                                            -     @9381                               
        hbus_in                  uvm_analysis_imp_hbus                                       -     @9430                               
          recording_detail       integral                                                    32    'd1                                 
        sb_add_out               uvm_analysis_port                                           -     @9528                               
          recording_detail       integral                                                    32    'd1                                 
        yapp_in                  uvm_analysis_imp_yapp                                       -     @9479                               
          recording_detail       integral                                                    32    'd1                                 
        recording_detail         integral                                                    32    'd1                                 
      router_chan0               uvm_analysis_export                                         -     @4243                               
        recording_detail         integral                                                    32    'd1                                 
      router_chan1               uvm_analysis_export                                         -     @4294                               
        recording_detail         integral                                                    32    'd1                                 
      router_chan2               uvm_analysis_export                                         -     @4343                               
        recording_detail         integral                                                    32    'd1                                 
      router_hbus                uvm_analysis_export                                         -     @4192                               
        recording_detail         integral                                                    32    'd1                                 
      router_yapp                uvm_analysis_export                                         -     @4141                               
        recording_detail         integral                                                    32    'd1                                 
      scoreboard                 router_scoreboard                                           -     @9152                               
        sb_chan0                 uvm_analysis_imp_chan0                                      -     @9253                               
          recording_detail       integral                                                    32    'd1                                 
        sb_chan1                 uvm_analysis_imp_chan1                                      -     @9302                               
          recording_detail       integral                                                    32    'd1                                 
        sb_chan2                 uvm_analysis_imp_chan2                                      -     @9351                               
          recording_detail       integral                                                    32    'd1                                 
        sb_yapp_in               uvm_analysis_imp_yapp                                       -     @9204                               
          recording_detail       integral                                                    32    'd1                                 
        compare_policy           comp_t                                                      1     UVM                                 
        recording_detail         integral                                                    32    'd1                                 
      recording_detail           integral                                                    32    'd1                                 
    yapp                         yapp_env                                                    -     @3220                               
      tx_agent                   yapp_tx_agent                                               -     @9575                               
        driver                   yapp_tx_driver                                              -     @10271                              
          rsp_port               uvm_analysis_port                                           -     @10422                              
            recording_detail     integral                                                    32    'd1                                 
          seq_item_port          uvm_seq_item_pull_port                                      -     @10373                              
            recording_detail     integral                                                    32    'd1                                 
          num_sent               integral                                                    32    'h0                                 
          recording_detail       integral                                                    32    'd1                                 
        monitor                  yapp_tx_monitor                                             -     @9607                               
          item_collected_port    uvm_analysis_port                                           -     @9657                               
            recording_detail     integral                                                    32    'd1                                 
          num_pkt_col            integral                                                    32    'h0                                 
          recording_detail       integral                                                    32    'd1                                 
        sequencer                yapp_tx_sequencer                                           -     @9687                               
          rsp_export             uvm_analysis_export                                         -     @9744                               
            recording_detail     integral                                                    32    'd1                                 
          seq_item_export        uvm_seq_item_pull_imp                                       -     @10292                              
            recording_detail     integral                                                    32    'd1                                 
          recording_detail       integral                                                    32    'd1                                 
          arbitration_queue      array                                                       0     -                                   
          lock_queue             array                                                       0     -                                   
          num_last_reqs          integral                                                    32    'd1                                 
          num_last_rsps          integral                                                    32    'd1                                 
        is_active                uvm_active_passive_enum                                     1     UVM_ACTIVE                          
        recording_detail         integral                                                    32    'd1                                 
      recording_detail           integral                                                    32    'd1                                 
    yapp_rm                      yapp_registers_vendor_cadence_com_library_flat_version_2_0  -     @4373                               
      router_yapp_regs           yapp_regs_block                                             -     @4439                               
        addr0_cnt_reg            T_addr0_cnt_reg_23                                          -     @4474                               
          addr0_cnt_fld          uvm_reg_field                                               ...    RO addr0_cnt_reg[7:0]=8'h00        
        addr1_cnt_reg            T_addr1_cnt_reg_24                                          -     @4484                               
          addr1_cnt_fld          uvm_reg_field                                               ...    RO addr1_cnt_reg[7:0]=8'h00        
        addr2_cnt_reg            T_addr2_cnt_reg_25                                          -     @4500                               
          addr2_cnt_fld          uvm_reg_field                                               ...    RO addr2_cnt_reg[7:0]=8'h00        
        addr3_cnt_reg            T_addr3_cnt_reg_22                                          -     @4515                               
          addr3_cnt_fld          uvm_reg_field                                               ...    RO addr3_cnt_reg[7:0]=8'h00        
        ctrl_reg                 T_ctrl_reg_18                                               -     @4530                               
          max_pkt_size           uvm_reg_field                                               ...    RW ctrl_reg[5:0]=6'h00             
        en_reg                   T_en_reg_19                                                 -     @4545                               
          router_en              uvm_reg_field                                               ...    RW en_reg[0:0]=1'h0                
          parity_err_cnt_en      uvm_reg_field                                               ...    RW en_reg[1:1]=1'h0                
          oversized_pkt_cnt_en   uvm_reg_field                                               ...    RW en_reg[2:2]=1'h0                
          addr0_cnt_en           uvm_reg_field                                               ...    RW en_reg[4:4]=1'h0                
          addr1_cnt_en           uvm_reg_field                                               ...    RW en_reg[5:5]=1'h0                
          addr2_cnt_en           uvm_reg_field                                               ...    RW en_reg[6:6]=1'h0                
          addr3_cnt_en           uvm_reg_field                                               ...    RW en_reg[7:7]=1'h0                
        mem_size_reg             T_mem_size_reg_26                                           -     @4560                               
          mem_size_fld           uvm_reg_field                                               ...    RO mem_size_reg[7:0]=8'h00         
        oversized_pkt_cnt_reg    T_oversized_pkt_cnt_reg_21                                  -     @4593                               
          oversized_pkt_cnt_fld  uvm_reg_field                                               ...    RO oversized_pkt_cnt_reg[7:0]=8'h00
        parity_err_cnt_reg       T_parity_err_cnt_reg_20                                     -     @4608                               
          parity_err_cnt_fld     uvm_reg_field                                               ...    RO parity_err_cnt_reg[7:0]=8'h00   
      router_yapp_mem            T_yapp_mem_27                                               -     @4396                               
        n_bits                   integral                                                    32    'd8                                 
        size                     integral                                                    32    'd256                               
      router_yapp_pkt_mem        T_yapp_pkt_mem_28                                           -     @4418                               
        n_bits                   integral                                                    32    'd8                                 
        size                     integral                                                    32    'd64                                
    recording_detail             integral                                                    32    'd1                                 
---------------------------------------------------------------------------------------------------------------------------------------

SDI/Verilog Transaction Recording Facility Version 21.03-s015
UVM_INFO @ 0: reporter@@mem_walk_seq [STARTING_SEQ] 

Starting mem_walk_seq sequence...

UVM_INFO ../../channel/sv/channel_rx_seqs.sv(33) @ 0: uvm_test_top.tb.chan2.rx_agent.sequencer@@channel_rx_resp_seq [channel_rx_resp_seq] Executing channel_rx_resp_seq (forever)
UVM_INFO ../../channel/sv/channel_rx_seqs.sv(33) @ 0: uvm_test_top.tb.chan1.rx_agent.sequencer@@channel_rx_resp_seq [channel_rx_resp_seq] Executing channel_rx_resp_seq (forever)
UVM_INFO ../../channel/sv/channel_rx_seqs.sv(33) @ 0: uvm_test_top.tb.chan0.rx_agent.sequencer@@channel_rx_resp_seq [channel_rx_resp_seq] Executing channel_rx_resp_seq (forever)
UVM_INFO ../../clock_and_reset/sv/clock_and_reset_seq.sv(20) @ 0: uvm_test_top.tb.clock_and_reset.agent.sequencer@@clk10_rst5_seq.cr [clock_and_reset_sequence] starting body clock_and_reset_wait_seq
UVM_INFO /mnt/hd2/cadmgr/cadence/installs/XCELIUM2103/tools/methodology/UVM/CDNS-1.1d/sv/src/reg/sequences/uvm_mem_walk_seq.svh(118) @ 0: reporter@@mem_walk_seq.single_mem_walk_seq [uvm_mem_walk_seq] Walking memory yapp_rm.router_yapp_mem in map "yapp_rm.router"...
UVM_INFO ../../hbus/sv/hbus_monitor.sv(109) @ 750: uvm_test_top.tb.hbus.monitor [hbus_monitor] transaction collected :
------------------------------------------------------------
Name                  Type                  Size  Value     
------------------------------------------------------------
tr_collect            hbus_transaction      -     @11437    
  haddr               integral              16    'h1100    
  hdata               integral              8     'hff      
  hwr_rd              hbus_read_write_enum  1     HBUS_WRITE
  wait_between_cycle  integral              32    'h0       
  begin_time          time                  64    650       
  end_time            time                  64    750       
------------------------------------------------------------

UVM_INFO ../../hbus/sv/hbus_monitor.sv(109) @ 950: uvm_test_top.tb.hbus.monitor [hbus_monitor] transaction collected :
------------------------------------------------------------
Name                  Type                  Size  Value     
------------------------------------------------------------
tr_collect            hbus_transaction      -     @11437    
  haddr               integral              16    'h1101    
  hdata               integral              8     'hfe      
  hwr_rd              hbus_read_write_enum  1     HBUS_WRITE
  wait_between_cycle  integral              32    'h0       
  begin_time          time                  64    850       
  end_time            time                  64    950       
------------------------------------------------------------

UVM_INFO ../../hbus/sv/hbus_monitor.sv(109) @ 1250: uvm_test_top.tb.hbus.monitor [hbus_monitor] transaction collected :
-----------------------------------------------------------
Name                  Type                  Size  Value    
-----------------------------------------------------------
tr_collect            hbus_transaction      -     @11437   
  haddr               integral              16    'h1100   
  hdata               integral              8     'hff     
  hwr_rd              hbus_read_write_enum  1     HBUS_READ
  wait_between_cycle  integral              32    'h0      
  begin_time          time                  64    1050     
  end_time            time                  64    1250     
-----------------------------------------------------------

UVM_INFO ../../hbus/sv/hbus_monitor.sv(109) @ 1450: uvm_test_top.tb.hbus.monitor [hbus_monitor] transaction collected :
------------------------------------------------------------
Name                  Type                  Size  Value     
------------------------------------------------------------
tr_collect            hbus_transaction      -     @11437    
  haddr               integral              16    'h1100    
  hdata               integral              8     'h0       
  hwr_rd              hbus_read_write_enum  1     HBUS_WRITE
  wait_between_cycle  integral              32    'h0       
  begin_time          time                  64    1350      
  end_time            time                  64    1450      
------------------------------------------------------------

UVM_INFO ../../hbus/sv/hbus_monitor.sv(109) @ 1650: uvm_test_top.tb.hbus.monitor [hbus_monitor] transaction collected :
------------------------------------------------------------
Name                  Type                  Size  Value     
------------------------------------------------------------
tr_collect            hbus_transaction      -     @11437    
  haddr               integral              16    'h1102    
  hdata               integral              8     'hfd      
  hwr_rd              hbus_read_write_enum  1     HBUS_WRITE
  wait_between_cycle  integral              32    'h0       
  begin_time          time                  64    1550      
  end_time            time                  64    1650      
------------------------------------------------------------

UVM_INFO ../../hbus/sv/hbus_monitor.sv(109) @ 1950: uvm_test_top.tb.hbus.monitor [hbus_monitor] transaction collected :
-----------------------------------------------------------
Name                  Type                  Size  Value    
-----------------------------------------------------------
tr_collect            hbus_transaction      -     @11437   
  haddr               integral              16    'h1101   
  hdata               integral              8     'hfe     
  hwr_rd              hbus_read_write_enum  1     HBUS_READ
  wait_between_cycle  integral              32    'h0      
  begin_time          time                  64    1750     
  end_time            time                  64    1950     
-----------------------------------------------------------

UVM_INFO ../../hbus/sv/hbus_monitor.sv(109) @ 2150: uvm_test_top.tb.hbus.monitor [hbus_monitor] transaction collected :
------------------------------------------------------------
Name                  Type                  Size  Value     
------------------------------------------------------------
tr_collect            hbus_transaction      -     @11437    
  haddr               integral              16    'h1101    
  hdata               integral              8     'h1       
  hwr_rd              hbus_read_write_enum  1     HBUS_WRITE
  wait_between_cycle  integral              32    'h0       
  begin_time          time                  64    2050      
  end_time            time                  64    2150      
------------------------------------------------------------

UVM_INFO ../../hbus/sv/hbus_monitor.sv(109) @ 2350: uvm_test_top.tb.hbus.monitor [hbus_monitor] transaction collected :
------------------------------------------------------------
Name                  Type                  Size  Value     
------------------------------------------------------------
tr_collect            hbus_transaction      -     @11437    
  haddr               integral              16    'h1103    
  hdata               integral              8     'hfc      
  hwr_rd              hbus_read_write_enum  1     HBUS_WRITE
  wait_between_cycle  integral              32    'h0       
  begin_time          time                  64    2250      
  end_time            time                  64    2350      
------------------------------------------------------------

UVM_INFO ../../hbus/sv/hbus_monitor.sv(109) @ 2650: uvm_test_top.tb.hbus.monitor [hbus_monitor] transaction collected :
-----------------------------------------------------------
Name                  Type                  Size  Value    
-----------------------------------------------------------
tr_collect            hbus_transaction      -     @11437   
  haddr               integral              16    'h1102   
  hdata               integral              8     'hfd     
  hwr_rd              hbus_read_write_enum  1     HBUS_READ
  wait_between_cycle  integral              32    'h0      
  begin_time          time                  64    2450     
  end_time            time                  64    2650     
-----------------------------------------------------------

UVM_INFO ../../hbus/sv/hbus_monitor.sv(109) @ 2850: uvm_test_top.tb.hbus.monitor [hbus_monitor] transaction collected :
------------------------------------------------------------
Name                  Type                  Size  Value     
------------------------------------------------------------
tr_collect            hbus_transaction      -     @11437    
  haddr               integral              16    'h1102    
  hdata               integral              8     'h2       
  hwr_rd              hbus_read_write_enum  1     HBUS_WRITE
  wait_between_cycle  integral              32    'h0       
  begin_time          time                  64    2750      
  end_time            time                  64    2850      
------------------------------------------------------------

UVM_INFO ../../hbus/sv/hbus_monitor.sv(109) @ 3050: uvm_test_top.tb.hbus.monitor [hbus_monitor] transaction collected :
------------------------------------------------------------
Name                  Type                  Size  Value     
------------------------------------------------------------
tr_collect            hbus_transaction      -     @11437    
  haddr               integral              16    'h1104    
  hdata               integral              8     'hfb      
  hwr_rd              hbus_read_write_enum  1     HBUS_WRITE
  wait_between_cycle  integral              32    'h0       
  begin_time          time                  64    2950      
  end_time            time                  64    3050      
------------------------------------------------------------

UVM_INFO ../../hbus/sv/hbus_monitor.sv(109) @ 3350: uvm_test_top.tb.hbus.monitor [hbus_monitor] transaction collected :
-----------------------------------------------------------
Name                  Type                  Size  Value    
-----------------------------------------------------------
tr_collect            hbus_transaction      -     @11437   
  haddr               integral              16    'h1103   
  hdata               integral              8     'hfc     
  hwr_rd              hbus_read_write_enum  1     HBUS_READ
  wait_between_cycle  integral              32    'h0      
  begin_time          time                  64    3150     
  end_time            time                  64    3350     
-----------------------------------------------------------

UVM_INFO ../../hbus/sv/hbus_monitor.sv(109) @ 3550: uvm_test_top.tb.hbus.monitor [hbus_monitor] transaction collected :
------------------------------------------------------------
Name                  Type                  Size  Value     
------------------------------------------------------------
tr_collect            hbus_transaction      -     @11437    
  haddr               integral              16    'h1103    
  hdata               integral              8     'h3       
  hwr_rd              hbus_read_write_enum  1     HBUS_WRITE
  wait_between_cycle  integral              32    'h0       
  begin_time          time                  64    3450      
  end_time            time                  64    3550      
------------------------------------------------------------

UVM_INFO ../../hbus/sv/hbus_monitor.sv(109) @ 3750: uvm_test_top.tb.hbus.monitor [hbus_monitor] transaction collected :
------------------------------------------------------------
Name                  Type                  Size  Value     
------------------------------------------------------------
tr_collect            hbus_transaction      -     @11437    
  haddr               integral              16    'h1105    
  hdata               integral              8     'hfa      
  hwr_rd              hbus_read_write_enum  1     HBUS_WRITE
  wait_between_cycle  integral              32    'h0       
  begin_time          time                  64    3650      
  end_time            time                  64    3750      
------------------------------------------------------------

UVM_INFO ../../hbus/sv/hbus_monitor.sv(109) @ 4050: uvm_test_top.tb.hbus.monitor [hbus_monitor] transaction collected :
-----------------------------------------------------------
Name                  Type                  Size  Value    
-----------------------------------------------------------
tr_collect            hbus_transaction      -     @11437   
  haddr               integral              16    'h1104   
  hdata               integral              8     'hfb     
  hwr_rd              hbus_read_write_enum  1     HBUS_READ
  wait_between_cycle  integral              32    'h0      
  begin_time          time                  64    3850     
  end_time            time                  64    4050     
-----------------------------------------------------------

UVM_INFO ../../hbus/sv/hbus_monitor.sv(109) @ 4250: uvm_test_top.tb.hbus.monitor [hbus_monitor] transaction collected :
------------------------------------------------------------
Name                  Type                  Size  Value     
------------------------------------------------------------
tr_collect            hbus_transaction      -     @11437    
  haddr               integral              16    'h1104    
  hdata               integral              8     'h4       
  hwr_rd              hbus_read_write_enum  1     HBUS_WRITE
  wait_between_cycle  integral              32    'h0       
  begin_time          time                  64    4150      
  end_time            time                  64    4250      
------------------------------------------------------------

UVM_INFO ../../hbus/sv/hbus_monitor.sv(109) @ 4450: uvm_test_top.tb.hbus.monitor [hbus_monitor] transaction collected :
------------------------------------------------------------
Name                  Type                  Size  Value     
------------------------------------------------------------
tr_collect            hbus_transaction      -     @11437    
  haddr               integral              16    'h1106    
  hdata               integral              8     'hf9      
  hwr_rd              hbus_read_write_enum  1     HBUS_WRITE
  wait_between_cycle  integral              32    'h0       
  begin_time          time                  64    4350      
  end_time            time                  64    4450      
------------------------------------------------------------

UVM_INFO ../../hbus/sv/hbus_monitor.sv(109) @ 4750: uvm_test_top.tb.hbus.monitor [hbus_monitor] transaction collected :
-----------------------------------------------------------
Name                  Type                  Size  Value    
-----------------------------------------------------------
tr_collect            hbus_transaction      -     @11437   
  haddr               integral              16    'h1105   
  hdata               integral              8     'hfa     
  hwr_rd              hbus_read_write_enum  1     HBUS_READ
  wait_between_cycle  integral              32    'h0      
  begin_time          time                  64    4550     
  end_time            time                  64    4750     
-----------------------------------------------------------

UVM_INFO ../../hbus/sv/hbus_monitor.sv(109) @ 4950: uvm_test_top.tb.hbus.monitor [hbus_monitor] transaction collected :
------------------------------------------------------------
Name                  Type                  Size  Value     
------------------------------------------------------------
tr_collect            hbus_transaction      -     @11437    
  haddr               integral              16    'h1105    
  hdata               integral              8     'h5       
  hwr_rd              hbus_read_write_enum  1     HBUS_WRITE
  wait_between_cycle  integral              32    'h0       
  begin_time          time                  64    4850      
  end_time            time                  64    4950      
------------------------------------------------------------

UVM_INFO ../../hbus/sv/hbus_monitor.sv(109) @ 5150: uvm_test_top.tb.hbus.monitor [hbus_monitor] transaction collected :
------------------------------------------------------------
Name                  Type                  Size  Value     
------------------------------------------------------------
tr_collect            hbus_transaction      -     @11437    
  haddr               integral              16    'h1107    
  hdata               integral              8     'hf8      
  hwr_rd              hbus_read_write_enum  1     HBUS_WRITE
  wait_between_cycle  integral              32    'h0       
  begin_time          time                  64    5050      
  end_time            time                  64    5150      
------------------------------------------------------------

UVM_INFO ../../hbus/sv/hbus_monitor.sv(109) @ 5450: uvm_test_top.tb.hbus.monitor [hbus_monitor] transaction collected :
-----------------------------------------------------------
Name                  Type                  Size  Value    
-----------------------------------------------------------
tr_collect            hbus_transaction      -     @11437   
  haddr               integral              16    'h1106   
  hdata               integral              8     'hf9     
  hwr_rd              hbus_read_write_enum  1     HBUS_READ
  wait_between_cycle  integral              32    'h0      
  begin_time          time                  64    5250     
  end_time            time                  64    5450     
-----------------------------------------------------------

UVM_INFO ../../hbus/sv/hbus_monitor.sv(109) @ 5650: uvm_test_top.tb.hbus.monitor [hbus_monitor] transaction collected :
------------------------------------------------------------
Name                  Type                  Size  Value     
------------------------------------------------------------
tr_collect            hbus_transaction      -     @11437    
  haddr               integral              16    'h1106    
  hdata               integral              8     'h6       
  hwr_rd              hbus_read_write_enum  1     HBUS_WRITE
  wait_between_cycle  integral              32    'h0       
  begin_time          time                  64    5550      
  end_time            time                  64    5650      
------------------------------------------------------------

UVM_INFO ../../hbus/sv/hbus_monitor.sv(109) @ 5850: uvm_test_top.tb.hbus.monitor [hbus_monitor] transaction collected :
------------------------------------------------------------
Name                  Type                  Size  Value     
------------------------------------------------------------
tr_collect            hbus_transaction      -     @11437    
  haddr               integral              16    'h1108    
  hdata               integral              8     'hf7      
  hwr_rd              hbus_read_write_enum  1     HBUS_WRITE
  wait_between_cycle  integral              32    'h0       
  begin_time          time                  64    5750      
  end_time            time                  64    5850      
------------------------------------------------------------

UVM_INFO ../../hbus/sv/hbus_monitor.sv(109) @ 6150: uvm_test_top.tb.hbus.monitor [hbus_monitor] transaction collected :
-----------------------------------------------------------
Name                  Type                  Size  Value    
-----------------------------------------------------------
tr_collect            hbus_transaction      -     @11437   
  haddr               integral              16    'h1107   
  hdata               integral              8     'hf8     
  hwr_rd              hbus_read_write_enum  1     HBUS_READ
  wait_between_cycle  integral              32    'h0      
  begin_time          time                  64    5950     
  end_time            time                  64    6150     
-----------------------------------------------------------

UVM_INFO ../../hbus/sv/hbus_monitor.sv(109) @ 6350: uvm_test_top.tb.hbus.monitor [hbus_monitor] transaction collected :
------------------------------------------------------------
Name                  Type                  Size  Value     
------------------------------------------------------------
tr_collect            hbus_transaction      -     @11437    
  haddr               integral              16    'h1107    
  hdata               integral              8     'h7       
  hwr_rd              hbus_read_write_enum  1     HBUS_WRITE
  wait_between_cycle  integral              32    'h0       
  begin_time          time                  64    6250      
  end_time            time                  64    6350      
------------------------------------------------------------

UVM_INFO ../../hbus/sv/hbus_monitor.sv(109) @ 6550: uvm_test_top.tb.hbus.monitor [hbus_monitor] transaction collected :
------------------------------------------------------------
Name                  Type                  Size  Value     
------------------------------------------------------------
tr_collect            hbus_transaction      -     @11437    
  haddr               integral              16    'h1109    
  hdata               integral              8     'hf6      
  hwr_rd              hbus_read_write_enum  1     HBUS_WRITE
  wait_between_cycle  integral              32    'h0       
  begin_time          time                  64    6450      
  end_time            time                  64    6550      
------------------------------------------------------------

UVM_INFO ../../hbus/sv/hbus_monitor.sv(109) @ 6850: uvm_test_top.tb.hbus.monitor [hbus_monitor] transaction collected :
-----------------------------------------------------------
Name                  Type                  Size  Value    
-----------------------------------------------------------
tr_collect            hbus_transaction      -     @11437   
  haddr               integral              16    'h1108   
  hdata               integral              8     'hf7     
  hwr_rd              hbus_read_write_enum  1     HBUS_READ
  wait_between_cycle  integral              32    'h0      
  begin_time          time                  64    6650     
  end_time            time                  64    6850     
-----------------------------------------------------------

UVM_INFO ../../hbus/sv/hbus_monitor.sv(109) @ 7050: uvm_test_top.tb.hbus.monitor [hbus_monitor] transaction collected :
------------------------------------------------------------
Name                  Type                  Size  Value     
------------------------------------------------------------
tr_collect            hbus_transaction      -     @11437    
  haddr               integral              16    'h1108    
  hdata               integral              8     'h8       
  hwr_rd              hbus_read_write_enum  1     HBUS_WRITE
  wait_between_cycle  integral              32    'h0       
  begin_time          time                  64    6950      
  end_time            time                  64    7050      
------------------------------------------------------------

UVM_INFO ../../hbus/sv/hbus_monitor.sv(109) @ 7250: uvm_test_top.tb.hbus.monitor [hbus_monitor] transaction collected :
------------------------------------------------------------
Name                  Type                  Size  Value     
------------------------------------------------------------
tr_collect            hbus_transaction      -     @11437    
  haddr               integral              16    'h110a    
  hdata               integral              8     'hf5      
  hwr_rd              hbus_read_write_enum  1     HBUS_WRITE
  wait_between_cycle  integral              32    'h0       
  begin_time          time                  64    7150      
  end_time            time                  64    7250      
------------------------------------------------------------

UVM_INFO ../../hbus/sv/hbus_monitor.sv(109) @ 7550: uvm_test_top.tb.hbus.monitor [hbus_monitor] transaction collected :
-----------------------------------------------------------
Name                  Type                  Size  Value    
-----------------------------------------------------------
tr_collect            hbus_transaction      -     @11437   
  haddr               integral              16    'h1109   
  hdata               integral              8     'hf6     
  hwr_rd              hbus_read_write_enum  1     HBUS_READ
  wait_between_cycle  integral              32    'h0      
  begin_time          time                  64    7350     
  end_time            time                  64    7550     
-----------------------------------------------------------

UVM_INFO ../../hbus/sv/hbus_monitor.sv(109) @ 7750: uvm_test_top.tb.hbus.monitor [hbus_monitor] transaction collected :
------------------------------------------------------------
Name                  Type                  Size  Value     
------------------------------------------------------------
tr_collect            hbus_transaction      -     @11437    
  haddr               integral              16    'h1109    
  hdata               integral              8     'h9       
  hwr_rd              hbus_read_write_enum  1     HBUS_WRITE
  wait_between_cycle  integral              32    'h0       
  begin_time          time                  64    7650      
  end_time            time                  64    7750      
------------------------------------------------------------

UVM_INFO ../../hbus/sv/hbus_monitor.sv(109) @ 7950: uvm_test_top.tb.hbus.monitor [hbus_monitor] transaction collected :
------------------------------------------------------------
Name                  Type                  Size  Value     
------------------------------------------------------------
tr_collect            hbus_transaction      -     @11437    
  haddr               integral              16    'h110b    
  hdata               integral              8     'hf4      
  hwr_rd              hbus_read_write_enum  1     HBUS_WRITE
  wait_between_cycle  integral              32    'h0       
  begin_time          time                  64    7850      
  end_time            time                  64    7950      
------------------------------------------------------------

UVM_INFO ../../hbus/sv/hbus_monitor.sv(109) @ 8250: uvm_test_top.tb.hbus.monitor [hbus_monitor] transaction collected :
-----------------------------------------------------------
Name                  Type                  Size  Value    
-----------------------------------------------------------
tr_collect            hbus_transaction      -     @11437   
  haddr               integral              16    'h110a   
  hdata               integral              8     'hf5     
  hwr_rd              hbus_read_write_enum  1     HBUS_READ
  wait_between_cycle  integral              32    'h0      
  begin_time          time                  64    8050     
  end_time            time                  64    8250     
-----------------------------------------------------------

UVM_INFO ../../hbus/sv/hbus_monitor.sv(109) @ 8450: uvm_test_top.tb.hbus.monitor [hbus_monitor] transaction collected :
------------------------------------------------------------
Name                  Type                  Size  Value     
------------------------------------------------------------
tr_collect            hbus_transaction      -     @11437    
  haddr               integral              16    'h110a    
  hdata               integral              8     'ha       
  hwr_rd              hbus_read_write_enum  1     HBUS_WRITE
  wait_between_cycle  integral              32    'h0       
  begin_time          time                  64    8350      
  end_time            time                  64    8450      
------------------------------------------------------------

UVM_INFO ../../hbus/sv/hbus_monitor.sv(109) @ 8650: uvm_test_top.tb.hbus.monitor [hbus_monitor] transaction collected :
------------------------------------------------------------
Name                  Type                  Size  Value     
------------------------------------------------------------
tr_collect            hbus_transaction      -     @11437    
  haddr               integral              16    'h110c    
  hdata               integral              8     'hf3      
  hwr_rd              hbus_read_write_enum  1     HBUS_WRITE
  wait_between_cycle  integral              32    'h0       
  begin_time          time                  64    8550      
  end_time            time                  64    8650      
------------------------------------------------------------

UVM_INFO ../../hbus/sv/hbus_monitor.sv(109) @ 8950: uvm_test_top.tb.hbus.monitor [hbus_monitor] transaction collected :
-----------------------------------------------------------
Name                  Type                  Size  Value    
-----------------------------------------------------------
tr_collect            hbus_transaction      -     @11437   
  haddr               integral              16    'h110b   
  hdata               integral              8     'hf4     
  hwr_rd              hbus_read_write_enum  1     HBUS_READ
  wait_between_cycle  integral              32    'h0      
  begin_time          time                  64    8750     
  end_time            time                  64    8950     
-----------------------------------------------------------

UVM_INFO ../../hbus/sv/hbus_monitor.sv(109) @ 9150: uvm_test_top.tb.hbus.monitor [hbus_monitor] transaction collected :
------------------------------------------------------------
Name                  Type                  Size  Value     
------------------------------------------------------------
tr_collect            hbus_transaction      -     @11437    
  haddr               integral              16    'h110b    
  hdata               integral              8     'hb       
  hwr_rd              hbus_read_write_enum  1     HBUS_WRITE
  wait_between_cycle  integral              32    'h0       
  begin_time          time                  64    9050      
  end_time            time                  64    9150      
------------------------------------------------------------

UVM_INFO ../../hbus/sv/hbus_monitor.sv(109) @ 9350: uvm_test_top.tb.hbus.monitor [hbus_monitor] transaction collected :
------------------------------------------------------------
Name                  Type                  Size  Value     
------------------------------------------------------------
tr_collect            hbus_transaction      -     @11437    
  haddr               integral              16    'h110d    
  hdata               integral              8     'hf2      
  hwr_rd              hbus_read_write_enum  1     HBUS_WRITE
  wait_between_cycle  integral              32    'h0       
  begin_time          time                  64    9250      
  end_time            time                  64    9350      
------------------------------------------------------------

UVM_INFO ../../hbus/sv/hbus_monitor.sv(109) @ 9650: uvm_test_top.tb.hbus.monitor [hbus_monitor] transaction collected :
-----------------------------------------------------------
Name                  Type                  Size  Value    
-----------------------------------------------------------
tr_collect            hbus_transaction      -     @11437   
  haddr               integral              16    'h110c   
  hdata               integral              8     'hf3     
  hwr_rd              hbus_read_write_enum  1     HBUS_READ
  wait_between_cycle  integral              32    'h0      
  begin_time          time                  64    9450     
  end_time            time                  64    9650     
-----------------------------------------------------------

UVM_INFO ../../hbus/sv/hbus_monitor.sv(109) @ 9850: uvm_test_top.tb.hbus.monitor [hbus_monitor] transaction collected :
------------------------------------------------------------
Name                  Type                  Size  Value     
------------------------------------------------------------
tr_collect            hbus_transaction      -     @11437    
  haddr               integral              16    'h110c    
  hdata               integral              8     'hc       
  hwr_rd              hbus_read_write_enum  1     HBUS_WRITE
  wait_between_cycle  integral              32    'h0       
  begin_time          time                  64    9750      
  end_time            time                  64    9850      
------------------------------------------------------------

UVM_INFO ../../hbus/sv/hbus_monitor.sv(109) @ 10050: uvm_test_top.tb.hbus.monitor [hbus_monitor] transaction collected :
------------------------------------------------------------
Name                  Type                  Size  Value     
------------------------------------------------------------
tr_collect            hbus_transaction      -     @11437    
  haddr               integral              16    'h110e    
  hdata               integral              8     'hf1      
  hwr_rd              hbus_read_write_enum  1     HBUS_WRITE
  wait_between_cycle  integral              32    'h0       
  begin_time          time                  64    9950      
  end_time            time                  64    10050     
------------------------------------------------------------

UVM_INFO ../../hbus/sv/hbus_monitor.sv(109) @ 10350: uvm_test_top.tb.hbus.monitor [hbus_monitor] transaction collected :
-----------------------------------------------------------
Name                  Type                  Size  Value    
-----------------------------------------------------------
tr_collect            hbus_transaction      -     @11437   
  haddr               integral              16    'h110d   
  hdata               integral              8     'hf2     
  hwr_rd              hbus_read_write_enum  1     HBUS_READ
  wait_between_cycle  integral              32    'h0      
  begin_time          time                  64    10150    
  end_time            time                  64    10350    
-----------------------------------------------------------

UVM_INFO ../../hbus/sv/hbus_monitor.sv(109) @ 10550: uvm_test_top.tb.hbus.monitor [hbus_monitor] transaction collected :
------------------------------------------------------------
Name                  Type                  Size  Value     
------------------------------------------------------------
tr_collect            hbus_transaction      -     @11437    
  haddr               integral              16    'h110d    
  hdata               integral              8     'hd       
  hwr_rd              hbus_read_write_enum  1     HBUS_WRITE
  wait_between_cycle  integral              32    'h0       
  begin_time          time                  64    10450     
  end_time            time                  64    10550     
------------------------------------------------------------

UVM_INFO ../../hbus/sv/hbus_monitor.sv(109) @ 10750: uvm_test_top.tb.hbus.monitor [hbus_monitor] transaction collected :
------------------------------------------------------------
Name                  Type                  Size  Value     
------------------------------------------------------------
tr_collect            hbus_transaction      -     @11437    
  haddr               integral              16    'h110f    
  hdata               integral              8     'hf0      
  hwr_rd              hbus_read_write_enum  1     HBUS_WRITE
  wait_between_cycle  integral              32    'h0       
  begin_time          time                  64    10650     
  end_time            time                  64    10750     
------------------------------------------------------------

UVM_INFO ../../hbus/sv/hbus_monitor.sv(109) @ 11050: uvm_test_top.tb.hbus.monitor [hbus_monitor] transaction collected :
-----------------------------------------------------------
Name                  Type                  Size  Value    
-----------------------------------------------------------
tr_collect            hbus_transaction      -     @11437   
  haddr               integral              16    'h110e   
  hdata               integral              8     'hf1     
  hwr_rd              hbus_read_write_enum  1     HBUS_READ
  wait_between_cycle  integral              32    'h0      
  begin_time          time                  64    10850    
  end_time            time                  64    11050    
-----------------------------------------------------------

UVM_INFO ../../hbus/sv/hbus_monitor.sv(109) @ 11250: uvm_test_top.tb.hbus.monitor [hbus_monitor] transaction collected :
------------------------------------------------------------
Name                  Type                  Size  Value     
------------------------------------------------------------
tr_collect            hbus_transaction      -     @11437    
  haddr               integral              16    'h110e    
  hdata               integral              8     'he       
  hwr_rd              hbus_read_write_enum  1     HBUS_WRITE
  wait_between_cycle  integral              32    'h0       
  begin_time          time                  64    11150     
  end_time            time                  64    11250     
------------------------------------------------------------

UVM_INFO ../../hbus/sv/hbus_monitor.sv(109) @ 11450: uvm_test_top.tb.hbus.monitor [hbus_monitor] transaction collected :
------------------------------------------------------------
Name                  Type                  Size  Value     
------------------------------------------------------------
tr_collect            hbus_transaction      -     @11437    
  haddr               integral              16    'h1110    
  hdata               integral              8     'hef      
  hwr_rd              hbus_read_write_enum  1     HBUS_WRITE
  wait_between_cycle  integral              32    'h0       
  begin_time          time                  64    11350     
  end_time            time                  64    11450     
------------------------------------------------------------

UVM_ERROR /mnt/hd2/cadmgr/cadence/installs/XCELIUM2103/tools/methodology/UVM/CDNS-1.1d/sv/src/reg/sequences/uvm_mem_walk_seq.svh(144) @ 11700: reporter@@mem_walk_seq.single_mem_walk_seq [uvm_mem_walk_seq] "yapp_rm.router_yapp_mem[16-1]" read back as 'h000000000000000f instead of 'h00000000000000f0.
UVM_INFO ../../hbus/sv/hbus_monitor.sv(109) @ 11750: uvm_test_top.tb.hbus.monitor [hbus_monitor] transaction collected :
-----------------------------------------------------------
Name                  Type                  Size  Value    
-----------------------------------------------------------
tr_collect            hbus_transaction      -     @11437   
  haddr               integral              16    'h110f   
  hdata               integral              8     'hf      
  hwr_rd              hbus_read_write_enum  1     HBUS_READ
  wait_between_cycle  integral              32    'h0      
  begin_time          time                  64    11550    
  end_time            time                  64    11750    
-----------------------------------------------------------

UVM_INFO ../../hbus/sv/hbus_monitor.sv(109) @ 11950: uvm_test_top.tb.hbus.monitor [hbus_monitor] transaction collected :
------------------------------------------------------------
Name                  Type                  Size  Value     
------------------------------------------------------------
tr_collect            hbus_transaction      -     @11437    
  haddr               integral              16    'h110f    
  hdata               integral              8     'hf       
  hwr_rd              hbus_read_write_enum  1     HBUS_WRITE
  wait_between_cycle  integral              32    'h0       
  begin_time          time                  64    11850     
  end_time            time                  64    11950     
------------------------------------------------------------

UVM_INFO ../../hbus/sv/hbus_monitor.sv(109) @ 12150: uvm_test_top.tb.hbus.monitor [hbus_monitor] transaction collected :
------------------------------------------------------------
Name                  Type                  Size  Value     
------------------------------------------------------------
tr_collect            hbus_transaction      -     @11437    
  haddr               integral              16    'h1111    
  hdata               integral              8     'hee      
  hwr_rd              hbus_read_write_enum  1     HBUS_WRITE
  wait_between_cycle  integral              32    'h0       
  begin_time          time                  64    12050     
  end_time            time                  64    12150     
------------------------------------------------------------

UVM_INFO ../../hbus/sv/hbus_monitor.sv(109) @ 12450: uvm_test_top.tb.hbus.monitor [hbus_monitor] transaction collected :
-----------------------------------------------------------
Name                  Type                  Size  Value    
-----------------------------------------------------------
tr_collect            hbus_transaction      -     @11437   
  haddr               integral              16    'h1110   
  hdata               integral              8     'hef     
  hwr_rd              hbus_read_write_enum  1     HBUS_READ
  wait_between_cycle  integral              32    'h0      
  begin_time          time                  64    12250    
  end_time            time                  64    12450    
-----------------------------------------------------------

UVM_INFO ../../hbus/sv/hbus_monitor.sv(109) @ 12650: uvm_test_top.tb.hbus.monitor [hbus_monitor] transaction collected :
------------------------------------------------------------
Name                  Type                  Size  Value     
------------------------------------------------------------
tr_collect            hbus_transaction      -     @11437    
  haddr               integral              16    'h1110    
  hdata               integral              8     'h10      
  hwr_rd              hbus_read_write_enum  1     HBUS_WRITE
  wait_between_cycle  integral              32    'h0       
  begin_time          time                  64    12550     
  end_time            time                  64    12650     
------------------------------------------------------------

UVM_INFO ../../hbus/sv/hbus_monitor.sv(109) @ 12850: uvm_test_top.tb.hbus.monitor [hbus_monitor] transaction collected :
------------------------------------------------------------
Name                  Type                  Size  Value     
------------------------------------------------------------
tr_collect            hbus_transaction      -     @11437    
  haddr               integral              16    'h1112    
  hdata               integral              8     'hed      
  hwr_rd              hbus_read_write_enum  1     HBUS_WRITE
  wait_between_cycle  integral              32    'h0       
  begin_time          time                  64    12750     
  end_time            time                  64    12850     
------------------------------------------------------------

UVM_INFO ../../hbus/sv/hbus_monitor.sv(109) @ 13150: uvm_test_top.tb.hbus.monitor [hbus_monitor] transaction collected :
-----------------------------------------------------------
Name                  Type                  Size  Value    
-----------------------------------------------------------
tr_collect            hbus_transaction      -     @11437   
  haddr               integral              16    'h1111   
  hdata               integral              8     'hee     
  hwr_rd              hbus_read_write_enum  1     HBUS_READ
  wait_between_cycle  integral              32    'h0      
  begin_time          time                  64    12950    
  end_time            time                  64    13150    
-----------------------------------------------------------

UVM_INFO ../../hbus/sv/hbus_monitor.sv(109) @ 13350: uvm_test_top.tb.hbus.monitor [hbus_monitor] transaction collected :
------------------------------------------------------------
Name                  Type                  Size  Value     
------------------------------------------------------------
tr_collect            hbus_transaction      -     @11437    
  haddr               integral              16    'h1111    
  hdata               integral              8     'h11      
  hwr_rd              hbus_read_write_enum  1     HBUS_WRITE
  wait_between_cycle  integral              32    'h0       
  begin_time          time                  64    13250     
  end_time            time                  64    13350     
------------------------------------------------------------

UVM_INFO ../../hbus/sv/hbus_monitor.sv(109) @ 13550: uvm_test_top.tb.hbus.monitor [hbus_monitor] transaction collected :
------------------------------------------------------------
Name                  Type                  Size  Value     
------------------------------------------------------------
tr_collect            hbus_transaction      -     @11437    
  haddr               integral              16    'h1113    
  hdata               integral              8     'hec      
  hwr_rd              hbus_read_write_enum  1     HBUS_WRITE
  wait_between_cycle  integral              32    'h0       
  begin_time          time                  64    13450     
  end_time            time                  64    13550     
------------------------------------------------------------

UVM_INFO ../../hbus/sv/hbus_monitor.sv(109) @ 13850: uvm_test_top.tb.hbus.monitor [hbus_monitor] transaction collected :
-----------------------------------------------------------
Name                  Type                  Size  Value    
-----------------------------------------------------------
tr_collect            hbus_transaction      -     @11437   
  haddr               integral              16    'h1112   
  hdata               integral              8     'hed     
  hwr_rd              hbus_read_write_enum  1     HBUS_READ
  wait_between_cycle  integral              32    'h0      
  begin_time          time                  64    13650    
  end_time            time                  64    13850    
-----------------------------------------------------------

UVM_INFO ../../hbus/sv/hbus_monitor.sv(109) @ 14050: uvm_test_top.tb.hbus.monitor [hbus_monitor] transaction collected :
------------------------------------------------------------
Name                  Type                  Size  Value     
------------------------------------------------------------
tr_collect            hbus_transaction      -     @11437    
  haddr               integral              16    'h1112    
  hdata               integral              8     'h12      
  hwr_rd              hbus_read_write_enum  1     HBUS_WRITE
  wait_between_cycle  integral              32    'h0       
  begin_time          time                  64    13950     
  end_time            time                  64    14050     
------------------------------------------------------------

UVM_INFO ../../hbus/sv/hbus_monitor.sv(109) @ 14250: uvm_test_top.tb.hbus.monitor [hbus_monitor] transaction collected :
------------------------------------------------------------
Name                  Type                  Size  Value     
------------------------------------------------------------
tr_collect            hbus_transaction      -     @11437    
  haddr               integral              16    'h1114    
  hdata               integral              8     'heb      
  hwr_rd              hbus_read_write_enum  1     HBUS_WRITE
  wait_between_cycle  integral              32    'h0       
  begin_time          time                  64    14150     
  end_time            time                  64    14250     
------------------------------------------------------------

UVM_INFO ../../hbus/sv/hbus_monitor.sv(109) @ 14550: uvm_test_top.tb.hbus.monitor [hbus_monitor] transaction collected :
-----------------------------------------------------------
Name                  Type                  Size  Value    
-----------------------------------------------------------
tr_collect            hbus_transaction      -     @11437   
  haddr               integral              16    'h1113   
  hdata               integral              8     'hec     
  hwr_rd              hbus_read_write_enum  1     HBUS_READ
  wait_between_cycle  integral              32    'h0      
  begin_time          time                  64    14350    
  end_time            time                  64    14550    
-----------------------------------------------------------

UVM_INFO ../../hbus/sv/hbus_monitor.sv(109) @ 14750: uvm_test_top.tb.hbus.monitor [hbus_monitor] transaction collected :
------------------------------------------------------------
Name                  Type                  Size  Value     
------------------------------------------------------------
tr_collect            hbus_transaction      -     @11437    
  haddr               integral              16    'h1113    
  hdata               integral              8     'h13      
  hwr_rd              hbus_read_write_enum  1     HBUS_WRITE
  wait_between_cycle  integral              32    'h0       
  begin_time          time                  64    14650     
  end_time            time                  64    14750     
------------------------------------------------------------

UVM_INFO ../../hbus/sv/hbus_monitor.sv(109) @ 14950: uvm_test_top.tb.hbus.monitor [hbus_monitor] transaction collected :
------------------------------------------------------------
Name                  Type                  Size  Value     
------------------------------------------------------------
tr_collect            hbus_transaction      -     @11437    
  haddr               integral              16    'h1115    
  hdata               integral              8     'hea      
  hwr_rd              hbus_read_write_enum  1     HBUS_WRITE
  wait_between_cycle  integral              32    'h0       
  begin_time          time                  64    14850     
  end_time            time                  64    14950     
------------------------------------------------------------

UVM_INFO ../../hbus/sv/hbus_monitor.sv(109) @ 15250: uvm_test_top.tb.hbus.monitor [hbus_monitor] transaction collected :
-----------------------------------------------------------
Name                  Type                  Size  Value    
-----------------------------------------------------------
tr_collect            hbus_transaction      -     @11437   
  haddr               integral              16    'h1114   
  hdata               integral              8     'heb     
  hwr_rd              hbus_read_write_enum  1     HBUS_READ
  wait_between_cycle  integral              32    'h0      
  begin_time          time                  64    15050    
  end_time            time                  64    15250    
-----------------------------------------------------------

UVM_INFO ../../hbus/sv/hbus_monitor.sv(109) @ 15450: uvm_test_top.tb.hbus.monitor [hbus_monitor] transaction collected :
------------------------------------------------------------
Name                  Type                  Size  Value     
------------------------------------------------------------
tr_collect            hbus_transaction      -     @11437    
  haddr               integral              16    'h1114    
  hdata               integral              8     'h14      
  hwr_rd              hbus_read_write_enum  1     HBUS_WRITE
  wait_between_cycle  integral              32    'h0       
  begin_time          time                  64    15350     
  end_time            time                  64    15450     
------------------------------------------------------------

UVM_INFO ../../hbus/sv/hbus_monitor.sv(109) @ 15650: uvm_test_top.tb.hbus.monitor [hbus_monitor] transaction collected :
------------------------------------------------------------
Name                  Type                  Size  Value     
------------------------------------------------------------
tr_collect            hbus_transaction      -     @11437    
  haddr               integral              16    'h1116    
  hdata               integral              8     'he9      
  hwr_rd              hbus_read_write_enum  1     HBUS_WRITE
  wait_between_cycle  integral              32    'h0       
  begin_time          time                  64    15550     
  end_time            time                  64    15650     
------------------------------------------------------------

UVM_INFO ../../hbus/sv/hbus_monitor.sv(109) @ 15950: uvm_test_top.tb.hbus.monitor [hbus_monitor] transaction collected :
-----------------------------------------------------------
Name                  Type                  Size  Value    
-----------------------------------------------------------
tr_collect            hbus_transaction      -     @11437   
  haddr               integral              16    'h1115   
  hdata               integral              8     'hea     
  hwr_rd              hbus_read_write_enum  1     HBUS_READ
  wait_between_cycle  integral              32    'h0      
  begin_time          time                  64    15750    
  end_time            time                  64    15950    
-----------------------------------------------------------

UVM_INFO ../../hbus/sv/hbus_monitor.sv(109) @ 16150: uvm_test_top.tb.hbus.monitor [hbus_monitor] transaction collected :
------------------------------------------------------------
Name                  Type                  Size  Value     
------------------------------------------------------------
tr_collect            hbus_transaction      -     @11437    
  haddr               integral              16    'h1115    
  hdata               integral              8     'h15      
  hwr_rd              hbus_read_write_enum  1     HBUS_WRITE
  wait_between_cycle  integral              32    'h0       
  begin_time          time                  64    16050     
  end_time            time                  64    16150     
------------------------------------------------------------

UVM_INFO ../../hbus/sv/hbus_monitor.sv(109) @ 16350: uvm_test_top.tb.hbus.monitor [hbus_monitor] transaction collected :
------------------------------------------------------------
Name                  Type                  Size  Value     
------------------------------------------------------------
tr_collect            hbus_transaction      -     @11437    
  haddr               integral              16    'h1117    
  hdata               integral              8     'he8      
  hwr_rd              hbus_read_write_enum  1     HBUS_WRITE
  wait_between_cycle  integral              32    'h0       
  begin_time          time                  64    16250     
  end_time            time                  64    16350     
------------------------------------------------------------

UVM_INFO ../../hbus/sv/hbus_monitor.sv(109) @ 16650: uvm_test_top.tb.hbus.monitor [hbus_monitor] transaction collected :
-----------------------------------------------------------
Name                  Type                  Size  Value    
-----------------------------------------------------------
tr_collect            hbus_transaction      -     @11437   
  haddr               integral              16    'h1116   
  hdata               integral              8     'he9     
  hwr_rd              hbus_read_write_enum  1     HBUS_READ
  wait_between_cycle  integral              32    'h0      
  begin_time          time                  64    16450    
  end_time            time                  64    16650    
-----------------------------------------------------------

UVM_INFO ../../hbus/sv/hbus_monitor.sv(109) @ 16850: uvm_test_top.tb.hbus.monitor [hbus_monitor] transaction collected :
------------------------------------------------------------
Name                  Type                  Size  Value     
------------------------------------------------------------
tr_collect            hbus_transaction      -     @11437    
  haddr               integral              16    'h1116    
  hdata               integral              8     'h16      
  hwr_rd              hbus_read_write_enum  1     HBUS_WRITE
  wait_between_cycle  integral              32    'h0       
  begin_time          time                  64    16750     
  end_time            time                  64    16850     
------------------------------------------------------------

UVM_INFO ../../hbus/sv/hbus_monitor.sv(109) @ 17050: uvm_test_top.tb.hbus.monitor [hbus_monitor] transaction collected :
------------------------------------------------------------
Name                  Type                  Size  Value     
------------------------------------------------------------
tr_collect            hbus_transaction      -     @11437    
  haddr               integral              16    'h1118    
  hdata               integral              8     'he7      
  hwr_rd              hbus_read_write_enum  1     HBUS_WRITE
  wait_between_cycle  integral              32    'h0       
  begin_time          time                  64    16950     
  end_time            time                  64    17050     
------------------------------------------------------------

UVM_INFO ../../hbus/sv/hbus_monitor.sv(109) @ 17350: uvm_test_top.tb.hbus.monitor [hbus_monitor] transaction collected :
-----------------------------------------------------------
Name                  Type                  Size  Value    
-----------------------------------------------------------
tr_collect            hbus_transaction      -     @11437   
  haddr               integral              16    'h1117   
  hdata               integral              8     'he8     
  hwr_rd              hbus_read_write_enum  1     HBUS_READ
  wait_between_cycle  integral              32    'h0      
  begin_time          time                  64    17150    
  end_time            time                  64    17350    
-----------------------------------------------------------

UVM_INFO ../../hbus/sv/hbus_monitor.sv(109) @ 17550: uvm_test_top.tb.hbus.monitor [hbus_monitor] transaction collected :
------------------------------------------------------------
Name                  Type                  Size  Value     
------------------------------------------------------------
tr_collect            hbus_transaction      -     @11437    
  haddr               integral              16    'h1117    
  hdata               integral              8     'h17      
  hwr_rd              hbus_read_write_enum  1     HBUS_WRITE
  wait_between_cycle  integral              32    'h0       
  begin_time          time                  64    17450     
  end_time            time                  64    17550     
------------------------------------------------------------

UVM_INFO ../../hbus/sv/hbus_monitor.sv(109) @ 17750: uvm_test_top.tb.hbus.monitor [hbus_monitor] transaction collected :
------------------------------------------------------------
Name                  Type                  Size  Value     
------------------------------------------------------------
tr_collect            hbus_transaction      -     @11437    
  haddr               integral              16    'h1119    
  hdata               integral              8     'he6      
  hwr_rd              hbus_read_write_enum  1     HBUS_WRITE
  wait_between_cycle  integral              32    'h0       
  begin_time          time                  64    17650     
  end_time            time                  64    17750     
------------------------------------------------------------

UVM_INFO ../../hbus/sv/hbus_monitor.sv(109) @ 18050: uvm_test_top.tb.hbus.monitor [hbus_monitor] transaction collected :
-----------------------------------------------------------
Name                  Type                  Size  Value    
-----------------------------------------------------------
tr_collect            hbus_transaction      -     @11437   
  haddr               integral              16    'h1118   
  hdata               integral              8     'he7     
  hwr_rd              hbus_read_write_enum  1     HBUS_READ
  wait_between_cycle  integral              32    'h0      
  begin_time          time                  64    17850    
  end_time            time                  64    18050    
-----------------------------------------------------------

UVM_INFO ../../hbus/sv/hbus_monitor.sv(109) @ 18250: uvm_test_top.tb.hbus.monitor [hbus_monitor] transaction collected :
------------------------------------------------------------
Name                  Type                  Size  Value     
------------------------------------------------------------
tr_collect            hbus_transaction      -     @11437    
  haddr               integral              16    'h1118    
  hdata               integral              8     'h18      
  hwr_rd              hbus_read_write_enum  1     HBUS_WRITE
  wait_between_cycle  integral              32    'h0       
  begin_time          time                  64    18150     
  end_time            time                  64    18250     
------------------------------------------------------------

UVM_INFO ../../hbus/sv/hbus_monitor.sv(109) @ 18450: uvm_test_top.tb.hbus.monitor [hbus_monitor] transaction collected :
------------------------------------------------------------
Name                  Type                  Size  Value     
------------------------------------------------------------
tr_collect            hbus_transaction      -     @11437    
  haddr               integral              16    'h111a    
  hdata               integral              8     'he5      
  hwr_rd              hbus_read_write_enum  1     HBUS_WRITE
  wait_between_cycle  integral              32    'h0       
  begin_time          time                  64    18350     
  end_time            time                  64    18450     
------------------------------------------------------------

UVM_INFO ../../hbus/sv/hbus_monitor.sv(109) @ 18750: uvm_test_top.tb.hbus.monitor [hbus_monitor] transaction collected :
-----------------------------------------------------------
Name                  Type                  Size  Value    
-----------------------------------------------------------
tr_collect            hbus_transaction      -     @11437   
  haddr               integral              16    'h1119   
  hdata               integral              8     'he6     
  hwr_rd              hbus_read_write_enum  1     HBUS_READ
  wait_between_cycle  integral              32    'h0      
  begin_time          time                  64    18550    
  end_time            time                  64    18750    
-----------------------------------------------------------

UVM_INFO ../../hbus/sv/hbus_monitor.sv(109) @ 18950: uvm_test_top.tb.hbus.monitor [hbus_monitor] transaction collected :
------------------------------------------------------------
Name                  Type                  Size  Value     
------------------------------------------------------------
tr_collect            hbus_transaction      -     @11437    
  haddr               integral              16    'h1119    
  hdata               integral              8     'h19      
  hwr_rd              hbus_read_write_enum  1     HBUS_WRITE
  wait_between_cycle  integral              32    'h0       
  begin_time          time                  64    18850     
  end_time            time                  64    18950     
------------------------------------------------------------

UVM_INFO ../../hbus/sv/hbus_monitor.sv(109) @ 19150: uvm_test_top.tb.hbus.monitor [hbus_monitor] transaction collected :
------------------------------------------------------------
Name                  Type                  Size  Value     
------------------------------------------------------------
tr_collect            hbus_transaction      -     @11437    
  haddr               integral              16    'h111b    
  hdata               integral              8     'he4      
  hwr_rd              hbus_read_write_enum  1     HBUS_WRITE
  wait_between_cycle  integral              32    'h0       
  begin_time          time                  64    19050     
  end_time            time                  64    19150     
------------------------------------------------------------

UVM_INFO ../../hbus/sv/hbus_monitor.sv(109) @ 19450: uvm_test_top.tb.hbus.monitor [hbus_monitor] transaction collected :
-----------------------------------------------------------
Name                  Type                  Size  Value    
-----------------------------------------------------------
tr_collect            hbus_transaction      -     @11437   
  haddr               integral              16    'h111a   
  hdata               integral              8     'he5     
  hwr_rd              hbus_read_write_enum  1     HBUS_READ
  wait_between_cycle  integral              32    'h0      
  begin_time          time                  64    19250    
  end_time            time                  64    19450    
-----------------------------------------------------------

UVM_INFO ../../hbus/sv/hbus_monitor.sv(109) @ 19650: uvm_test_top.tb.hbus.monitor [hbus_monitor] transaction collected :
------------------------------------------------------------
Name                  Type                  Size  Value     
------------------------------------------------------------
tr_collect            hbus_transaction      -     @11437    
  haddr               integral              16    'h111a    
  hdata               integral              8     'h1a      
  hwr_rd              hbus_read_write_enum  1     HBUS_WRITE
  wait_between_cycle  integral              32    'h0       
  begin_time          time                  64    19550     
  end_time            time                  64    19650     
------------------------------------------------------------

UVM_INFO ../../hbus/sv/hbus_monitor.sv(109) @ 19850: uvm_test_top.tb.hbus.monitor [hbus_monitor] transaction collected :
------------------------------------------------------------
Name                  Type                  Size  Value     
------------------------------------------------------------
tr_collect            hbus_transaction      -     @11437    
  haddr               integral              16    'h111c    
  hdata               integral              8     'he3      
  hwr_rd              hbus_read_write_enum  1     HBUS_WRITE
  wait_between_cycle  integral              32    'h0       
  begin_time          time                  64    19750     
  end_time            time                  64    19850     
------------------------------------------------------------

UVM_INFO ../../hbus/sv/hbus_monitor.sv(109) @ 20150: uvm_test_top.tb.hbus.monitor [hbus_monitor] transaction collected :
-----------------------------------------------------------
Name                  Type                  Size  Value    
-----------------------------------------------------------
tr_collect            hbus_transaction      -     @11437   
  haddr               integral              16    'h111b   
  hdata               integral              8     'he4     
  hwr_rd              hbus_read_write_enum  1     HBUS_READ
  wait_between_cycle  integral              32    'h0      
  begin_time          time                  64    19950    
  end_time            time                  64    20150    
-----------------------------------------------------------

UVM_INFO ../../hbus/sv/hbus_monitor.sv(109) @ 20350: uvm_test_top.tb.hbus.monitor [hbus_monitor] transaction collected :
------------------------------------------------------------
Name                  Type                  Size  Value     
------------------------------------------------------------
tr_collect            hbus_transaction      -     @11437    
  haddr               integral              16    'h111b    
  hdata               integral              8     'h1b      
  hwr_rd              hbus_read_write_enum  1     HBUS_WRITE
  wait_between_cycle  integral              32    'h0       
  begin_time          time                  64    20250     
  end_time            time                  64    20350     
------------------------------------------------------------

UVM_INFO ../../hbus/sv/hbus_monitor.sv(109) @ 20550: uvm_test_top.tb.hbus.monitor [hbus_monitor] transaction collected :
------------------------------------------------------------
Name                  Type                  Size  Value     
------------------------------------------------------------
tr_collect            hbus_transaction      -     @11437    
  haddr               integral              16    'h111d    
  hdata               integral              8     'he2      
  hwr_rd              hbus_read_write_enum  1     HBUS_WRITE
  wait_between_cycle  integral              32    'h0       
  begin_time          time                  64    20450     
  end_time            time                  64    20550     
------------------------------------------------------------

UVM_INFO ../../hbus/sv/hbus_monitor.sv(109) @ 20850: uvm_test_top.tb.hbus.monitor [hbus_monitor] transaction collected :
-----------------------------------------------------------
Name                  Type                  Size  Value    
-----------------------------------------------------------
tr_collect            hbus_transaction      -     @11437   
  haddr               integral              16    'h111c   
  hdata               integral              8     'he3     
  hwr_rd              hbus_read_write_enum  1     HBUS_READ
  wait_between_cycle  integral              32    'h0      
  begin_time          time                  64    20650    
  end_time            time                  64    20850    
-----------------------------------------------------------

UVM_INFO ../../hbus/sv/hbus_monitor.sv(109) @ 21050: uvm_test_top.tb.hbus.monitor [hbus_monitor] transaction collected :
------------------------------------------------------------
Name                  Type                  Size  Value     
------------------------------------------------------------
tr_collect            hbus_transaction      -     @11437    
  haddr               integral              16    'h111c    
  hdata               integral              8     'h1c      
  hwr_rd              hbus_read_write_enum  1     HBUS_WRITE
  wait_between_cycle  integral              32    'h0       
  begin_time          time                  64    20950     
  end_time            time                  64    21050     
------------------------------------------------------------

UVM_INFO ../../hbus/sv/hbus_monitor.sv(109) @ 21250: uvm_test_top.tb.hbus.monitor [hbus_monitor] transaction collected :
------------------------------------------------------------
Name                  Type                  Size  Value     
------------------------------------------------------------
tr_collect            hbus_transaction      -     @11437    
  haddr               integral              16    'h111e    
  hdata               integral              8     'he1      
  hwr_rd              hbus_read_write_enum  1     HBUS_WRITE
  wait_between_cycle  integral              32    'h0       
  begin_time          time                  64    21150     
  end_time            time                  64    21250     
------------------------------------------------------------

UVM_INFO ../../hbus/sv/hbus_monitor.sv(109) @ 21550: uvm_test_top.tb.hbus.monitor [hbus_monitor] transaction collected :
-----------------------------------------------------------
Name                  Type                  Size  Value    
-----------------------------------------------------------
tr_collect            hbus_transaction      -     @11437   
  haddr               integral              16    'h111d   
  hdata               integral              8     'he2     
  hwr_rd              hbus_read_write_enum  1     HBUS_READ
  wait_between_cycle  integral              32    'h0      
  begin_time          time                  64    21350    
  end_time            time                  64    21550    
-----------------------------------------------------------

UVM_INFO ../../hbus/sv/hbus_monitor.sv(109) @ 21750: uvm_test_top.tb.hbus.monitor [hbus_monitor] transaction collected :
------------------------------------------------------------
Name                  Type                  Size  Value     
------------------------------------------------------------
tr_collect            hbus_transaction      -     @11437    
  haddr               integral              16    'h111d    
  hdata               integral              8     'h1d      
  hwr_rd              hbus_read_write_enum  1     HBUS_WRITE
  wait_between_cycle  integral              32    'h0       
  begin_time          time                  64    21650     
  end_time            time                  64    21750     
------------------------------------------------------------

UVM_INFO ../../hbus/sv/hbus_monitor.sv(109) @ 21950: uvm_test_top.tb.hbus.monitor [hbus_monitor] transaction collected :
------------------------------------------------------------
Name                  Type                  Size  Value     
------------------------------------------------------------
tr_collect            hbus_transaction      -     @11437    
  haddr               integral              16    'h111f    
  hdata               integral              8     'he0      
  hwr_rd              hbus_read_write_enum  1     HBUS_WRITE
  wait_between_cycle  integral              32    'h0       
  begin_time          time                  64    21850     
  end_time            time                  64    21950     
------------------------------------------------------------

UVM_INFO ../../hbus/sv/hbus_monitor.sv(109) @ 22250: uvm_test_top.tb.hbus.monitor [hbus_monitor] transaction collected :
-----------------------------------------------------------
Name                  Type                  Size  Value    
-----------------------------------------------------------
tr_collect            hbus_transaction      -     @11437   
  haddr               integral              16    'h111e   
  hdata               integral              8     'he1     
  hwr_rd              hbus_read_write_enum  1     HBUS_READ
  wait_between_cycle  integral              32    'h0      
  begin_time          time                  64    22050    
  end_time            time                  64    22250    
-----------------------------------------------------------

UVM_INFO ../../hbus/sv/hbus_monitor.sv(109) @ 22450: uvm_test_top.tb.hbus.monitor [hbus_monitor] transaction collected :
------------------------------------------------------------
Name                  Type                  Size  Value     
------------------------------------------------------------
tr_collect            hbus_transaction      -     @11437    
  haddr               integral              16    'h111e    
  hdata               integral              8     'h1e      
  hwr_rd              hbus_read_write_enum  1     HBUS_WRITE
  wait_between_cycle  integral              32    'h0       
  begin_time          time                  64    22350     
  end_time            time                  64    22450     
------------------------------------------------------------

UVM_INFO ../../hbus/sv/hbus_monitor.sv(109) @ 22650: uvm_test_top.tb.hbus.monitor [hbus_monitor] transaction collected :
------------------------------------------------------------
Name                  Type                  Size  Value     
------------------------------------------------------------
tr_collect            hbus_transaction      -     @11437    
  haddr               integral              16    'h1120    
  hdata               integral              8     'hdf      
  hwr_rd              hbus_read_write_enum  1     HBUS_WRITE
  wait_between_cycle  integral              32    'h0       
  begin_time          time                  64    22550     
  end_time            time                  64    22650     
------------------------------------------------------------

UVM_INFO ../../hbus/sv/hbus_monitor.sv(109) @ 22950: uvm_test_top.tb.hbus.monitor [hbus_monitor] transaction collected :
-----------------------------------------------------------
Name                  Type                  Size  Value    
-----------------------------------------------------------
tr_collect            hbus_transaction      -     @11437   
  haddr               integral              16    'h111f   
  hdata               integral              8     'he0     
  hwr_rd              hbus_read_write_enum  1     HBUS_READ
  wait_between_cycle  integral              32    'h0      
  begin_time          time                  64    22750    
  end_time            time                  64    22950    
-----------------------------------------------------------

UVM_INFO ../../hbus/sv/hbus_monitor.sv(109) @ 23150: uvm_test_top.tb.hbus.monitor [hbus_monitor] transaction collected :
------------------------------------------------------------
Name                  Type                  Size  Value     
------------------------------------------------------------
tr_collect            hbus_transaction      -     @11437    
  haddr               integral              16    'h111f    
  hdata               integral              8     'h1f      
  hwr_rd              hbus_read_write_enum  1     HBUS_WRITE
  wait_between_cycle  integral              32    'h0       
  begin_time          time                  64    23050     
  end_time            time                  64    23150     
------------------------------------------------------------

UVM_INFO ../../hbus/sv/hbus_monitor.sv(109) @ 23350: uvm_test_top.tb.hbus.monitor [hbus_monitor] transaction collected :
------------------------------------------------------------
Name                  Type                  Size  Value     
------------------------------------------------------------
tr_collect            hbus_transaction      -     @11437    
  haddr               integral              16    'h1121    
  hdata               integral              8     'hde      
  hwr_rd              hbus_read_write_enum  1     HBUS_WRITE
  wait_between_cycle  integral              32    'h0       
  begin_time          time                  64    23250     
  end_time            time                  64    23350     
------------------------------------------------------------

UVM_INFO ../../hbus/sv/hbus_monitor.sv(109) @ 23650: uvm_test_top.tb.hbus.monitor [hbus_monitor] transaction collected :
-----------------------------------------------------------
Name                  Type                  Size  Value    
-----------------------------------------------------------
tr_collect            hbus_transaction      -     @11437   
  haddr               integral              16    'h1120   
  hdata               integral              8     'hdf     
  hwr_rd              hbus_read_write_enum  1     HBUS_READ
  wait_between_cycle  integral              32    'h0      
  begin_time          time                  64    23450    
  end_time            time                  64    23650    
-----------------------------------------------------------

UVM_INFO ../../hbus/sv/hbus_monitor.sv(109) @ 23850: uvm_test_top.tb.hbus.monitor [hbus_monitor] transaction collected :
------------------------------------------------------------
Name                  Type                  Size  Value     
------------------------------------------------------------
tr_collect            hbus_transaction      -     @11437    
  haddr               integral              16    'h1120    
  hdata               integral              8     'h20      
  hwr_rd              hbus_read_write_enum  1     HBUS_WRITE
  wait_between_cycle  integral              32    'h0       
  begin_time          time                  64    23750     
  end_time            time                  64    23850     
------------------------------------------------------------

UVM_INFO ../../hbus/sv/hbus_monitor.sv(109) @ 24050: uvm_test_top.tb.hbus.monitor [hbus_monitor] transaction collected :
------------------------------------------------------------
Name                  Type                  Size  Value     
------------------------------------------------------------
tr_collect            hbus_transaction      -     @11437    
  haddr               integral              16    'h1122    
  hdata               integral              8     'hdd      
  hwr_rd              hbus_read_write_enum  1     HBUS_WRITE
  wait_between_cycle  integral              32    'h0       
  begin_time          time                  64    23950     
  end_time            time                  64    24050     
------------------------------------------------------------

UVM_INFO ../../hbus/sv/hbus_monitor.sv(109) @ 24350: uvm_test_top.tb.hbus.monitor [hbus_monitor] transaction collected :
-----------------------------------------------------------
Name                  Type                  Size  Value    
-----------------------------------------------------------
tr_collect            hbus_transaction      -     @11437   
  haddr               integral              16    'h1121   
  hdata               integral              8     'hde     
  hwr_rd              hbus_read_write_enum  1     HBUS_READ
  wait_between_cycle  integral              32    'h0      
  begin_time          time                  64    24150    
  end_time            time                  64    24350    
-----------------------------------------------------------

UVM_INFO ../../hbus/sv/hbus_monitor.sv(109) @ 24550: uvm_test_top.tb.hbus.monitor [hbus_monitor] transaction collected :
------------------------------------------------------------
Name                  Type                  Size  Value     
------------------------------------------------------------
tr_collect            hbus_transaction      -     @11437    
  haddr               integral              16    'h1121    
  hdata               integral              8     'h21      
  hwr_rd              hbus_read_write_enum  1     HBUS_WRITE
  wait_between_cycle  integral              32    'h0       
  begin_time          time                  64    24450     
  end_time            time                  64    24550     
------------------------------------------------------------

UVM_INFO ../../hbus/sv/hbus_monitor.sv(109) @ 24750: uvm_test_top.tb.hbus.monitor [hbus_monitor] transaction collected :
------------------------------------------------------------
Name                  Type                  Size  Value     
------------------------------------------------------------
tr_collect            hbus_transaction      -     @11437    
  haddr               integral              16    'h1123    
  hdata               integral              8     'hdc      
  hwr_rd              hbus_read_write_enum  1     HBUS_WRITE
  wait_between_cycle  integral              32    'h0       
  begin_time          time                  64    24650     
  end_time            time                  64    24750     
------------------------------------------------------------

UVM_INFO ../../hbus/sv/hbus_monitor.sv(109) @ 25050: uvm_test_top.tb.hbus.monitor [hbus_monitor] transaction collected :
-----------------------------------------------------------
Name                  Type                  Size  Value    
-----------------------------------------------------------
tr_collect            hbus_transaction      -     @11437   
  haddr               integral              16    'h1122   
  hdata               integral              8     'hdd     
  hwr_rd              hbus_read_write_enum  1     HBUS_READ
  wait_between_cycle  integral              32    'h0      
  begin_time          time                  64    24850    
  end_time            time                  64    25050    
-----------------------------------------------------------

UVM_INFO ../../hbus/sv/hbus_monitor.sv(109) @ 25250: uvm_test_top.tb.hbus.monitor [hbus_monitor] transaction collected :
------------------------------------------------------------
Name                  Type                  Size  Value     
------------------------------------------------------------
tr_collect            hbus_transaction      -     @11437    
  haddr               integral              16    'h1122    
  hdata               integral              8     'h22      
  hwr_rd              hbus_read_write_enum  1     HBUS_WRITE
  wait_between_cycle  integral              32    'h0       
  begin_time          time                  64    25150     
  end_time            time                  64    25250     
------------------------------------------------------------

UVM_INFO ../../hbus/sv/hbus_monitor.sv(109) @ 25450: uvm_test_top.tb.hbus.monitor [hbus_monitor] transaction collected :
------------------------------------------------------------
Name                  Type                  Size  Value     
------------------------------------------------------------
tr_collect            hbus_transaction      -     @11437    
  haddr               integral              16    'h1124    
  hdata               integral              8     'hdb      
  hwr_rd              hbus_read_write_enum  1     HBUS_WRITE
  wait_between_cycle  integral              32    'h0       
  begin_time          time                  64    25350     
  end_time            time                  64    25450     
------------------------------------------------------------

UVM_INFO ../../hbus/sv/hbus_monitor.sv(109) @ 25750: uvm_test_top.tb.hbus.monitor [hbus_monitor] transaction collected :
-----------------------------------------------------------
Name                  Type                  Size  Value    
-----------------------------------------------------------
tr_collect            hbus_transaction      -     @11437   
  haddr               integral              16    'h1123   
  hdata               integral              8     'hdc     
  hwr_rd              hbus_read_write_enum  1     HBUS_READ
  wait_between_cycle  integral              32    'h0      
  begin_time          time                  64    25550    
  end_time            time                  64    25750    
-----------------------------------------------------------

UVM_INFO ../../hbus/sv/hbus_monitor.sv(109) @ 25950: uvm_test_top.tb.hbus.monitor [hbus_monitor] transaction collected :
------------------------------------------------------------
Name                  Type                  Size  Value     
------------------------------------------------------------
tr_collect            hbus_transaction      -     @11437    
  haddr               integral              16    'h1123    
  hdata               integral              8     'h23      
  hwr_rd              hbus_read_write_enum  1     HBUS_WRITE
  wait_between_cycle  integral              32    'h0       
  begin_time          time                  64    25850     
  end_time            time                  64    25950     
------------------------------------------------------------

UVM_INFO ../../hbus/sv/hbus_monitor.sv(109) @ 26150: uvm_test_top.tb.hbus.monitor [hbus_monitor] transaction collected :
------------------------------------------------------------
Name                  Type                  Size  Value     
------------------------------------------------------------
tr_collect            hbus_transaction      -     @11437    
  haddr               integral              16    'h1125    
  hdata               integral              8     'hda      
  hwr_rd              hbus_read_write_enum  1     HBUS_WRITE
  wait_between_cycle  integral              32    'h0       
  begin_time          time                  64    26050     
  end_time            time                  64    26150     
------------------------------------------------------------

UVM_INFO ../../hbus/sv/hbus_monitor.sv(109) @ 26450: uvm_test_top.tb.hbus.monitor [hbus_monitor] transaction collected :
-----------------------------------------------------------
Name                  Type                  Size  Value    
-----------------------------------------------------------
tr_collect            hbus_transaction      -     @11437   
  haddr               integral              16    'h1124   
  hdata               integral              8     'hdb     
  hwr_rd              hbus_read_write_enum  1     HBUS_READ
  wait_between_cycle  integral              32    'h0      
  begin_time          time                  64    26250    
  end_time            time                  64    26450    
-----------------------------------------------------------

UVM_INFO ../../hbus/sv/hbus_monitor.sv(109) @ 26650: uvm_test_top.tb.hbus.monitor [hbus_monitor] transaction collected :
------------------------------------------------------------
Name                  Type                  Size  Value     
------------------------------------------------------------
tr_collect            hbus_transaction      -     @11437    
  haddr               integral              16    'h1124    
  hdata               integral              8     'h24      
  hwr_rd              hbus_read_write_enum  1     HBUS_WRITE
  wait_between_cycle  integral              32    'h0       
  begin_time          time                  64    26550     
  end_time            time                  64    26650     
------------------------------------------------------------

UVM_INFO ../../hbus/sv/hbus_monitor.sv(109) @ 26850: uvm_test_top.tb.hbus.monitor [hbus_monitor] transaction collected :
------------------------------------------------------------
Name                  Type                  Size  Value     
------------------------------------------------------------
tr_collect            hbus_transaction      -     @11437    
  haddr               integral              16    'h1126    
  hdata               integral              8     'hd9      
  hwr_rd              hbus_read_write_enum  1     HBUS_WRITE
  wait_between_cycle  integral              32    'h0       
  begin_time          time                  64    26750     
  end_time            time                  64    26850     
------------------------------------------------------------

UVM_INFO ../../hbus/sv/hbus_monitor.sv(109) @ 27150: uvm_test_top.tb.hbus.monitor [hbus_monitor] transaction collected :
-----------------------------------------------------------
Name                  Type                  Size  Value    
-----------------------------------------------------------
tr_collect            hbus_transaction      -     @11437   
  haddr               integral              16    'h1125   
  hdata               integral              8     'hda     
  hwr_rd              hbus_read_write_enum  1     HBUS_READ
  wait_between_cycle  integral              32    'h0      
  begin_time          time                  64    26950    
  end_time            time                  64    27150    
-----------------------------------------------------------

UVM_INFO ../../hbus/sv/hbus_monitor.sv(109) @ 27350: uvm_test_top.tb.hbus.monitor [hbus_monitor] transaction collected :
------------------------------------------------------------
Name                  Type                  Size  Value     
------------------------------------------------------------
tr_collect            hbus_transaction      -     @11437    
  haddr               integral              16    'h1125    
  hdata               integral              8     'h25      
  hwr_rd              hbus_read_write_enum  1     HBUS_WRITE
  wait_between_cycle  integral              32    'h0       
  begin_time          time                  64    27250     
  end_time            time                  64    27350     
------------------------------------------------------------

UVM_INFO ../../hbus/sv/hbus_monitor.sv(109) @ 27550: uvm_test_top.tb.hbus.monitor [hbus_monitor] transaction collected :
------------------------------------------------------------
Name                  Type                  Size  Value     
------------------------------------------------------------
tr_collect            hbus_transaction      -     @11437    
  haddr               integral              16    'h1127    
  hdata               integral              8     'hd8      
  hwr_rd              hbus_read_write_enum  1     HBUS_WRITE
  wait_between_cycle  integral              32    'h0       
  begin_time          time                  64    27450     
  end_time            time                  64    27550     
------------------------------------------------------------

UVM_INFO ../../hbus/sv/hbus_monitor.sv(109) @ 27850: uvm_test_top.tb.hbus.monitor [hbus_monitor] transaction collected :
-----------------------------------------------------------
Name                  Type                  Size  Value    
-----------------------------------------------------------
tr_collect            hbus_transaction      -     @11437   
  haddr               integral              16    'h1126   
  hdata               integral              8     'hd9     
  hwr_rd              hbus_read_write_enum  1     HBUS_READ
  wait_between_cycle  integral              32    'h0      
  begin_time          time                  64    27650    
  end_time            time                  64    27850    
-----------------------------------------------------------

UVM_INFO ../../hbus/sv/hbus_monitor.sv(109) @ 28050: uvm_test_top.tb.hbus.monitor [hbus_monitor] transaction collected :
------------------------------------------------------------
Name                  Type                  Size  Value     
------------------------------------------------------------
tr_collect            hbus_transaction      -     @11437    
  haddr               integral              16    'h1126    
  hdata               integral              8     'h26      
  hwr_rd              hbus_read_write_enum  1     HBUS_WRITE
  wait_between_cycle  integral              32    'h0       
  begin_time          time                  64    27950     
  end_time            time                  64    28050     
------------------------------------------------------------

UVM_INFO ../../hbus/sv/hbus_monitor.sv(109) @ 28250: uvm_test_top.tb.hbus.monitor [hbus_monitor] transaction collected :
------------------------------------------------------------
Name                  Type                  Size  Value     
------------------------------------------------------------
tr_collect            hbus_transaction      -     @11437    
  haddr               integral              16    'h1128    
  hdata               integral              8     'hd7      
  hwr_rd              hbus_read_write_enum  1     HBUS_WRITE
  wait_between_cycle  integral              32    'h0       
  begin_time          time                  64    28150     
  end_time            time                  64    28250     
------------------------------------------------------------

UVM_INFO ../../hbus/sv/hbus_monitor.sv(109) @ 28550: uvm_test_top.tb.hbus.monitor [hbus_monitor] transaction collected :
-----------------------------------------------------------
Name                  Type                  Size  Value    
-----------------------------------------------------------
tr_collect            hbus_transaction      -     @11437   
  haddr               integral              16    'h1127   
  hdata               integral              8     'hd8     
  hwr_rd              hbus_read_write_enum  1     HBUS_READ
  wait_between_cycle  integral              32    'h0      
  begin_time          time                  64    28350    
  end_time            time                  64    28550    
-----------------------------------------------------------

UVM_INFO ../../hbus/sv/hbus_monitor.sv(109) @ 28750: uvm_test_top.tb.hbus.monitor [hbus_monitor] transaction collected :
------------------------------------------------------------
Name                  Type                  Size  Value     
------------------------------------------------------------
tr_collect            hbus_transaction      -     @11437    
  haddr               integral              16    'h1127    
  hdata               integral              8     'h27      
  hwr_rd              hbus_read_write_enum  1     HBUS_WRITE
  wait_between_cycle  integral              32    'h0       
  begin_time          time                  64    28650     
  end_time            time                  64    28750     
------------------------------------------------------------

UVM_INFO ../../hbus/sv/hbus_monitor.sv(109) @ 28950: uvm_test_top.tb.hbus.monitor [hbus_monitor] transaction collected :
------------------------------------------------------------
Name                  Type                  Size  Value     
------------------------------------------------------------
tr_collect            hbus_transaction      -     @11437    
  haddr               integral              16    'h1129    
  hdata               integral              8     'hd6      
  hwr_rd              hbus_read_write_enum  1     HBUS_WRITE
  wait_between_cycle  integral              32    'h0       
  begin_time          time                  64    28850     
  end_time            time                  64    28950     
------------------------------------------------------------

UVM_INFO ../../hbus/sv/hbus_monitor.sv(109) @ 29250: uvm_test_top.tb.hbus.monitor [hbus_monitor] transaction collected :
-----------------------------------------------------------
Name                  Type                  Size  Value    
-----------------------------------------------------------
tr_collect            hbus_transaction      -     @11437   
  haddr               integral              16    'h1128   
  hdata               integral              8     'hd7     
  hwr_rd              hbus_read_write_enum  1     HBUS_READ
  wait_between_cycle  integral              32    'h0      
  begin_time          time                  64    29050    
  end_time            time                  64    29250    
-----------------------------------------------------------

UVM_INFO ../../hbus/sv/hbus_monitor.sv(109) @ 29450: uvm_test_top.tb.hbus.monitor [hbus_monitor] transaction collected :
------------------------------------------------------------
Name                  Type                  Size  Value     
------------------------------------------------------------
tr_collect            hbus_transaction      -     @11437    
  haddr               integral              16    'h1128    
  hdata               integral              8     'h28      
  hwr_rd              hbus_read_write_enum  1     HBUS_WRITE
  wait_between_cycle  integral              32    'h0       
  begin_time          time                  64    29350     
  end_time            time                  64    29450     
------------------------------------------------------------

UVM_INFO ../../hbus/sv/hbus_monitor.sv(109) @ 29650: uvm_test_top.tb.hbus.monitor [hbus_monitor] transaction collected :
------------------------------------------------------------
Name                  Type                  Size  Value     
------------------------------------------------------------
tr_collect            hbus_transaction      -     @11437    
  haddr               integral              16    'h112a    
  hdata               integral              8     'hd5      
  hwr_rd              hbus_read_write_enum  1     HBUS_WRITE
  wait_between_cycle  integral              32    'h0       
  begin_time          time                  64    29550     
  end_time            time                  64    29650     
------------------------------------------------------------

UVM_INFO ../../hbus/sv/hbus_monitor.sv(109) @ 29950: uvm_test_top.tb.hbus.monitor [hbus_monitor] transaction collected :
-----------------------------------------------------------
Name                  Type                  Size  Value    
-----------------------------------------------------------
tr_collect            hbus_transaction      -     @11437   
  haddr               integral              16    'h1129   
  hdata               integral              8     'hd6     
  hwr_rd              hbus_read_write_enum  1     HBUS_READ
  wait_between_cycle  integral              32    'h0      
  begin_time          time                  64    29750    
  end_time            time                  64    29950    
-----------------------------------------------------------

UVM_INFO ../../hbus/sv/hbus_monitor.sv(109) @ 30150: uvm_test_top.tb.hbus.monitor [hbus_monitor] transaction collected :
------------------------------------------------------------
Name                  Type                  Size  Value     
------------------------------------------------------------
tr_collect            hbus_transaction      -     @11437    
  haddr               integral              16    'h1129    
  hdata               integral              8     'h29      
  hwr_rd              hbus_read_write_enum  1     HBUS_WRITE
  wait_between_cycle  integral              32    'h0       
  begin_time          time                  64    30050     
  end_time            time                  64    30150     
------------------------------------------------------------

UVM_INFO ../../hbus/sv/hbus_monitor.sv(109) @ 30350: uvm_test_top.tb.hbus.monitor [hbus_monitor] transaction collected :
------------------------------------------------------------
Name                  Type                  Size  Value     
------------------------------------------------------------
tr_collect            hbus_transaction      -     @11437    
  haddr               integral              16    'h112b    
  hdata               integral              8     'hd4      
  hwr_rd              hbus_read_write_enum  1     HBUS_WRITE
  wait_between_cycle  integral              32    'h0       
  begin_time          time                  64    30250     
  end_time            time                  64    30350     
------------------------------------------------------------

UVM_INFO ../../hbus/sv/hbus_monitor.sv(109) @ 30650: uvm_test_top.tb.hbus.monitor [hbus_monitor] transaction collected :
-----------------------------------------------------------
Name                  Type                  Size  Value    
-----------------------------------------------------------
tr_collect            hbus_transaction      -     @11437   
  haddr               integral              16    'h112a   
  hdata               integral              8     'hd5     
  hwr_rd              hbus_read_write_enum  1     HBUS_READ
  wait_between_cycle  integral              32    'h0      
  begin_time          time                  64    30450    
  end_time            time                  64    30650    
-----------------------------------------------------------

UVM_INFO ../../hbus/sv/hbus_monitor.sv(109) @ 30850: uvm_test_top.tb.hbus.monitor [hbus_monitor] transaction collected :
------------------------------------------------------------
Name                  Type                  Size  Value     
------------------------------------------------------------
tr_collect            hbus_transaction      -     @11437    
  haddr               integral              16    'h112a    
  hdata               integral              8     'h2a      
  hwr_rd              hbus_read_write_enum  1     HBUS_WRITE
  wait_between_cycle  integral              32    'h0       
  begin_time          time                  64    30750     
  end_time            time                  64    30850     
------------------------------------------------------------

UVM_INFO ../../hbus/sv/hbus_monitor.sv(109) @ 31050: uvm_test_top.tb.hbus.monitor [hbus_monitor] transaction collected :
------------------------------------------------------------
Name                  Type                  Size  Value     
------------------------------------------------------------
tr_collect            hbus_transaction      -     @11437    
  haddr               integral              16    'h112c    
  hdata               integral              8     'hd3      
  hwr_rd              hbus_read_write_enum  1     HBUS_WRITE
  wait_between_cycle  integral              32    'h0       
  begin_time          time                  64    30950     
  end_time            time                  64    31050     
------------------------------------------------------------

UVM_INFO ../../hbus/sv/hbus_monitor.sv(109) @ 31350: uvm_test_top.tb.hbus.monitor [hbus_monitor] transaction collected :
-----------------------------------------------------------
Name                  Type                  Size  Value    
-----------------------------------------------------------
tr_collect            hbus_transaction      -     @11437   
  haddr               integral              16    'h112b   
  hdata               integral              8     'hd4     
  hwr_rd              hbus_read_write_enum  1     HBUS_READ
  wait_between_cycle  integral              32    'h0      
  begin_time          time                  64    31150    
  end_time            time                  64    31350    
-----------------------------------------------------------

UVM_INFO ../../hbus/sv/hbus_monitor.sv(109) @ 31550: uvm_test_top.tb.hbus.monitor [hbus_monitor] transaction collected :
------------------------------------------------------------
Name                  Type                  Size  Value     
------------------------------------------------------------
tr_collect            hbus_transaction      -     @11437    
  haddr               integral              16    'h112b    
  hdata               integral              8     'h2b      
  hwr_rd              hbus_read_write_enum  1     HBUS_WRITE
  wait_between_cycle  integral              32    'h0       
  begin_time          time                  64    31450     
  end_time            time                  64    31550     
------------------------------------------------------------

UVM_INFO ../../hbus/sv/hbus_monitor.sv(109) @ 31750: uvm_test_top.tb.hbus.monitor [hbus_monitor] transaction collected :
------------------------------------------------------------
Name                  Type                  Size  Value     
------------------------------------------------------------
tr_collect            hbus_transaction      -     @11437    
  haddr               integral              16    'h112d    
  hdata               integral              8     'hd2      
  hwr_rd              hbus_read_write_enum  1     HBUS_WRITE
  wait_between_cycle  integral              32    'h0       
  begin_time          time                  64    31650     
  end_time            time                  64    31750     
------------------------------------------------------------

UVM_INFO ../../hbus/sv/hbus_monitor.sv(109) @ 32050: uvm_test_top.tb.hbus.monitor [hbus_monitor] transaction collected :
-----------------------------------------------------------
Name                  Type                  Size  Value    
-----------------------------------------------------------
tr_collect            hbus_transaction      -     @11437   
  haddr               integral              16    'h112c   
  hdata               integral              8     'hd3     
  hwr_rd              hbus_read_write_enum  1     HBUS_READ
  wait_between_cycle  integral              32    'h0      
  begin_time          time                  64    31850    
  end_time            time                  64    32050    
-----------------------------------------------------------

UVM_INFO ../../hbus/sv/hbus_monitor.sv(109) @ 32250: uvm_test_top.tb.hbus.monitor [hbus_monitor] transaction collected :
------------------------------------------------------------
Name                  Type                  Size  Value     
------------------------------------------------------------
tr_collect            hbus_transaction      -     @11437    
  haddr               integral              16    'h112c    
  hdata               integral              8     'h2c      
  hwr_rd              hbus_read_write_enum  1     HBUS_WRITE
  wait_between_cycle  integral              32    'h0       
  begin_time          time                  64    32150     
  end_time            time                  64    32250     
------------------------------------------------------------

UVM_INFO ../../hbus/sv/hbus_monitor.sv(109) @ 32450: uvm_test_top.tb.hbus.monitor [hbus_monitor] transaction collected :
------------------------------------------------------------
Name                  Type                  Size  Value     
------------------------------------------------------------
tr_collect            hbus_transaction      -     @11437    
  haddr               integral              16    'h112e    
  hdata               integral              8     'hd1      
  hwr_rd              hbus_read_write_enum  1     HBUS_WRITE
  wait_between_cycle  integral              32    'h0       
  begin_time          time                  64    32350     
  end_time            time                  64    32450     
------------------------------------------------------------

UVM_INFO ../../hbus/sv/hbus_monitor.sv(109) @ 32750: uvm_test_top.tb.hbus.monitor [hbus_monitor] transaction collected :
-----------------------------------------------------------
Name                  Type                  Size  Value    
-----------------------------------------------------------
tr_collect            hbus_transaction      -     @11437   
  haddr               integral              16    'h112d   
  hdata               integral              8     'hd2     
  hwr_rd              hbus_read_write_enum  1     HBUS_READ
  wait_between_cycle  integral              32    'h0      
  begin_time          time                  64    32550    
  end_time            time                  64    32750    
-----------------------------------------------------------

UVM_INFO ../../hbus/sv/hbus_monitor.sv(109) @ 32950: uvm_test_top.tb.hbus.monitor [hbus_monitor] transaction collected :
------------------------------------------------------------
Name                  Type                  Size  Value     
------------------------------------------------------------
tr_collect            hbus_transaction      -     @11437    
  haddr               integral              16    'h112d    
  hdata               integral              8     'h2d      
  hwr_rd              hbus_read_write_enum  1     HBUS_WRITE
  wait_between_cycle  integral              32    'h0       
  begin_time          time                  64    32850     
  end_time            time                  64    32950     
------------------------------------------------------------

UVM_INFO ../../hbus/sv/hbus_monitor.sv(109) @ 33150: uvm_test_top.tb.hbus.monitor [hbus_monitor] transaction collected :
------------------------------------------------------------
Name                  Type                  Size  Value     
------------------------------------------------------------
tr_collect            hbus_transaction      -     @11437    
  haddr               integral              16    'h112f    
  hdata               integral              8     'hd0      
  hwr_rd              hbus_read_write_enum  1     HBUS_WRITE
  wait_between_cycle  integral              32    'h0       
  begin_time          time                  64    33050     
  end_time            time                  64    33150     
------------------------------------------------------------

UVM_INFO ../../hbus/sv/hbus_monitor.sv(109) @ 33450: uvm_test_top.tb.hbus.monitor [hbus_monitor] transaction collected :
-----------------------------------------------------------
Name                  Type                  Size  Value    
-----------------------------------------------------------
tr_collect            hbus_transaction      -     @11437   
  haddr               integral              16    'h112e   
  hdata               integral              8     'hd1     
  hwr_rd              hbus_read_write_enum  1     HBUS_READ
  wait_between_cycle  integral              32    'h0      
  begin_time          time                  64    33250    
  end_time            time                  64    33450    
-----------------------------------------------------------

UVM_INFO ../../hbus/sv/hbus_monitor.sv(109) @ 33650: uvm_test_top.tb.hbus.monitor [hbus_monitor] transaction collected :
------------------------------------------------------------
Name                  Type                  Size  Value     
------------------------------------------------------------
tr_collect            hbus_transaction      -     @11437    
  haddr               integral              16    'h112e    
  hdata               integral              8     'h2e      
  hwr_rd              hbus_read_write_enum  1     HBUS_WRITE
  wait_between_cycle  integral              32    'h0       
  begin_time          time                  64    33550     
  end_time            time                  64    33650     
------------------------------------------------------------

UVM_INFO ../../hbus/sv/hbus_monitor.sv(109) @ 33850: uvm_test_top.tb.hbus.monitor [hbus_monitor] transaction collected :
------------------------------------------------------------
Name                  Type                  Size  Value     
------------------------------------------------------------
tr_collect            hbus_transaction      -     @11437    
  haddr               integral              16    'h1130    
  hdata               integral              8     'hcf      
  hwr_rd              hbus_read_write_enum  1     HBUS_WRITE
  wait_between_cycle  integral              32    'h0       
  begin_time          time                  64    33750     
  end_time            time                  64    33850     
------------------------------------------------------------

UVM_INFO ../../hbus/sv/hbus_monitor.sv(109) @ 34150: uvm_test_top.tb.hbus.monitor [hbus_monitor] transaction collected :
-----------------------------------------------------------
Name                  Type                  Size  Value    
-----------------------------------------------------------
tr_collect            hbus_transaction      -     @11437   
  haddr               integral              16    'h112f   
  hdata               integral              8     'hd0     
  hwr_rd              hbus_read_write_enum  1     HBUS_READ
  wait_between_cycle  integral              32    'h0      
  begin_time          time                  64    33950    
  end_time            time                  64    34150    
-----------------------------------------------------------

UVM_INFO ../../hbus/sv/hbus_monitor.sv(109) @ 34350: uvm_test_top.tb.hbus.monitor [hbus_monitor] transaction collected :
------------------------------------------------------------
Name                  Type                  Size  Value     
------------------------------------------------------------
tr_collect            hbus_transaction      -     @11437    
  haddr               integral              16    'h112f    
  hdata               integral              8     'h2f      
  hwr_rd              hbus_read_write_enum  1     HBUS_WRITE
  wait_between_cycle  integral              32    'h0       
  begin_time          time                  64    34250     
  end_time            time                  64    34350     
------------------------------------------------------------

UVM_INFO ../../hbus/sv/hbus_monitor.sv(109) @ 34550: uvm_test_top.tb.hbus.monitor [hbus_monitor] transaction collected :
------------------------------------------------------------
Name                  Type                  Size  Value     
------------------------------------------------------------
tr_collect            hbus_transaction      -     @11437    
  haddr               integral              16    'h1131    
  hdata               integral              8     'hce      
  hwr_rd              hbus_read_write_enum  1     HBUS_WRITE
  wait_between_cycle  integral              32    'h0       
  begin_time          time                  64    34450     
  end_time            time                  64    34550     
------------------------------------------------------------

UVM_INFO ../../hbus/sv/hbus_monitor.sv(109) @ 34850: uvm_test_top.tb.hbus.monitor [hbus_monitor] transaction collected :
-----------------------------------------------------------
Name                  Type                  Size  Value    
-----------------------------------------------------------
tr_collect            hbus_transaction      -     @11437   
  haddr               integral              16    'h1130   
  hdata               integral              8     'hcf     
  hwr_rd              hbus_read_write_enum  1     HBUS_READ
  wait_between_cycle  integral              32    'h0      
  begin_time          time                  64    34650    
  end_time            time                  64    34850    
-----------------------------------------------------------

UVM_INFO ../../hbus/sv/hbus_monitor.sv(109) @ 35050: uvm_test_top.tb.hbus.monitor [hbus_monitor] transaction collected :
------------------------------------------------------------
Name                  Type                  Size  Value     
------------------------------------------------------------
tr_collect            hbus_transaction      -     @11437    
  haddr               integral              16    'h1130    
  hdata               integral              8     'h30      
  hwr_rd              hbus_read_write_enum  1     HBUS_WRITE
  wait_between_cycle  integral              32    'h0       
  begin_time          time                  64    34950     
  end_time            time                  64    35050     
------------------------------------------------------------

UVM_INFO ../../hbus/sv/hbus_monitor.sv(109) @ 35250: uvm_test_top.tb.hbus.monitor [hbus_monitor] transaction collected :
------------------------------------------------------------
Name                  Type                  Size  Value     
------------------------------------------------------------
tr_collect            hbus_transaction      -     @11437    
  haddr               integral              16    'h1132    
  hdata               integral              8     'hcd      
  hwr_rd              hbus_read_write_enum  1     HBUS_WRITE
  wait_between_cycle  integral              32    'h0       
  begin_time          time                  64    35150     
  end_time            time                  64    35250     
------------------------------------------------------------

UVM_INFO ../../hbus/sv/hbus_monitor.sv(109) @ 35550: uvm_test_top.tb.hbus.monitor [hbus_monitor] transaction collected :
-----------------------------------------------------------
Name                  Type                  Size  Value    
-----------------------------------------------------------
tr_collect            hbus_transaction      -     @11437   
  haddr               integral              16    'h1131   
  hdata               integral              8     'hce     
  hwr_rd              hbus_read_write_enum  1     HBUS_READ
  wait_between_cycle  integral              32    'h0      
  begin_time          time                  64    35350    
  end_time            time                  64    35550    
-----------------------------------------------------------

UVM_INFO ../../hbus/sv/hbus_monitor.sv(109) @ 35750: uvm_test_top.tb.hbus.monitor [hbus_monitor] transaction collected :
------------------------------------------------------------
Name                  Type                  Size  Value     
------------------------------------------------------------
tr_collect            hbus_transaction      -     @11437    
  haddr               integral              16    'h1131    
  hdata               integral              8     'h31      
  hwr_rd              hbus_read_write_enum  1     HBUS_WRITE
  wait_between_cycle  integral              32    'h0       
  begin_time          time                  64    35650     
  end_time            time                  64    35750     
------------------------------------------------------------

UVM_INFO ../../hbus/sv/hbus_monitor.sv(109) @ 35950: uvm_test_top.tb.hbus.monitor [hbus_monitor] transaction collected :
------------------------------------------------------------
Name                  Type                  Size  Value     
------------------------------------------------------------
tr_collect            hbus_transaction      -     @11437    
  haddr               integral              16    'h1133    
  hdata               integral              8     'hcc      
  hwr_rd              hbus_read_write_enum  1     HBUS_WRITE
  wait_between_cycle  integral              32    'h0       
  begin_time          time                  64    35850     
  end_time            time                  64    35950     
------------------------------------------------------------

UVM_INFO ../../hbus/sv/hbus_monitor.sv(109) @ 36250: uvm_test_top.tb.hbus.monitor [hbus_monitor] transaction collected :
-----------------------------------------------------------
Name                  Type                  Size  Value    
-----------------------------------------------------------
tr_collect            hbus_transaction      -     @11437   
  haddr               integral              16    'h1132   
  hdata               integral              8     'hcd     
  hwr_rd              hbus_read_write_enum  1     HBUS_READ
  wait_between_cycle  integral              32    'h0      
  begin_time          time                  64    36050    
  end_time            time                  64    36250    
-----------------------------------------------------------

UVM_INFO ../../hbus/sv/hbus_monitor.sv(109) @ 36450: uvm_test_top.tb.hbus.monitor [hbus_monitor] transaction collected :
------------------------------------------------------------
Name                  Type                  Size  Value     
------------------------------------------------------------
tr_collect            hbus_transaction      -     @11437    
  haddr               integral              16    'h1132    
  hdata               integral              8     'h32      
  hwr_rd              hbus_read_write_enum  1     HBUS_WRITE
  wait_between_cycle  integral              32    'h0       
  begin_time          time                  64    36350     
  end_time            time                  64    36450     
------------------------------------------------------------

UVM_INFO ../../hbus/sv/hbus_monitor.sv(109) @ 36650: uvm_test_top.tb.hbus.monitor [hbus_monitor] transaction collected :
------------------------------------------------------------
Name                  Type                  Size  Value     
------------------------------------------------------------
tr_collect            hbus_transaction      -     @11437    
  haddr               integral              16    'h1134    
  hdata               integral              8     'hcb      
  hwr_rd              hbus_read_write_enum  1     HBUS_WRITE
  wait_between_cycle  integral              32    'h0       
  begin_time          time                  64    36550     
  end_time            time                  64    36650     
------------------------------------------------------------

UVM_INFO ../../hbus/sv/hbus_monitor.sv(109) @ 36950: uvm_test_top.tb.hbus.monitor [hbus_monitor] transaction collected :
-----------------------------------------------------------
Name                  Type                  Size  Value    
-----------------------------------------------------------
tr_collect            hbus_transaction      -     @11437   
  haddr               integral              16    'h1133   
  hdata               integral              8     'hcc     
  hwr_rd              hbus_read_write_enum  1     HBUS_READ
  wait_between_cycle  integral              32    'h0      
  begin_time          time                  64    36750    
  end_time            time                  64    36950    
-----------------------------------------------------------

UVM_INFO ../../hbus/sv/hbus_monitor.sv(109) @ 37150: uvm_test_top.tb.hbus.monitor [hbus_monitor] transaction collected :
------------------------------------------------------------
Name                  Type                  Size  Value     
------------------------------------------------------------
tr_collect            hbus_transaction      -     @11437    
  haddr               integral              16    'h1133    
  hdata               integral              8     'h33      
  hwr_rd              hbus_read_write_enum  1     HBUS_WRITE
  wait_between_cycle  integral              32    'h0       
  begin_time          time                  64    37050     
  end_time            time                  64    37150     
------------------------------------------------------------

UVM_INFO ../../hbus/sv/hbus_monitor.sv(109) @ 37350: uvm_test_top.tb.hbus.monitor [hbus_monitor] transaction collected :
------------------------------------------------------------
Name                  Type                  Size  Value     
------------------------------------------------------------
tr_collect            hbus_transaction      -     @11437    
  haddr               integral              16    'h1135    
  hdata               integral              8     'hca      
  hwr_rd              hbus_read_write_enum  1     HBUS_WRITE
  wait_between_cycle  integral              32    'h0       
  begin_time          time                  64    37250     
  end_time            time                  64    37350     
------------------------------------------------------------

UVM_INFO ../../hbus/sv/hbus_monitor.sv(109) @ 37650: uvm_test_top.tb.hbus.monitor [hbus_monitor] transaction collected :
-----------------------------------------------------------
Name                  Type                  Size  Value    
-----------------------------------------------------------
tr_collect            hbus_transaction      -     @11437   
  haddr               integral              16    'h1134   
  hdata               integral              8     'hcb     
  hwr_rd              hbus_read_write_enum  1     HBUS_READ
  wait_between_cycle  integral              32    'h0      
  begin_time          time                  64    37450    
  end_time            time                  64    37650    
-----------------------------------------------------------

UVM_INFO ../../hbus/sv/hbus_monitor.sv(109) @ 37850: uvm_test_top.tb.hbus.monitor [hbus_monitor] transaction collected :
------------------------------------------------------------
Name                  Type                  Size  Value     
------------------------------------------------------------
tr_collect            hbus_transaction      -     @11437    
  haddr               integral              16    'h1134    
  hdata               integral              8     'h34      
  hwr_rd              hbus_read_write_enum  1     HBUS_WRITE
  wait_between_cycle  integral              32    'h0       
  begin_time          time                  64    37750     
  end_time            time                  64    37850     
------------------------------------------------------------

UVM_INFO ../../hbus/sv/hbus_monitor.sv(109) @ 38050: uvm_test_top.tb.hbus.monitor [hbus_monitor] transaction collected :
------------------------------------------------------------
Name                  Type                  Size  Value     
------------------------------------------------------------
tr_collect            hbus_transaction      -     @11437    
  haddr               integral              16    'h1136    
  hdata               integral              8     'hc9      
  hwr_rd              hbus_read_write_enum  1     HBUS_WRITE
  wait_between_cycle  integral              32    'h0       
  begin_time          time                  64    37950     
  end_time            time                  64    38050     
------------------------------------------------------------

UVM_INFO ../../hbus/sv/hbus_monitor.sv(109) @ 38350: uvm_test_top.tb.hbus.monitor [hbus_monitor] transaction collected :
-----------------------------------------------------------
Name                  Type                  Size  Value    
-----------------------------------------------------------
tr_collect            hbus_transaction      -     @11437   
  haddr               integral              16    'h1135   
  hdata               integral              8     'hca     
  hwr_rd              hbus_read_write_enum  1     HBUS_READ
  wait_between_cycle  integral              32    'h0      
  begin_time          time                  64    38150    
  end_time            time                  64    38350    
-----------------------------------------------------------

UVM_INFO ../../hbus/sv/hbus_monitor.sv(109) @ 38550: uvm_test_top.tb.hbus.monitor [hbus_monitor] transaction collected :
------------------------------------------------------------
Name                  Type                  Size  Value     
------------------------------------------------------------
tr_collect            hbus_transaction      -     @11437    
  haddr               integral              16    'h1135    
  hdata               integral              8     'h35      
  hwr_rd              hbus_read_write_enum  1     HBUS_WRITE
  wait_between_cycle  integral              32    'h0       
  begin_time          time                  64    38450     
  end_time            time                  64    38550     
------------------------------------------------------------

UVM_INFO ../../hbus/sv/hbus_monitor.sv(109) @ 38750: uvm_test_top.tb.hbus.monitor [hbus_monitor] transaction collected :
------------------------------------------------------------
Name                  Type                  Size  Value     
------------------------------------------------------------
tr_collect            hbus_transaction      -     @11437    
  haddr               integral              16    'h1137    
  hdata               integral              8     'hc8      
  hwr_rd              hbus_read_write_enum  1     HBUS_WRITE
  wait_between_cycle  integral              32    'h0       
  begin_time          time                  64    38650     
  end_time            time                  64    38750     
------------------------------------------------------------

UVM_INFO ../../hbus/sv/hbus_monitor.sv(109) @ 39050: uvm_test_top.tb.hbus.monitor [hbus_monitor] transaction collected :
-----------------------------------------------------------
Name                  Type                  Size  Value    
-----------------------------------------------------------
tr_collect            hbus_transaction      -     @11437   
  haddr               integral              16    'h1136   
  hdata               integral              8     'hc9     
  hwr_rd              hbus_read_write_enum  1     HBUS_READ
  wait_between_cycle  integral              32    'h0      
  begin_time          time                  64    38850    
  end_time            time                  64    39050    
-----------------------------------------------------------

UVM_INFO ../../hbus/sv/hbus_monitor.sv(109) @ 39250: uvm_test_top.tb.hbus.monitor [hbus_monitor] transaction collected :
------------------------------------------------------------
Name                  Type                  Size  Value     
------------------------------------------------------------
tr_collect            hbus_transaction      -     @11437    
  haddr               integral              16    'h1136    
  hdata               integral              8     'h36      
  hwr_rd              hbus_read_write_enum  1     HBUS_WRITE
  wait_between_cycle  integral              32    'h0       
  begin_time          time                  64    39150     
  end_time            time                  64    39250     
------------------------------------------------------------

UVM_INFO ../../hbus/sv/hbus_monitor.sv(109) @ 39450: uvm_test_top.tb.hbus.monitor [hbus_monitor] transaction collected :
------------------------------------------------------------
Name                  Type                  Size  Value     
------------------------------------------------------------
tr_collect            hbus_transaction      -     @11437    
  haddr               integral              16    'h1138    
  hdata               integral              8     'hc7      
  hwr_rd              hbus_read_write_enum  1     HBUS_WRITE
  wait_between_cycle  integral              32    'h0       
  begin_time          time                  64    39350     
  end_time            time                  64    39450     
------------------------------------------------------------

UVM_INFO ../../hbus/sv/hbus_monitor.sv(109) @ 39750: uvm_test_top.tb.hbus.monitor [hbus_monitor] transaction collected :
-----------------------------------------------------------
Name                  Type                  Size  Value    
-----------------------------------------------------------
tr_collect            hbus_transaction      -     @11437   
  haddr               integral              16    'h1137   
  hdata               integral              8     'hc8     
  hwr_rd              hbus_read_write_enum  1     HBUS_READ
  wait_between_cycle  integral              32    'h0      
  begin_time          time                  64    39550    
  end_time            time                  64    39750    
-----------------------------------------------------------

UVM_INFO ../../hbus/sv/hbus_monitor.sv(109) @ 39950: uvm_test_top.tb.hbus.monitor [hbus_monitor] transaction collected :
------------------------------------------------------------
Name                  Type                  Size  Value     
------------------------------------------------------------
tr_collect            hbus_transaction      -     @11437    
  haddr               integral              16    'h1137    
  hdata               integral              8     'h37      
  hwr_rd              hbus_read_write_enum  1     HBUS_WRITE
  wait_between_cycle  integral              32    'h0       
  begin_time          time                  64    39850     
  end_time            time                  64    39950     
------------------------------------------------------------

UVM_INFO ../../hbus/sv/hbus_monitor.sv(109) @ 40150: uvm_test_top.tb.hbus.monitor [hbus_monitor] transaction collected :
------------------------------------------------------------
Name                  Type                  Size  Value     
------------------------------------------------------------
tr_collect            hbus_transaction      -     @11437    
  haddr               integral              16    'h1139    
  hdata               integral              8     'hc6      
  hwr_rd              hbus_read_write_enum  1     HBUS_WRITE
  wait_between_cycle  integral              32    'h0       
  begin_time          time                  64    40050     
  end_time            time                  64    40150     
------------------------------------------------------------

UVM_INFO ../../hbus/sv/hbus_monitor.sv(109) @ 40450: uvm_test_top.tb.hbus.monitor [hbus_monitor] transaction collected :
-----------------------------------------------------------
Name                  Type                  Size  Value    
-----------------------------------------------------------
tr_collect            hbus_transaction      -     @11437   
  haddr               integral              16    'h1138   
  hdata               integral              8     'hc7     
  hwr_rd              hbus_read_write_enum  1     HBUS_READ
  wait_between_cycle  integral              32    'h0      
  begin_time          time                  64    40250    
  end_time            time                  64    40450    
-----------------------------------------------------------

UVM_INFO ../../hbus/sv/hbus_monitor.sv(109) @ 40650: uvm_test_top.tb.hbus.monitor [hbus_monitor] transaction collected :
------------------------------------------------------------
Name                  Type                  Size  Value     
------------------------------------------------------------
tr_collect            hbus_transaction      -     @11437    
  haddr               integral              16    'h1138    
  hdata               integral              8     'h38      
  hwr_rd              hbus_read_write_enum  1     HBUS_WRITE
  wait_between_cycle  integral              32    'h0       
  begin_time          time                  64    40550     
  end_time            time                  64    40650     
------------------------------------------------------------

UVM_INFO ../../hbus/sv/hbus_monitor.sv(109) @ 40850: uvm_test_top.tb.hbus.monitor [hbus_monitor] transaction collected :
------------------------------------------------------------
Name                  Type                  Size  Value     
------------------------------------------------------------
tr_collect            hbus_transaction      -     @11437    
  haddr               integral              16    'h113a    
  hdata               integral              8     'hc5      
  hwr_rd              hbus_read_write_enum  1     HBUS_WRITE
  wait_between_cycle  integral              32    'h0       
  begin_time          time                  64    40750     
  end_time            time                  64    40850     
------------------------------------------------------------

UVM_INFO ../../hbus/sv/hbus_monitor.sv(109) @ 41150: uvm_test_top.tb.hbus.monitor [hbus_monitor] transaction collected :
-----------------------------------------------------------
Name                  Type                  Size  Value    
-----------------------------------------------------------
tr_collect            hbus_transaction      -     @11437   
  haddr               integral              16    'h1139   
  hdata               integral              8     'hc6     
  hwr_rd              hbus_read_write_enum  1     HBUS_READ
  wait_between_cycle  integral              32    'h0      
  begin_time          time                  64    40950    
  end_time            time                  64    41150    
-----------------------------------------------------------

UVM_INFO ../../hbus/sv/hbus_monitor.sv(109) @ 41350: uvm_test_top.tb.hbus.monitor [hbus_monitor] transaction collected :
------------------------------------------------------------
Name                  Type                  Size  Value     
------------------------------------------------------------
tr_collect            hbus_transaction      -     @11437    
  haddr               integral              16    'h1139    
  hdata               integral              8     'h39      
  hwr_rd              hbus_read_write_enum  1     HBUS_WRITE
  wait_between_cycle  integral              32    'h0       
  begin_time          time                  64    41250     
  end_time            time                  64    41350     
------------------------------------------------------------

UVM_INFO ../../hbus/sv/hbus_monitor.sv(109) @ 41550: uvm_test_top.tb.hbus.monitor [hbus_monitor] transaction collected :
------------------------------------------------------------
Name                  Type                  Size  Value     
------------------------------------------------------------
tr_collect            hbus_transaction      -     @11437    
  haddr               integral              16    'h113b    
  hdata               integral              8     'hc4      
  hwr_rd              hbus_read_write_enum  1     HBUS_WRITE
  wait_between_cycle  integral              32    'h0       
  begin_time          time                  64    41450     
  end_time            time                  64    41550     
------------------------------------------------------------

UVM_INFO ../../hbus/sv/hbus_monitor.sv(109) @ 41850: uvm_test_top.tb.hbus.monitor [hbus_monitor] transaction collected :
-----------------------------------------------------------
Name                  Type                  Size  Value    
-----------------------------------------------------------
tr_collect            hbus_transaction      -     @11437   
  haddr               integral              16    'h113a   
  hdata               integral              8     'hc5     
  hwr_rd              hbus_read_write_enum  1     HBUS_READ
  wait_between_cycle  integral              32    'h0      
  begin_time          time                  64    41650    
  end_time            time                  64    41850    
-----------------------------------------------------------

UVM_INFO ../../hbus/sv/hbus_monitor.sv(109) @ 42050: uvm_test_top.tb.hbus.monitor [hbus_monitor] transaction collected :
------------------------------------------------------------
Name                  Type                  Size  Value     
------------------------------------------------------------
tr_collect            hbus_transaction      -     @11437    
  haddr               integral              16    'h113a    
  hdata               integral              8     'h3a      
  hwr_rd              hbus_read_write_enum  1     HBUS_WRITE
  wait_between_cycle  integral              32    'h0       
  begin_time          time                  64    41950     
  end_time            time                  64    42050     
------------------------------------------------------------

UVM_INFO ../../hbus/sv/hbus_monitor.sv(109) @ 42250: uvm_test_top.tb.hbus.monitor [hbus_monitor] transaction collected :
------------------------------------------------------------
Name                  Type                  Size  Value     
------------------------------------------------------------
tr_collect            hbus_transaction      -     @11437    
  haddr               integral              16    'h113c    
  hdata               integral              8     'hc3      
  hwr_rd              hbus_read_write_enum  1     HBUS_WRITE
  wait_between_cycle  integral              32    'h0       
  begin_time          time                  64    42150     
  end_time            time                  64    42250     
------------------------------------------------------------

UVM_INFO ../../hbus/sv/hbus_monitor.sv(109) @ 42550: uvm_test_top.tb.hbus.monitor [hbus_monitor] transaction collected :
-----------------------------------------------------------
Name                  Type                  Size  Value    
-----------------------------------------------------------
tr_collect            hbus_transaction      -     @11437   
  haddr               integral              16    'h113b   
  hdata               integral              8     'hc4     
  hwr_rd              hbus_read_write_enum  1     HBUS_READ
  wait_between_cycle  integral              32    'h0      
  begin_time          time                  64    42350    
  end_time            time                  64    42550    
-----------------------------------------------------------

UVM_INFO ../../hbus/sv/hbus_monitor.sv(109) @ 42750: uvm_test_top.tb.hbus.monitor [hbus_monitor] transaction collected :
------------------------------------------------------------
Name                  Type                  Size  Value     
------------------------------------------------------------
tr_collect            hbus_transaction      -     @11437    
  haddr               integral              16    'h113b    
  hdata               integral              8     'h3b      
  hwr_rd              hbus_read_write_enum  1     HBUS_WRITE
  wait_between_cycle  integral              32    'h0       
  begin_time          time                  64    42650     
  end_time            time                  64    42750     
------------------------------------------------------------

UVM_INFO ../../hbus/sv/hbus_monitor.sv(109) @ 42950: uvm_test_top.tb.hbus.monitor [hbus_monitor] transaction collected :
------------------------------------------------------------
Name                  Type                  Size  Value     
------------------------------------------------------------
tr_collect            hbus_transaction      -     @11437    
  haddr               integral              16    'h113d    
  hdata               integral              8     'hc2      
  hwr_rd              hbus_read_write_enum  1     HBUS_WRITE
  wait_between_cycle  integral              32    'h0       
  begin_time          time                  64    42850     
  end_time            time                  64    42950     
------------------------------------------------------------

UVM_INFO ../../hbus/sv/hbus_monitor.sv(109) @ 43250: uvm_test_top.tb.hbus.monitor [hbus_monitor] transaction collected :
-----------------------------------------------------------
Name                  Type                  Size  Value    
-----------------------------------------------------------
tr_collect            hbus_transaction      -     @11437   
  haddr               integral              16    'h113c   
  hdata               integral              8     'hc3     
  hwr_rd              hbus_read_write_enum  1     HBUS_READ
  wait_between_cycle  integral              32    'h0      
  begin_time          time                  64    43050    
  end_time            time                  64    43250    
-----------------------------------------------------------

UVM_INFO ../../hbus/sv/hbus_monitor.sv(109) @ 43450: uvm_test_top.tb.hbus.monitor [hbus_monitor] transaction collected :
------------------------------------------------------------
Name                  Type                  Size  Value     
------------------------------------------------------------
tr_collect            hbus_transaction      -     @11437    
  haddr               integral              16    'h113c    
  hdata               integral              8     'h3c      
  hwr_rd              hbus_read_write_enum  1     HBUS_WRITE
  wait_between_cycle  integral              32    'h0       
  begin_time          time                  64    43350     
  end_time            time                  64    43450     
------------------------------------------------------------

UVM_INFO ../../hbus/sv/hbus_monitor.sv(109) @ 43650: uvm_test_top.tb.hbus.monitor [hbus_monitor] transaction collected :
------------------------------------------------------------
Name                  Type                  Size  Value     
------------------------------------------------------------
tr_collect            hbus_transaction      -     @11437    
  haddr               integral              16    'h113e    
  hdata               integral              8     'hc1      
  hwr_rd              hbus_read_write_enum  1     HBUS_WRITE
  wait_between_cycle  integral              32    'h0       
  begin_time          time                  64    43550     
  end_time            time                  64    43650     
------------------------------------------------------------

UVM_INFO ../../hbus/sv/hbus_monitor.sv(109) @ 43950: uvm_test_top.tb.hbus.monitor [hbus_monitor] transaction collected :
-----------------------------------------------------------
Name                  Type                  Size  Value    
-----------------------------------------------------------
tr_collect            hbus_transaction      -     @11437   
  haddr               integral              16    'h113d   
  hdata               integral              8     'hc2     
  hwr_rd              hbus_read_write_enum  1     HBUS_READ
  wait_between_cycle  integral              32    'h0      
  begin_time          time                  64    43750    
  end_time            time                  64    43950    
-----------------------------------------------------------

UVM_INFO ../../hbus/sv/hbus_monitor.sv(109) @ 44150: uvm_test_top.tb.hbus.monitor [hbus_monitor] transaction collected :
------------------------------------------------------------
Name                  Type                  Size  Value     
------------------------------------------------------------
tr_collect            hbus_transaction      -     @11437    
  haddr               integral              16    'h113d    
  hdata               integral              8     'h3d      
  hwr_rd              hbus_read_write_enum  1     HBUS_WRITE
  wait_between_cycle  integral              32    'h0       
  begin_time          time                  64    44050     
  end_time            time                  64    44150     
------------------------------------------------------------

UVM_INFO ../../hbus/sv/hbus_monitor.sv(109) @ 44350: uvm_test_top.tb.hbus.monitor [hbus_monitor] transaction collected :
------------------------------------------------------------
Name                  Type                  Size  Value     
------------------------------------------------------------
tr_collect            hbus_transaction      -     @11437    
  haddr               integral              16    'h113f    
  hdata               integral              8     'hc0      
  hwr_rd              hbus_read_write_enum  1     HBUS_WRITE
  wait_between_cycle  integral              32    'h0       
  begin_time          time                  64    44250     
  end_time            time                  64    44350     
------------------------------------------------------------

UVM_INFO ../../hbus/sv/hbus_monitor.sv(109) @ 44650: uvm_test_top.tb.hbus.monitor [hbus_monitor] transaction collected :
-----------------------------------------------------------
Name                  Type                  Size  Value    
-----------------------------------------------------------
tr_collect            hbus_transaction      -     @11437   
  haddr               integral              16    'h113e   
  hdata               integral              8     'hc1     
  hwr_rd              hbus_read_write_enum  1     HBUS_READ
  wait_between_cycle  integral              32    'h0      
  begin_time          time                  64    44450    
  end_time            time                  64    44650    
-----------------------------------------------------------

UVM_INFO ../../hbus/sv/hbus_monitor.sv(109) @ 44850: uvm_test_top.tb.hbus.monitor [hbus_monitor] transaction collected :
------------------------------------------------------------
Name                  Type                  Size  Value     
------------------------------------------------------------
tr_collect            hbus_transaction      -     @11437    
  haddr               integral              16    'h113e    
  hdata               integral              8     'h3e      
  hwr_rd              hbus_read_write_enum  1     HBUS_WRITE
  wait_between_cycle  integral              32    'h0       
  begin_time          time                  64    44750     
  end_time            time                  64    44850     
------------------------------------------------------------

UVM_INFO ../../hbus/sv/hbus_monitor.sv(109) @ 45050: uvm_test_top.tb.hbus.monitor [hbus_monitor] transaction collected :
------------------------------------------------------------
Name                  Type                  Size  Value     
------------------------------------------------------------
tr_collect            hbus_transaction      -     @11437    
  haddr               integral              16    'h1140    
  hdata               integral              8     'hbf      
  hwr_rd              hbus_read_write_enum  1     HBUS_WRITE
  wait_between_cycle  integral              32    'h0       
  begin_time          time                  64    44950     
  end_time            time                  64    45050     
------------------------------------------------------------

UVM_INFO ../../hbus/sv/hbus_monitor.sv(109) @ 45350: uvm_test_top.tb.hbus.monitor [hbus_monitor] transaction collected :
-----------------------------------------------------------
Name                  Type                  Size  Value    
-----------------------------------------------------------
tr_collect            hbus_transaction      -     @11437   
  haddr               integral              16    'h113f   
  hdata               integral              8     'hc0     
  hwr_rd              hbus_read_write_enum  1     HBUS_READ
  wait_between_cycle  integral              32    'h0      
  begin_time          time                  64    45150    
  end_time            time                  64    45350    
-----------------------------------------------------------

UVM_INFO ../../hbus/sv/hbus_monitor.sv(109) @ 45550: uvm_test_top.tb.hbus.monitor [hbus_monitor] transaction collected :
------------------------------------------------------------
Name                  Type                  Size  Value     
------------------------------------------------------------
tr_collect            hbus_transaction      -     @11437    
  haddr               integral              16    'h113f    
  hdata               integral              8     'h3f      
  hwr_rd              hbus_read_write_enum  1     HBUS_WRITE
  wait_between_cycle  integral              32    'h0       
  begin_time          time                  64    45450     
  end_time            time                  64    45550     
------------------------------------------------------------

UVM_INFO ../../hbus/sv/hbus_monitor.sv(109) @ 45750: uvm_test_top.tb.hbus.monitor [hbus_monitor] transaction collected :
------------------------------------------------------------
Name                  Type                  Size  Value     
------------------------------------------------------------
tr_collect            hbus_transaction      -     @11437    
  haddr               integral              16    'h1141    
  hdata               integral              8     'hbe      
  hwr_rd              hbus_read_write_enum  1     HBUS_WRITE
  wait_between_cycle  integral              32    'h0       
  begin_time          time                  64    45650     
  end_time            time                  64    45750     
------------------------------------------------------------

UVM_INFO ../../hbus/sv/hbus_monitor.sv(109) @ 46050: uvm_test_top.tb.hbus.monitor [hbus_monitor] transaction collected :
-----------------------------------------------------------
Name                  Type                  Size  Value    
-----------------------------------------------------------
tr_collect            hbus_transaction      -     @11437   
  haddr               integral              16    'h1140   
  hdata               integral              8     'hbf     
  hwr_rd              hbus_read_write_enum  1     HBUS_READ
  wait_between_cycle  integral              32    'h0      
  begin_time          time                  64    45850    
  end_time            time                  64    46050    
-----------------------------------------------------------

UVM_INFO ../../hbus/sv/hbus_monitor.sv(109) @ 46250: uvm_test_top.tb.hbus.monitor [hbus_monitor] transaction collected :
------------------------------------------------------------
Name                  Type                  Size  Value     
------------------------------------------------------------
tr_collect            hbus_transaction      -     @11437    
  haddr               integral              16    'h1140    
  hdata               integral              8     'h40      
  hwr_rd              hbus_read_write_enum  1     HBUS_WRITE
  wait_between_cycle  integral              32    'h0       
  begin_time          time                  64    46150     
  end_time            time                  64    46250     
------------------------------------------------------------

UVM_INFO ../../hbus/sv/hbus_monitor.sv(109) @ 46450: uvm_test_top.tb.hbus.monitor [hbus_monitor] transaction collected :
------------------------------------------------------------
Name                  Type                  Size  Value     
------------------------------------------------------------
tr_collect            hbus_transaction      -     @11437    
  haddr               integral              16    'h1142    
  hdata               integral              8     'hbd      
  hwr_rd              hbus_read_write_enum  1     HBUS_WRITE
  wait_between_cycle  integral              32    'h0       
  begin_time          time                  64    46350     
  end_time            time                  64    46450     
------------------------------------------------------------

UVM_INFO ../../hbus/sv/hbus_monitor.sv(109) @ 46750: uvm_test_top.tb.hbus.monitor [hbus_monitor] transaction collected :
-----------------------------------------------------------
Name                  Type                  Size  Value    
-----------------------------------------------------------
tr_collect            hbus_transaction      -     @11437   
  haddr               integral              16    'h1141   
  hdata               integral              8     'hbe     
  hwr_rd              hbus_read_write_enum  1     HBUS_READ
  wait_between_cycle  integral              32    'h0      
  begin_time          time                  64    46550    
  end_time            time                  64    46750    
-----------------------------------------------------------

UVM_INFO ../../hbus/sv/hbus_monitor.sv(109) @ 46950: uvm_test_top.tb.hbus.monitor [hbus_monitor] transaction collected :
------------------------------------------------------------
Name                  Type                  Size  Value     
------------------------------------------------------------
tr_collect            hbus_transaction      -     @11437    
  haddr               integral              16    'h1141    
  hdata               integral              8     'h41      
  hwr_rd              hbus_read_write_enum  1     HBUS_WRITE
  wait_between_cycle  integral              32    'h0       
  begin_time          time                  64    46850     
  end_time            time                  64    46950     
------------------------------------------------------------

UVM_INFO ../../hbus/sv/hbus_monitor.sv(109) @ 47150: uvm_test_top.tb.hbus.monitor [hbus_monitor] transaction collected :
------------------------------------------------------------
Name                  Type                  Size  Value     
------------------------------------------------------------
tr_collect            hbus_transaction      -     @11437    
  haddr               integral              16    'h1143    
  hdata               integral              8     'hbc      
  hwr_rd              hbus_read_write_enum  1     HBUS_WRITE
  wait_between_cycle  integral              32    'h0       
  begin_time          time                  64    47050     
  end_time            time                  64    47150     
------------------------------------------------------------

UVM_INFO ../../hbus/sv/hbus_monitor.sv(109) @ 47450: uvm_test_top.tb.hbus.monitor [hbus_monitor] transaction collected :
-----------------------------------------------------------
Name                  Type                  Size  Value    
-----------------------------------------------------------
tr_collect            hbus_transaction      -     @11437   
  haddr               integral              16    'h1142   
  hdata               integral              8     'hbd     
  hwr_rd              hbus_read_write_enum  1     HBUS_READ
  wait_between_cycle  integral              32    'h0      
  begin_time          time                  64    47250    
  end_time            time                  64    47450    
-----------------------------------------------------------

UVM_INFO ../../hbus/sv/hbus_monitor.sv(109) @ 47650: uvm_test_top.tb.hbus.monitor [hbus_monitor] transaction collected :
------------------------------------------------------------
Name                  Type                  Size  Value     
------------------------------------------------------------
tr_collect            hbus_transaction      -     @11437    
  haddr               integral              16    'h1142    
  hdata               integral              8     'h42      
  hwr_rd              hbus_read_write_enum  1     HBUS_WRITE
  wait_between_cycle  integral              32    'h0       
  begin_time          time                  64    47550     
  end_time            time                  64    47650     
------------------------------------------------------------

UVM_INFO ../../hbus/sv/hbus_monitor.sv(109) @ 47850: uvm_test_top.tb.hbus.monitor [hbus_monitor] transaction collected :
------------------------------------------------------------
Name                  Type                  Size  Value     
------------------------------------------------------------
tr_collect            hbus_transaction      -     @11437    
  haddr               integral              16    'h1144    
  hdata               integral              8     'hbb      
  hwr_rd              hbus_read_write_enum  1     HBUS_WRITE
  wait_between_cycle  integral              32    'h0       
  begin_time          time                  64    47750     
  end_time            time                  64    47850     
------------------------------------------------------------

UVM_INFO ../../hbus/sv/hbus_monitor.sv(109) @ 48150: uvm_test_top.tb.hbus.monitor [hbus_monitor] transaction collected :
-----------------------------------------------------------
Name                  Type                  Size  Value    
-----------------------------------------------------------
tr_collect            hbus_transaction      -     @11437   
  haddr               integral              16    'h1143   
  hdata               integral              8     'hbc     
  hwr_rd              hbus_read_write_enum  1     HBUS_READ
  wait_between_cycle  integral              32    'h0      
  begin_time          time                  64    47950    
  end_time            time                  64    48150    
-----------------------------------------------------------

UVM_INFO ../../hbus/sv/hbus_monitor.sv(109) @ 48350: uvm_test_top.tb.hbus.monitor [hbus_monitor] transaction collected :
------------------------------------------------------------
Name                  Type                  Size  Value     
------------------------------------------------------------
tr_collect            hbus_transaction      -     @11437    
  haddr               integral              16    'h1143    
  hdata               integral              8     'h43      
  hwr_rd              hbus_read_write_enum  1     HBUS_WRITE
  wait_between_cycle  integral              32    'h0       
  begin_time          time                  64    48250     
  end_time            time                  64    48350     
------------------------------------------------------------

UVM_INFO ../../hbus/sv/hbus_monitor.sv(109) @ 48550: uvm_test_top.tb.hbus.monitor [hbus_monitor] transaction collected :
------------------------------------------------------------
Name                  Type                  Size  Value     
------------------------------------------------------------
tr_collect            hbus_transaction      -     @11437    
  haddr               integral              16    'h1145    
  hdata               integral              8     'hba      
  hwr_rd              hbus_read_write_enum  1     HBUS_WRITE
  wait_between_cycle  integral              32    'h0       
  begin_time          time                  64    48450     
  end_time            time                  64    48550     
------------------------------------------------------------

UVM_INFO ../../hbus/sv/hbus_monitor.sv(109) @ 48850: uvm_test_top.tb.hbus.monitor [hbus_monitor] transaction collected :
-----------------------------------------------------------
Name                  Type                  Size  Value    
-----------------------------------------------------------
tr_collect            hbus_transaction      -     @11437   
  haddr               integral              16    'h1144   
  hdata               integral              8     'hbb     
  hwr_rd              hbus_read_write_enum  1     HBUS_READ
  wait_between_cycle  integral              32    'h0      
  begin_time          time                  64    48650    
  end_time            time                  64    48850    
-----------------------------------------------------------

UVM_INFO ../../hbus/sv/hbus_monitor.sv(109) @ 49050: uvm_test_top.tb.hbus.monitor [hbus_monitor] transaction collected :
------------------------------------------------------------
Name                  Type                  Size  Value     
------------------------------------------------------------
tr_collect            hbus_transaction      -     @11437    
  haddr               integral              16    'h1144    
  hdata               integral              8     'h44      
  hwr_rd              hbus_read_write_enum  1     HBUS_WRITE
  wait_between_cycle  integral              32    'h0       
  begin_time          time                  64    48950     
  end_time            time                  64    49050     
------------------------------------------------------------

UVM_INFO ../../hbus/sv/hbus_monitor.sv(109) @ 49250: uvm_test_top.tb.hbus.monitor [hbus_monitor] transaction collected :
------------------------------------------------------------
Name                  Type                  Size  Value     
------------------------------------------------------------
tr_collect            hbus_transaction      -     @11437    
  haddr               integral              16    'h1146    
  hdata               integral              8     'hb9      
  hwr_rd              hbus_read_write_enum  1     HBUS_WRITE
  wait_between_cycle  integral              32    'h0       
  begin_time          time                  64    49150     
  end_time            time                  64    49250     
------------------------------------------------------------

UVM_INFO ../../hbus/sv/hbus_monitor.sv(109) @ 49550: uvm_test_top.tb.hbus.monitor [hbus_monitor] transaction collected :
-----------------------------------------------------------
Name                  Type                  Size  Value    
-----------------------------------------------------------
tr_collect            hbus_transaction      -     @11437   
  haddr               integral              16    'h1145   
  hdata               integral              8     'hba     
  hwr_rd              hbus_read_write_enum  1     HBUS_READ
  wait_between_cycle  integral              32    'h0      
  begin_time          time                  64    49350    
  end_time            time                  64    49550    
-----------------------------------------------------------

UVM_INFO ../../hbus/sv/hbus_monitor.sv(109) @ 49750: uvm_test_top.tb.hbus.monitor [hbus_monitor] transaction collected :
------------------------------------------------------------
Name                  Type                  Size  Value     
------------------------------------------------------------
tr_collect            hbus_transaction      -     @11437    
  haddr               integral              16    'h1145    
  hdata               integral              8     'h45      
  hwr_rd              hbus_read_write_enum  1     HBUS_WRITE
  wait_between_cycle  integral              32    'h0       
  begin_time          time                  64    49650     
  end_time            time                  64    49750     
------------------------------------------------------------

UVM_INFO ../../hbus/sv/hbus_monitor.sv(109) @ 49950: uvm_test_top.tb.hbus.monitor [hbus_monitor] transaction collected :
------------------------------------------------------------
Name                  Type                  Size  Value     
------------------------------------------------------------
tr_collect            hbus_transaction      -     @11437    
  haddr               integral              16    'h1147    
  hdata               integral              8     'hb8      
  hwr_rd              hbus_read_write_enum  1     HBUS_WRITE
  wait_between_cycle  integral              32    'h0       
  begin_time          time                  64    49850     
  end_time            time                  64    49950     
------------------------------------------------------------

UVM_INFO ../../hbus/sv/hbus_monitor.sv(109) @ 50250: uvm_test_top.tb.hbus.monitor [hbus_monitor] transaction collected :
-----------------------------------------------------------
Name                  Type                  Size  Value    
-----------------------------------------------------------
tr_collect            hbus_transaction      -     @11437   
  haddr               integral              16    'h1146   
  hdata               integral              8     'hb9     
  hwr_rd              hbus_read_write_enum  1     HBUS_READ
  wait_between_cycle  integral              32    'h0      
  begin_time          time                  64    50050    
  end_time            time                  64    50250    
-----------------------------------------------------------

UVM_INFO ../../hbus/sv/hbus_monitor.sv(109) @ 50450: uvm_test_top.tb.hbus.monitor [hbus_monitor] transaction collected :
------------------------------------------------------------
Name                  Type                  Size  Value     
------------------------------------------------------------
tr_collect            hbus_transaction      -     @11437    
  haddr               integral              16    'h1146    
  hdata               integral              8     'h46      
  hwr_rd              hbus_read_write_enum  1     HBUS_WRITE
  wait_between_cycle  integral              32    'h0       
  begin_time          time                  64    50350     
  end_time            time                  64    50450     
------------------------------------------------------------

UVM_INFO ../../hbus/sv/hbus_monitor.sv(109) @ 50650: uvm_test_top.tb.hbus.monitor [hbus_monitor] transaction collected :
------------------------------------------------------------
Name                  Type                  Size  Value     
------------------------------------------------------------
tr_collect            hbus_transaction      -     @11437    
  haddr               integral              16    'h1148    
  hdata               integral              8     'hb7      
  hwr_rd              hbus_read_write_enum  1     HBUS_WRITE
  wait_between_cycle  integral              32    'h0       
  begin_time          time                  64    50550     
  end_time            time                  64    50650     
------------------------------------------------------------

UVM_INFO ../../hbus/sv/hbus_monitor.sv(109) @ 50950: uvm_test_top.tb.hbus.monitor [hbus_monitor] transaction collected :
-----------------------------------------------------------
Name                  Type                  Size  Value    
-----------------------------------------------------------
tr_collect            hbus_transaction      -     @11437   
  haddr               integral              16    'h1147   
  hdata               integral              8     'hb8     
  hwr_rd              hbus_read_write_enum  1     HBUS_READ
  wait_between_cycle  integral              32    'h0      
  begin_time          time                  64    50750    
  end_time            time                  64    50950    
-----------------------------------------------------------

UVM_INFO ../../hbus/sv/hbus_monitor.sv(109) @ 51150: uvm_test_top.tb.hbus.monitor [hbus_monitor] transaction collected :
------------------------------------------------------------
Name                  Type                  Size  Value     
------------------------------------------------------------
tr_collect            hbus_transaction      -     @11437    
  haddr               integral              16    'h1147    
  hdata               integral              8     'h47      
  hwr_rd              hbus_read_write_enum  1     HBUS_WRITE
  wait_between_cycle  integral              32    'h0       
  begin_time          time                  64    51050     
  end_time            time                  64    51150     
------------------------------------------------------------

UVM_INFO ../../hbus/sv/hbus_monitor.sv(109) @ 51350: uvm_test_top.tb.hbus.monitor [hbus_monitor] transaction collected :
------------------------------------------------------------
Name                  Type                  Size  Value     
------------------------------------------------------------
tr_collect            hbus_transaction      -     @11437    
  haddr               integral              16    'h1149    
  hdata               integral              8     'hb6      
  hwr_rd              hbus_read_write_enum  1     HBUS_WRITE
  wait_between_cycle  integral              32    'h0       
  begin_time          time                  64    51250     
  end_time            time                  64    51350     
------------------------------------------------------------

UVM_INFO ../../hbus/sv/hbus_monitor.sv(109) @ 51650: uvm_test_top.tb.hbus.monitor [hbus_monitor] transaction collected :
-----------------------------------------------------------
Name                  Type                  Size  Value    
-----------------------------------------------------------
tr_collect            hbus_transaction      -     @11437   
  haddr               integral              16    'h1148   
  hdata               integral              8     'hb7     
  hwr_rd              hbus_read_write_enum  1     HBUS_READ
  wait_between_cycle  integral              32    'h0      
  begin_time          time                  64    51450    
  end_time            time                  64    51650    
-----------------------------------------------------------

UVM_INFO ../../hbus/sv/hbus_monitor.sv(109) @ 51850: uvm_test_top.tb.hbus.monitor [hbus_monitor] transaction collected :
------------------------------------------------------------
Name                  Type                  Size  Value     
------------------------------------------------------------
tr_collect            hbus_transaction      -     @11437    
  haddr               integral              16    'h1148    
  hdata               integral              8     'h48      
  hwr_rd              hbus_read_write_enum  1     HBUS_WRITE
  wait_between_cycle  integral              32    'h0       
  begin_time          time                  64    51750     
  end_time            time                  64    51850     
------------------------------------------------------------

UVM_INFO ../../hbus/sv/hbus_monitor.sv(109) @ 52050: uvm_test_top.tb.hbus.monitor [hbus_monitor] transaction collected :
------------------------------------------------------------
Name                  Type                  Size  Value     
------------------------------------------------------------
tr_collect            hbus_transaction      -     @11437    
  haddr               integral              16    'h114a    
  hdata               integral              8     'hb5      
  hwr_rd              hbus_read_write_enum  1     HBUS_WRITE
  wait_between_cycle  integral              32    'h0       
  begin_time          time                  64    51950     
  end_time            time                  64    52050     
------------------------------------------------------------

UVM_INFO ../../hbus/sv/hbus_monitor.sv(109) @ 52350: uvm_test_top.tb.hbus.monitor [hbus_monitor] transaction collected :
-----------------------------------------------------------
Name                  Type                  Size  Value    
-----------------------------------------------------------
tr_collect            hbus_transaction      -     @11437   
  haddr               integral              16    'h1149   
  hdata               integral              8     'hb6     
  hwr_rd              hbus_read_write_enum  1     HBUS_READ
  wait_between_cycle  integral              32    'h0      
  begin_time          time                  64    52150    
  end_time            time                  64    52350    
-----------------------------------------------------------

UVM_INFO ../../hbus/sv/hbus_monitor.sv(109) @ 52550: uvm_test_top.tb.hbus.monitor [hbus_monitor] transaction collected :
------------------------------------------------------------
Name                  Type                  Size  Value     
------------------------------------------------------------
tr_collect            hbus_transaction      -     @11437    
  haddr               integral              16    'h1149    
  hdata               integral              8     'h49      
  hwr_rd              hbus_read_write_enum  1     HBUS_WRITE
  wait_between_cycle  integral              32    'h0       
  begin_time          time                  64    52450     
  end_time            time                  64    52550     
------------------------------------------------------------

UVM_INFO ../../hbus/sv/hbus_monitor.sv(109) @ 52750: uvm_test_top.tb.hbus.monitor [hbus_monitor] transaction collected :
------------------------------------------------------------
Name                  Type                  Size  Value     
------------------------------------------------------------
tr_collect            hbus_transaction      -     @11437    
  haddr               integral              16    'h114b    
  hdata               integral              8     'hb4      
  hwr_rd              hbus_read_write_enum  1     HBUS_WRITE
  wait_between_cycle  integral              32    'h0       
  begin_time          time                  64    52650     
  end_time            time                  64    52750     
------------------------------------------------------------

UVM_INFO ../../hbus/sv/hbus_monitor.sv(109) @ 53050: uvm_test_top.tb.hbus.monitor [hbus_monitor] transaction collected :
-----------------------------------------------------------
Name                  Type                  Size  Value    
-----------------------------------------------------------
tr_collect            hbus_transaction      -     @11437   
  haddr               integral              16    'h114a   
  hdata               integral              8     'hb5     
  hwr_rd              hbus_read_write_enum  1     HBUS_READ
  wait_between_cycle  integral              32    'h0      
  begin_time          time                  64    52850    
  end_time            time                  64    53050    
-----------------------------------------------------------

UVM_INFO ../../hbus/sv/hbus_monitor.sv(109) @ 53250: uvm_test_top.tb.hbus.monitor [hbus_monitor] transaction collected :
------------------------------------------------------------
Name                  Type                  Size  Value     
------------------------------------------------------------
tr_collect            hbus_transaction      -     @11437    
  haddr               integral              16    'h114a    
  hdata               integral              8     'h4a      
  hwr_rd              hbus_read_write_enum  1     HBUS_WRITE
  wait_between_cycle  integral              32    'h0       
  begin_time          time                  64    53150     
  end_time            time                  64    53250     
------------------------------------------------------------

UVM_INFO ../../hbus/sv/hbus_monitor.sv(109) @ 53450: uvm_test_top.tb.hbus.monitor [hbus_monitor] transaction collected :
------------------------------------------------------------
Name                  Type                  Size  Value     
------------------------------------------------------------
tr_collect            hbus_transaction      -     @11437    
  haddr               integral              16    'h114c    
  hdata               integral              8     'hb3      
  hwr_rd              hbus_read_write_enum  1     HBUS_WRITE
  wait_between_cycle  integral              32    'h0       
  begin_time          time                  64    53350     
  end_time            time                  64    53450     
------------------------------------------------------------

UVM_INFO ../../hbus/sv/hbus_monitor.sv(109) @ 53750: uvm_test_top.tb.hbus.monitor [hbus_monitor] transaction collected :
-----------------------------------------------------------
Name                  Type                  Size  Value    
-----------------------------------------------------------
tr_collect            hbus_transaction      -     @11437   
  haddr               integral              16    'h114b   
  hdata               integral              8     'hb4     
  hwr_rd              hbus_read_write_enum  1     HBUS_READ
  wait_between_cycle  integral              32    'h0      
  begin_time          time                  64    53550    
  end_time            time                  64    53750    
-----------------------------------------------------------

UVM_INFO ../../hbus/sv/hbus_monitor.sv(109) @ 53950: uvm_test_top.tb.hbus.monitor [hbus_monitor] transaction collected :
------------------------------------------------------------
Name                  Type                  Size  Value     
------------------------------------------------------------
tr_collect            hbus_transaction      -     @11437    
  haddr               integral              16    'h114b    
  hdata               integral              8     'h4b      
  hwr_rd              hbus_read_write_enum  1     HBUS_WRITE
  wait_between_cycle  integral              32    'h0       
  begin_time          time                  64    53850     
  end_time            time                  64    53950     
------------------------------------------------------------

UVM_INFO ../../hbus/sv/hbus_monitor.sv(109) @ 54150: uvm_test_top.tb.hbus.monitor [hbus_monitor] transaction collected :
------------------------------------------------------------
Name                  Type                  Size  Value     
------------------------------------------------------------
tr_collect            hbus_transaction      -     @11437    
  haddr               integral              16    'h114d    
  hdata               integral              8     'hb2      
  hwr_rd              hbus_read_write_enum  1     HBUS_WRITE
  wait_between_cycle  integral              32    'h0       
  begin_time          time                  64    54050     
  end_time            time                  64    54150     
------------------------------------------------------------

UVM_INFO ../../hbus/sv/hbus_monitor.sv(109) @ 54450: uvm_test_top.tb.hbus.monitor [hbus_monitor] transaction collected :
-----------------------------------------------------------
Name                  Type                  Size  Value    
-----------------------------------------------------------
tr_collect            hbus_transaction      -     @11437   
  haddr               integral              16    'h114c   
  hdata               integral              8     'hb3     
  hwr_rd              hbus_read_write_enum  1     HBUS_READ
  wait_between_cycle  integral              32    'h0      
  begin_time          time                  64    54250    
  end_time            time                  64    54450    
-----------------------------------------------------------

UVM_INFO ../../hbus/sv/hbus_monitor.sv(109) @ 54650: uvm_test_top.tb.hbus.monitor [hbus_monitor] transaction collected :
------------------------------------------------------------
Name                  Type                  Size  Value     
------------------------------------------------------------
tr_collect            hbus_transaction      -     @11437    
  haddr               integral              16    'h114c    
  hdata               integral              8     'h4c      
  hwr_rd              hbus_read_write_enum  1     HBUS_WRITE
  wait_between_cycle  integral              32    'h0       
  begin_time          time                  64    54550     
  end_time            time                  64    54650     
------------------------------------------------------------

UVM_INFO ../../hbus/sv/hbus_monitor.sv(109) @ 54850: uvm_test_top.tb.hbus.monitor [hbus_monitor] transaction collected :
------------------------------------------------------------
Name                  Type                  Size  Value     
------------------------------------------------------------
tr_collect            hbus_transaction      -     @11437    
  haddr               integral              16    'h114e    
  hdata               integral              8     'hb1      
  hwr_rd              hbus_read_write_enum  1     HBUS_WRITE
  wait_between_cycle  integral              32    'h0       
  begin_time          time                  64    54750     
  end_time            time                  64    54850     
------------------------------------------------------------

UVM_INFO ../../hbus/sv/hbus_monitor.sv(109) @ 55150: uvm_test_top.tb.hbus.monitor [hbus_monitor] transaction collected :
-----------------------------------------------------------
Name                  Type                  Size  Value    
-----------------------------------------------------------
tr_collect            hbus_transaction      -     @11437   
  haddr               integral              16    'h114d   
  hdata               integral              8     'hb2     
  hwr_rd              hbus_read_write_enum  1     HBUS_READ
  wait_between_cycle  integral              32    'h0      
  begin_time          time                  64    54950    
  end_time            time                  64    55150    
-----------------------------------------------------------

UVM_INFO ../../hbus/sv/hbus_monitor.sv(109) @ 55350: uvm_test_top.tb.hbus.monitor [hbus_monitor] transaction collected :
------------------------------------------------------------
Name                  Type                  Size  Value     
------------------------------------------------------------
tr_collect            hbus_transaction      -     @11437    
  haddr               integral              16    'h114d    
  hdata               integral              8     'h4d      
  hwr_rd              hbus_read_write_enum  1     HBUS_WRITE
  wait_between_cycle  integral              32    'h0       
  begin_time          time                  64    55250     
  end_time            time                  64    55350     
------------------------------------------------------------

UVM_INFO ../../hbus/sv/hbus_monitor.sv(109) @ 55550: uvm_test_top.tb.hbus.monitor [hbus_monitor] transaction collected :
------------------------------------------------------------
Name                  Type                  Size  Value     
------------------------------------------------------------
tr_collect            hbus_transaction      -     @11437    
  haddr               integral              16    'h114f    
  hdata               integral              8     'hb0      
  hwr_rd              hbus_read_write_enum  1     HBUS_WRITE
  wait_between_cycle  integral              32    'h0       
  begin_time          time                  64    55450     
  end_time            time                  64    55550     
------------------------------------------------------------

UVM_INFO ../../hbus/sv/hbus_monitor.sv(109) @ 55850: uvm_test_top.tb.hbus.monitor [hbus_monitor] transaction collected :
-----------------------------------------------------------
Name                  Type                  Size  Value    
-----------------------------------------------------------
tr_collect            hbus_transaction      -     @11437   
  haddr               integral              16    'h114e   
  hdata               integral              8     'hb1     
  hwr_rd              hbus_read_write_enum  1     HBUS_READ
  wait_between_cycle  integral              32    'h0      
  begin_time          time                  64    55650    
  end_time            time                  64    55850    
-----------------------------------------------------------

UVM_INFO ../../hbus/sv/hbus_monitor.sv(109) @ 56050: uvm_test_top.tb.hbus.monitor [hbus_monitor] transaction collected :
------------------------------------------------------------
Name                  Type                  Size  Value     
------------------------------------------------------------
tr_collect            hbus_transaction      -     @11437    
  haddr               integral              16    'h114e    
  hdata               integral              8     'h4e      
  hwr_rd              hbus_read_write_enum  1     HBUS_WRITE
  wait_between_cycle  integral              32    'h0       
  begin_time          time                  64    55950     
  end_time            time                  64    56050     
------------------------------------------------------------

UVM_INFO ../../hbus/sv/hbus_monitor.sv(109) @ 56250: uvm_test_top.tb.hbus.monitor [hbus_monitor] transaction collected :
------------------------------------------------------------
Name                  Type                  Size  Value     
------------------------------------------------------------
tr_collect            hbus_transaction      -     @11437    
  haddr               integral              16    'h1150    
  hdata               integral              8     'haf      
  hwr_rd              hbus_read_write_enum  1     HBUS_WRITE
  wait_between_cycle  integral              32    'h0       
  begin_time          time                  64    56150     
  end_time            time                  64    56250     
------------------------------------------------------------

UVM_INFO ../../hbus/sv/hbus_monitor.sv(109) @ 56550: uvm_test_top.tb.hbus.monitor [hbus_monitor] transaction collected :
-----------------------------------------------------------
Name                  Type                  Size  Value    
-----------------------------------------------------------
tr_collect            hbus_transaction      -     @11437   
  haddr               integral              16    'h114f   
  hdata               integral              8     'hb0     
  hwr_rd              hbus_read_write_enum  1     HBUS_READ
  wait_between_cycle  integral              32    'h0      
  begin_time          time                  64    56350    
  end_time            time                  64    56550    
-----------------------------------------------------------

UVM_INFO ../../hbus/sv/hbus_monitor.sv(109) @ 56750: uvm_test_top.tb.hbus.monitor [hbus_monitor] transaction collected :
------------------------------------------------------------
Name                  Type                  Size  Value     
------------------------------------------------------------
tr_collect            hbus_transaction      -     @11437    
  haddr               integral              16    'h114f    
  hdata               integral              8     'h4f      
  hwr_rd              hbus_read_write_enum  1     HBUS_WRITE
  wait_between_cycle  integral              32    'h0       
  begin_time          time                  64    56650     
  end_time            time                  64    56750     
------------------------------------------------------------

UVM_INFO ../../hbus/sv/hbus_monitor.sv(109) @ 56950: uvm_test_top.tb.hbus.monitor [hbus_monitor] transaction collected :
------------------------------------------------------------
Name                  Type                  Size  Value     
------------------------------------------------------------
tr_collect            hbus_transaction      -     @11437    
  haddr               integral              16    'h1151    
  hdata               integral              8     'hae      
  hwr_rd              hbus_read_write_enum  1     HBUS_WRITE
  wait_between_cycle  integral              32    'h0       
  begin_time          time                  64    56850     
  end_time            time                  64    56950     
------------------------------------------------------------

UVM_INFO ../../hbus/sv/hbus_monitor.sv(109) @ 57250: uvm_test_top.tb.hbus.monitor [hbus_monitor] transaction collected :
-----------------------------------------------------------
Name                  Type                  Size  Value    
-----------------------------------------------------------
tr_collect            hbus_transaction      -     @11437   
  haddr               integral              16    'h1150   
  hdata               integral              8     'haf     
  hwr_rd              hbus_read_write_enum  1     HBUS_READ
  wait_between_cycle  integral              32    'h0      
  begin_time          time                  64    57050    
  end_time            time                  64    57250    
-----------------------------------------------------------

UVM_INFO ../../hbus/sv/hbus_monitor.sv(109) @ 57450: uvm_test_top.tb.hbus.monitor [hbus_monitor] transaction collected :
------------------------------------------------------------
Name                  Type                  Size  Value     
------------------------------------------------------------
tr_collect            hbus_transaction      -     @11437    
  haddr               integral              16    'h1150    
  hdata               integral              8     'h50      
  hwr_rd              hbus_read_write_enum  1     HBUS_WRITE
  wait_between_cycle  integral              32    'h0       
  begin_time          time                  64    57350     
  end_time            time                  64    57450     
------------------------------------------------------------

UVM_INFO ../../hbus/sv/hbus_monitor.sv(109) @ 57650: uvm_test_top.tb.hbus.monitor [hbus_monitor] transaction collected :
------------------------------------------------------------
Name                  Type                  Size  Value     
------------------------------------------------------------
tr_collect            hbus_transaction      -     @11437    
  haddr               integral              16    'h1152    
  hdata               integral              8     'had      
  hwr_rd              hbus_read_write_enum  1     HBUS_WRITE
  wait_between_cycle  integral              32    'h0       
  begin_time          time                  64    57550     
  end_time            time                  64    57650     
------------------------------------------------------------

UVM_INFO ../../hbus/sv/hbus_monitor.sv(109) @ 57950: uvm_test_top.tb.hbus.monitor [hbus_monitor] transaction collected :
-----------------------------------------------------------
Name                  Type                  Size  Value    
-----------------------------------------------------------
tr_collect            hbus_transaction      -     @11437   
  haddr               integral              16    'h1151   
  hdata               integral              8     'hae     
  hwr_rd              hbus_read_write_enum  1     HBUS_READ
  wait_between_cycle  integral              32    'h0      
  begin_time          time                  64    57750    
  end_time            time                  64    57950    
-----------------------------------------------------------

UVM_INFO ../../hbus/sv/hbus_monitor.sv(109) @ 58150: uvm_test_top.tb.hbus.monitor [hbus_monitor] transaction collected :
------------------------------------------------------------
Name                  Type                  Size  Value     
------------------------------------------------------------
tr_collect            hbus_transaction      -     @11437    
  haddr               integral              16    'h1151    
  hdata               integral              8     'h51      
  hwr_rd              hbus_read_write_enum  1     HBUS_WRITE
  wait_between_cycle  integral              32    'h0       
  begin_time          time                  64    58050     
  end_time            time                  64    58150     
------------------------------------------------------------

UVM_INFO ../../hbus/sv/hbus_monitor.sv(109) @ 58350: uvm_test_top.tb.hbus.monitor [hbus_monitor] transaction collected :
------------------------------------------------------------
Name                  Type                  Size  Value     
------------------------------------------------------------
tr_collect            hbus_transaction      -     @11437    
  haddr               integral              16    'h1153    
  hdata               integral              8     'hac      
  hwr_rd              hbus_read_write_enum  1     HBUS_WRITE
  wait_between_cycle  integral              32    'h0       
  begin_time          time                  64    58250     
  end_time            time                  64    58350     
------------------------------------------------------------

UVM_INFO ../../hbus/sv/hbus_monitor.sv(109) @ 58650: uvm_test_top.tb.hbus.monitor [hbus_monitor] transaction collected :
-----------------------------------------------------------
Name                  Type                  Size  Value    
-----------------------------------------------------------
tr_collect            hbus_transaction      -     @11437   
  haddr               integral              16    'h1152   
  hdata               integral              8     'had     
  hwr_rd              hbus_read_write_enum  1     HBUS_READ
  wait_between_cycle  integral              32    'h0      
  begin_time          time                  64    58450    
  end_time            time                  64    58650    
-----------------------------------------------------------

UVM_INFO ../../hbus/sv/hbus_monitor.sv(109) @ 58850: uvm_test_top.tb.hbus.monitor [hbus_monitor] transaction collected :
------------------------------------------------------------
Name                  Type                  Size  Value     
------------------------------------------------------------
tr_collect            hbus_transaction      -     @11437    
  haddr               integral              16    'h1152    
  hdata               integral              8     'h52      
  hwr_rd              hbus_read_write_enum  1     HBUS_WRITE
  wait_between_cycle  integral              32    'h0       
  begin_time          time                  64    58750     
  end_time            time                  64    58850     
------------------------------------------------------------

UVM_INFO ../../hbus/sv/hbus_monitor.sv(109) @ 59050: uvm_test_top.tb.hbus.monitor [hbus_monitor] transaction collected :
------------------------------------------------------------
Name                  Type                  Size  Value     
------------------------------------------------------------
tr_collect            hbus_transaction      -     @11437    
  haddr               integral              16    'h1154    
  hdata               integral              8     'hab      
  hwr_rd              hbus_read_write_enum  1     HBUS_WRITE
  wait_between_cycle  integral              32    'h0       
  begin_time          time                  64    58950     
  end_time            time                  64    59050     
------------------------------------------------------------

UVM_INFO ../../hbus/sv/hbus_monitor.sv(109) @ 59350: uvm_test_top.tb.hbus.monitor [hbus_monitor] transaction collected :
-----------------------------------------------------------
Name                  Type                  Size  Value    
-----------------------------------------------------------
tr_collect            hbus_transaction      -     @11437   
  haddr               integral              16    'h1153   
  hdata               integral              8     'hac     
  hwr_rd              hbus_read_write_enum  1     HBUS_READ
  wait_between_cycle  integral              32    'h0      
  begin_time          time                  64    59150    
  end_time            time                  64    59350    
-----------------------------------------------------------

UVM_INFO ../../hbus/sv/hbus_monitor.sv(109) @ 59550: uvm_test_top.tb.hbus.monitor [hbus_monitor] transaction collected :
------------------------------------------------------------
Name                  Type                  Size  Value     
------------------------------------------------------------
tr_collect            hbus_transaction      -     @11437    
  haddr               integral              16    'h1153    
  hdata               integral              8     'h53      
  hwr_rd              hbus_read_write_enum  1     HBUS_WRITE
  wait_between_cycle  integral              32    'h0       
  begin_time          time                  64    59450     
  end_time            time                  64    59550     
------------------------------------------------------------

UVM_INFO ../../hbus/sv/hbus_monitor.sv(109) @ 59750: uvm_test_top.tb.hbus.monitor [hbus_monitor] transaction collected :
------------------------------------------------------------
Name                  Type                  Size  Value     
------------------------------------------------------------
tr_collect            hbus_transaction      -     @11437    
  haddr               integral              16    'h1155    
  hdata               integral              8     'haa      
  hwr_rd              hbus_read_write_enum  1     HBUS_WRITE
  wait_between_cycle  integral              32    'h0       
  begin_time          time                  64    59650     
  end_time            time                  64    59750     
------------------------------------------------------------

UVM_INFO ../../hbus/sv/hbus_monitor.sv(109) @ 60050: uvm_test_top.tb.hbus.monitor [hbus_monitor] transaction collected :
-----------------------------------------------------------
Name                  Type                  Size  Value    
-----------------------------------------------------------
tr_collect            hbus_transaction      -     @11437   
  haddr               integral              16    'h1154   
  hdata               integral              8     'hab     
  hwr_rd              hbus_read_write_enum  1     HBUS_READ
  wait_between_cycle  integral              32    'h0      
  begin_time          time                  64    59850    
  end_time            time                  64    60050    
-----------------------------------------------------------

UVM_INFO ../../hbus/sv/hbus_monitor.sv(109) @ 60250: uvm_test_top.tb.hbus.monitor [hbus_monitor] transaction collected :
------------------------------------------------------------
Name                  Type                  Size  Value     
------------------------------------------------------------
tr_collect            hbus_transaction      -     @11437    
  haddr               integral              16    'h1154    
  hdata               integral              8     'h54      
  hwr_rd              hbus_read_write_enum  1     HBUS_WRITE
  wait_between_cycle  integral              32    'h0       
  begin_time          time                  64    60150     
  end_time            time                  64    60250     
------------------------------------------------------------

UVM_INFO ../../hbus/sv/hbus_monitor.sv(109) @ 60450: uvm_test_top.tb.hbus.monitor [hbus_monitor] transaction collected :
------------------------------------------------------------
Name                  Type                  Size  Value     
------------------------------------------------------------
tr_collect            hbus_transaction      -     @11437    
  haddr               integral              16    'h1156    
  hdata               integral              8     'ha9      
  hwr_rd              hbus_read_write_enum  1     HBUS_WRITE
  wait_between_cycle  integral              32    'h0       
  begin_time          time                  64    60350     
  end_time            time                  64    60450     
------------------------------------------------------------

UVM_INFO ../../hbus/sv/hbus_monitor.sv(109) @ 60750: uvm_test_top.tb.hbus.monitor [hbus_monitor] transaction collected :
-----------------------------------------------------------
Name                  Type                  Size  Value    
-----------------------------------------------------------
tr_collect            hbus_transaction      -     @11437   
  haddr               integral              16    'h1155   
  hdata               integral              8     'haa     
  hwr_rd              hbus_read_write_enum  1     HBUS_READ
  wait_between_cycle  integral              32    'h0      
  begin_time          time                  64    60550    
  end_time            time                  64    60750    
-----------------------------------------------------------

UVM_INFO ../../hbus/sv/hbus_monitor.sv(109) @ 60950: uvm_test_top.tb.hbus.monitor [hbus_monitor] transaction collected :
------------------------------------------------------------
Name                  Type                  Size  Value     
------------------------------------------------------------
tr_collect            hbus_transaction      -     @11437    
  haddr               integral              16    'h1155    
  hdata               integral              8     'h55      
  hwr_rd              hbus_read_write_enum  1     HBUS_WRITE
  wait_between_cycle  integral              32    'h0       
  begin_time          time                  64    60850     
  end_time            time                  64    60950     
------------------------------------------------------------

UVM_INFO ../../hbus/sv/hbus_monitor.sv(109) @ 61150: uvm_test_top.tb.hbus.monitor [hbus_monitor] transaction collected :
------------------------------------------------------------
Name                  Type                  Size  Value     
------------------------------------------------------------
tr_collect            hbus_transaction      -     @11437    
  haddr               integral              16    'h1157    
  hdata               integral              8     'ha8      
  hwr_rd              hbus_read_write_enum  1     HBUS_WRITE
  wait_between_cycle  integral              32    'h0       
  begin_time          time                  64    61050     
  end_time            time                  64    61150     
------------------------------------------------------------

UVM_INFO ../../hbus/sv/hbus_monitor.sv(109) @ 61450: uvm_test_top.tb.hbus.monitor [hbus_monitor] transaction collected :
-----------------------------------------------------------
Name                  Type                  Size  Value    
-----------------------------------------------------------
tr_collect            hbus_transaction      -     @11437   
  haddr               integral              16    'h1156   
  hdata               integral              8     'ha9     
  hwr_rd              hbus_read_write_enum  1     HBUS_READ
  wait_between_cycle  integral              32    'h0      
  begin_time          time                  64    61250    
  end_time            time                  64    61450    
-----------------------------------------------------------

UVM_INFO ../../hbus/sv/hbus_monitor.sv(109) @ 61650: uvm_test_top.tb.hbus.monitor [hbus_monitor] transaction collected :
------------------------------------------------------------
Name                  Type                  Size  Value     
------------------------------------------------------------
tr_collect            hbus_transaction      -     @11437    
  haddr               integral              16    'h1156    
  hdata               integral              8     'h56      
  hwr_rd              hbus_read_write_enum  1     HBUS_WRITE
  wait_between_cycle  integral              32    'h0       
  begin_time          time                  64    61550     
  end_time            time                  64    61650     
------------------------------------------------------------

UVM_INFO ../../hbus/sv/hbus_monitor.sv(109) @ 61850: uvm_test_top.tb.hbus.monitor [hbus_monitor] transaction collected :
------------------------------------------------------------
Name                  Type                  Size  Value     
------------------------------------------------------------
tr_collect            hbus_transaction      -     @11437    
  haddr               integral              16    'h1158    
  hdata               integral              8     'ha7      
  hwr_rd              hbus_read_write_enum  1     HBUS_WRITE
  wait_between_cycle  integral              32    'h0       
  begin_time          time                  64    61750     
  end_time            time                  64    61850     
------------------------------------------------------------

UVM_INFO ../../hbus/sv/hbus_monitor.sv(109) @ 62150: uvm_test_top.tb.hbus.monitor [hbus_monitor] transaction collected :
-----------------------------------------------------------
Name                  Type                  Size  Value    
-----------------------------------------------------------
tr_collect            hbus_transaction      -     @11437   
  haddr               integral              16    'h1157   
  hdata               integral              8     'ha8     
  hwr_rd              hbus_read_write_enum  1     HBUS_READ
  wait_between_cycle  integral              32    'h0      
  begin_time          time                  64    61950    
  end_time            time                  64    62150    
-----------------------------------------------------------

UVM_INFO ../../hbus/sv/hbus_monitor.sv(109) @ 62350: uvm_test_top.tb.hbus.monitor [hbus_monitor] transaction collected :
------------------------------------------------------------
Name                  Type                  Size  Value     
------------------------------------------------------------
tr_collect            hbus_transaction      -     @11437    
  haddr               integral              16    'h1157    
  hdata               integral              8     'h57      
  hwr_rd              hbus_read_write_enum  1     HBUS_WRITE
  wait_between_cycle  integral              32    'h0       
  begin_time          time                  64    62250     
  end_time            time                  64    62350     
------------------------------------------------------------

UVM_INFO ../../hbus/sv/hbus_monitor.sv(109) @ 62550: uvm_test_top.tb.hbus.monitor [hbus_monitor] transaction collected :
------------------------------------------------------------
Name                  Type                  Size  Value     
------------------------------------------------------------
tr_collect            hbus_transaction      -     @11437    
  haddr               integral              16    'h1159    
  hdata               integral              8     'ha6      
  hwr_rd              hbus_read_write_enum  1     HBUS_WRITE
  wait_between_cycle  integral              32    'h0       
  begin_time          time                  64    62450     
  end_time            time                  64    62550     
------------------------------------------------------------

UVM_INFO ../../hbus/sv/hbus_monitor.sv(109) @ 62850: uvm_test_top.tb.hbus.monitor [hbus_monitor] transaction collected :
-----------------------------------------------------------
Name                  Type                  Size  Value    
-----------------------------------------------------------
tr_collect            hbus_transaction      -     @11437   
  haddr               integral              16    'h1158   
  hdata               integral              8     'ha7     
  hwr_rd              hbus_read_write_enum  1     HBUS_READ
  wait_between_cycle  integral              32    'h0      
  begin_time          time                  64    62650    
  end_time            time                  64    62850    
-----------------------------------------------------------

UVM_INFO ../../hbus/sv/hbus_monitor.sv(109) @ 63050: uvm_test_top.tb.hbus.monitor [hbus_monitor] transaction collected :
------------------------------------------------------------
Name                  Type                  Size  Value     
------------------------------------------------------------
tr_collect            hbus_transaction      -     @11437    
  haddr               integral              16    'h1158    
  hdata               integral              8     'h58      
  hwr_rd              hbus_read_write_enum  1     HBUS_WRITE
  wait_between_cycle  integral              32    'h0       
  begin_time          time                  64    62950     
  end_time            time                  64    63050     
------------------------------------------------------------

UVM_INFO ../../hbus/sv/hbus_monitor.sv(109) @ 63250: uvm_test_top.tb.hbus.monitor [hbus_monitor] transaction collected :
------------------------------------------------------------
Name                  Type                  Size  Value     
------------------------------------------------------------
tr_collect            hbus_transaction      -     @11437    
  haddr               integral              16    'h115a    
  hdata               integral              8     'ha5      
  hwr_rd              hbus_read_write_enum  1     HBUS_WRITE
  wait_between_cycle  integral              32    'h0       
  begin_time          time                  64    63150     
  end_time            time                  64    63250     
------------------------------------------------------------

UVM_INFO ../../hbus/sv/hbus_monitor.sv(109) @ 63550: uvm_test_top.tb.hbus.monitor [hbus_monitor] transaction collected :
-----------------------------------------------------------
Name                  Type                  Size  Value    
-----------------------------------------------------------
tr_collect            hbus_transaction      -     @11437   
  haddr               integral              16    'h1159   
  hdata               integral              8     'ha6     
  hwr_rd              hbus_read_write_enum  1     HBUS_READ
  wait_between_cycle  integral              32    'h0      
  begin_time          time                  64    63350    
  end_time            time                  64    63550    
-----------------------------------------------------------

UVM_INFO ../../hbus/sv/hbus_monitor.sv(109) @ 63750: uvm_test_top.tb.hbus.monitor [hbus_monitor] transaction collected :
------------------------------------------------------------
Name                  Type                  Size  Value     
------------------------------------------------------------
tr_collect            hbus_transaction      -     @11437    
  haddr               integral              16    'h1159    
  hdata               integral              8     'h59      
  hwr_rd              hbus_read_write_enum  1     HBUS_WRITE
  wait_between_cycle  integral              32    'h0       
  begin_time          time                  64    63650     
  end_time            time                  64    63750     
------------------------------------------------------------

UVM_INFO ../../hbus/sv/hbus_monitor.sv(109) @ 63950: uvm_test_top.tb.hbus.monitor [hbus_monitor] transaction collected :
------------------------------------------------------------
Name                  Type                  Size  Value     
------------------------------------------------------------
tr_collect            hbus_transaction      -     @11437    
  haddr               integral              16    'h115b    
  hdata               integral              8     'ha4      
  hwr_rd              hbus_read_write_enum  1     HBUS_WRITE
  wait_between_cycle  integral              32    'h0       
  begin_time          time                  64    63850     
  end_time            time                  64    63950     
------------------------------------------------------------

UVM_INFO ../../hbus/sv/hbus_monitor.sv(109) @ 64250: uvm_test_top.tb.hbus.monitor [hbus_monitor] transaction collected :
-----------------------------------------------------------
Name                  Type                  Size  Value    
-----------------------------------------------------------
tr_collect            hbus_transaction      -     @11437   
  haddr               integral              16    'h115a   
  hdata               integral              8     'ha5     
  hwr_rd              hbus_read_write_enum  1     HBUS_READ
  wait_between_cycle  integral              32    'h0      
  begin_time          time                  64    64050    
  end_time            time                  64    64250    
-----------------------------------------------------------

UVM_INFO ../../hbus/sv/hbus_monitor.sv(109) @ 64450: uvm_test_top.tb.hbus.monitor [hbus_monitor] transaction collected :
------------------------------------------------------------
Name                  Type                  Size  Value     
------------------------------------------------------------
tr_collect            hbus_transaction      -     @11437    
  haddr               integral              16    'h115a    
  hdata               integral              8     'h5a      
  hwr_rd              hbus_read_write_enum  1     HBUS_WRITE
  wait_between_cycle  integral              32    'h0       
  begin_time          time                  64    64350     
  end_time            time                  64    64450     
------------------------------------------------------------

UVM_INFO ../../hbus/sv/hbus_monitor.sv(109) @ 64650: uvm_test_top.tb.hbus.monitor [hbus_monitor] transaction collected :
------------------------------------------------------------
Name                  Type                  Size  Value     
------------------------------------------------------------
tr_collect            hbus_transaction      -     @11437    
  haddr               integral              16    'h115c    
  hdata               integral              8     'ha3      
  hwr_rd              hbus_read_write_enum  1     HBUS_WRITE
  wait_between_cycle  integral              32    'h0       
  begin_time          time                  64    64550     
  end_time            time                  64    64650     
------------------------------------------------------------

UVM_INFO ../../hbus/sv/hbus_monitor.sv(109) @ 64950: uvm_test_top.tb.hbus.monitor [hbus_monitor] transaction collected :
-----------------------------------------------------------
Name                  Type                  Size  Value    
-----------------------------------------------------------
tr_collect            hbus_transaction      -     @11437   
  haddr               integral              16    'h115b   
  hdata               integral              8     'ha4     
  hwr_rd              hbus_read_write_enum  1     HBUS_READ
  wait_between_cycle  integral              32    'h0      
  begin_time          time                  64    64750    
  end_time            time                  64    64950    
-----------------------------------------------------------

UVM_INFO ../../hbus/sv/hbus_monitor.sv(109) @ 65150: uvm_test_top.tb.hbus.monitor [hbus_monitor] transaction collected :
------------------------------------------------------------
Name                  Type                  Size  Value     
------------------------------------------------------------
tr_collect            hbus_transaction      -     @11437    
  haddr               integral              16    'h115b    
  hdata               integral              8     'h5b      
  hwr_rd              hbus_read_write_enum  1     HBUS_WRITE
  wait_between_cycle  integral              32    'h0       
  begin_time          time                  64    65050     
  end_time            time                  64    65150     
------------------------------------------------------------

UVM_INFO ../../hbus/sv/hbus_monitor.sv(109) @ 65350: uvm_test_top.tb.hbus.monitor [hbus_monitor] transaction collected :
------------------------------------------------------------
Name                  Type                  Size  Value     
------------------------------------------------------------
tr_collect            hbus_transaction      -     @11437    
  haddr               integral              16    'h115d    
  hdata               integral              8     'ha2      
  hwr_rd              hbus_read_write_enum  1     HBUS_WRITE
  wait_between_cycle  integral              32    'h0       
  begin_time          time                  64    65250     
  end_time            time                  64    65350     
------------------------------------------------------------

UVM_INFO ../../hbus/sv/hbus_monitor.sv(109) @ 65650: uvm_test_top.tb.hbus.monitor [hbus_monitor] transaction collected :
-----------------------------------------------------------
Name                  Type                  Size  Value    
-----------------------------------------------------------
tr_collect            hbus_transaction      -     @11437   
  haddr               integral              16    'h115c   
  hdata               integral              8     'ha3     
  hwr_rd              hbus_read_write_enum  1     HBUS_READ
  wait_between_cycle  integral              32    'h0      
  begin_time          time                  64    65450    
  end_time            time                  64    65650    
-----------------------------------------------------------

UVM_INFO ../../hbus/sv/hbus_monitor.sv(109) @ 65850: uvm_test_top.tb.hbus.monitor [hbus_monitor] transaction collected :
------------------------------------------------------------
Name                  Type                  Size  Value     
------------------------------------------------------------
tr_collect            hbus_transaction      -     @11437    
  haddr               integral              16    'h115c    
  hdata               integral              8     'h5c      
  hwr_rd              hbus_read_write_enum  1     HBUS_WRITE
  wait_between_cycle  integral              32    'h0       
  begin_time          time                  64    65750     
  end_time            time                  64    65850     
------------------------------------------------------------

UVM_INFO ../../hbus/sv/hbus_monitor.sv(109) @ 66050: uvm_test_top.tb.hbus.monitor [hbus_monitor] transaction collected :
------------------------------------------------------------
Name                  Type                  Size  Value     
------------------------------------------------------------
tr_collect            hbus_transaction      -     @11437    
  haddr               integral              16    'h115e    
  hdata               integral              8     'ha1      
  hwr_rd              hbus_read_write_enum  1     HBUS_WRITE
  wait_between_cycle  integral              32    'h0       
  begin_time          time                  64    65950     
  end_time            time                  64    66050     
------------------------------------------------------------

UVM_INFO ../../hbus/sv/hbus_monitor.sv(109) @ 66350: uvm_test_top.tb.hbus.monitor [hbus_monitor] transaction collected :
-----------------------------------------------------------
Name                  Type                  Size  Value    
-----------------------------------------------------------
tr_collect            hbus_transaction      -     @11437   
  haddr               integral              16    'h115d   
  hdata               integral              8     'ha2     
  hwr_rd              hbus_read_write_enum  1     HBUS_READ
  wait_between_cycle  integral              32    'h0      
  begin_time          time                  64    66150    
  end_time            time                  64    66350    
-----------------------------------------------------------

UVM_INFO ../../hbus/sv/hbus_monitor.sv(109) @ 66550: uvm_test_top.tb.hbus.monitor [hbus_monitor] transaction collected :
------------------------------------------------------------
Name                  Type                  Size  Value     
------------------------------------------------------------
tr_collect            hbus_transaction      -     @11437    
  haddr               integral              16    'h115d    
  hdata               integral              8     'h5d      
  hwr_rd              hbus_read_write_enum  1     HBUS_WRITE
  wait_between_cycle  integral              32    'h0       
  begin_time          time                  64    66450     
  end_time            time                  64    66550     
------------------------------------------------------------

UVM_INFO ../../hbus/sv/hbus_monitor.sv(109) @ 66750: uvm_test_top.tb.hbus.monitor [hbus_monitor] transaction collected :
------------------------------------------------------------
Name                  Type                  Size  Value     
------------------------------------------------------------
tr_collect            hbus_transaction      -     @11437    
  haddr               integral              16    'h115f    
  hdata               integral              8     'ha0      
  hwr_rd              hbus_read_write_enum  1     HBUS_WRITE
  wait_between_cycle  integral              32    'h0       
  begin_time          time                  64    66650     
  end_time            time                  64    66750     
------------------------------------------------------------

UVM_INFO ../../hbus/sv/hbus_monitor.sv(109) @ 67050: uvm_test_top.tb.hbus.monitor [hbus_monitor] transaction collected :
-----------------------------------------------------------
Name                  Type                  Size  Value    
-----------------------------------------------------------
tr_collect            hbus_transaction      -     @11437   
  haddr               integral              16    'h115e   
  hdata               integral              8     'ha1     
  hwr_rd              hbus_read_write_enum  1     HBUS_READ
  wait_between_cycle  integral              32    'h0      
  begin_time          time                  64    66850    
  end_time            time                  64    67050    
-----------------------------------------------------------

UVM_INFO ../../hbus/sv/hbus_monitor.sv(109) @ 67250: uvm_test_top.tb.hbus.monitor [hbus_monitor] transaction collected :
------------------------------------------------------------
Name                  Type                  Size  Value     
------------------------------------------------------------
tr_collect            hbus_transaction      -     @11437    
  haddr               integral              16    'h115e    
  hdata               integral              8     'h5e      
  hwr_rd              hbus_read_write_enum  1     HBUS_WRITE
  wait_between_cycle  integral              32    'h0       
  begin_time          time                  64    67150     
  end_time            time                  64    67250     
------------------------------------------------------------

UVM_INFO ../../hbus/sv/hbus_monitor.sv(109) @ 67450: uvm_test_top.tb.hbus.monitor [hbus_monitor] transaction collected :
------------------------------------------------------------
Name                  Type                  Size  Value     
------------------------------------------------------------
tr_collect            hbus_transaction      -     @11437    
  haddr               integral              16    'h1160    
  hdata               integral              8     'h9f      
  hwr_rd              hbus_read_write_enum  1     HBUS_WRITE
  wait_between_cycle  integral              32    'h0       
  begin_time          time                  64    67350     
  end_time            time                  64    67450     
------------------------------------------------------------

UVM_INFO ../../hbus/sv/hbus_monitor.sv(109) @ 67750: uvm_test_top.tb.hbus.monitor [hbus_monitor] transaction collected :
-----------------------------------------------------------
Name                  Type                  Size  Value    
-----------------------------------------------------------
tr_collect            hbus_transaction      -     @11437   
  haddr               integral              16    'h115f   
  hdata               integral              8     'ha0     
  hwr_rd              hbus_read_write_enum  1     HBUS_READ
  wait_between_cycle  integral              32    'h0      
  begin_time          time                  64    67550    
  end_time            time                  64    67750    
-----------------------------------------------------------

UVM_INFO ../../hbus/sv/hbus_monitor.sv(109) @ 67950: uvm_test_top.tb.hbus.monitor [hbus_monitor] transaction collected :
------------------------------------------------------------
Name                  Type                  Size  Value     
------------------------------------------------------------
tr_collect            hbus_transaction      -     @11437    
  haddr               integral              16    'h115f    
  hdata               integral              8     'h5f      
  hwr_rd              hbus_read_write_enum  1     HBUS_WRITE
  wait_between_cycle  integral              32    'h0       
  begin_time          time                  64    67850     
  end_time            time                  64    67950     
------------------------------------------------------------

UVM_INFO ../../hbus/sv/hbus_monitor.sv(109) @ 68150: uvm_test_top.tb.hbus.monitor [hbus_monitor] transaction collected :
------------------------------------------------------------
Name                  Type                  Size  Value     
------------------------------------------------------------
tr_collect            hbus_transaction      -     @11437    
  haddr               integral              16    'h1161    
  hdata               integral              8     'h9e      
  hwr_rd              hbus_read_write_enum  1     HBUS_WRITE
  wait_between_cycle  integral              32    'h0       
  begin_time          time                  64    68050     
  end_time            time                  64    68150     
------------------------------------------------------------

UVM_INFO ../../hbus/sv/hbus_monitor.sv(109) @ 68450: uvm_test_top.tb.hbus.monitor [hbus_monitor] transaction collected :
-----------------------------------------------------------
Name                  Type                  Size  Value    
-----------------------------------------------------------
tr_collect            hbus_transaction      -     @11437   
  haddr               integral              16    'h1160   
  hdata               integral              8     'h9f     
  hwr_rd              hbus_read_write_enum  1     HBUS_READ
  wait_between_cycle  integral              32    'h0      
  begin_time          time                  64    68250    
  end_time            time                  64    68450    
-----------------------------------------------------------

UVM_INFO ../../hbus/sv/hbus_monitor.sv(109) @ 68650: uvm_test_top.tb.hbus.monitor [hbus_monitor] transaction collected :
------------------------------------------------------------
Name                  Type                  Size  Value     
------------------------------------------------------------
tr_collect            hbus_transaction      -     @11437    
  haddr               integral              16    'h1160    
  hdata               integral              8     'h60      
  hwr_rd              hbus_read_write_enum  1     HBUS_WRITE
  wait_between_cycle  integral              32    'h0       
  begin_time          time                  64    68550     
  end_time            time                  64    68650     
------------------------------------------------------------

UVM_INFO ../../hbus/sv/hbus_monitor.sv(109) @ 68850: uvm_test_top.tb.hbus.monitor [hbus_monitor] transaction collected :
------------------------------------------------------------
Name                  Type                  Size  Value     
------------------------------------------------------------
tr_collect            hbus_transaction      -     @11437    
  haddr               integral              16    'h1162    
  hdata               integral              8     'h9d      
  hwr_rd              hbus_read_write_enum  1     HBUS_WRITE
  wait_between_cycle  integral              32    'h0       
  begin_time          time                  64    68750     
  end_time            time                  64    68850     
------------------------------------------------------------

UVM_INFO ../../hbus/sv/hbus_monitor.sv(109) @ 69150: uvm_test_top.tb.hbus.monitor [hbus_monitor] transaction collected :
-----------------------------------------------------------
Name                  Type                  Size  Value    
-----------------------------------------------------------
tr_collect            hbus_transaction      -     @11437   
  haddr               integral              16    'h1161   
  hdata               integral              8     'h9e     
  hwr_rd              hbus_read_write_enum  1     HBUS_READ
  wait_between_cycle  integral              32    'h0      
  begin_time          time                  64    68950    
  end_time            time                  64    69150    
-----------------------------------------------------------

UVM_INFO ../../hbus/sv/hbus_monitor.sv(109) @ 69350: uvm_test_top.tb.hbus.monitor [hbus_monitor] transaction collected :
------------------------------------------------------------
Name                  Type                  Size  Value     
------------------------------------------------------------
tr_collect            hbus_transaction      -     @11437    
  haddr               integral              16    'h1161    
  hdata               integral              8     'h61      
  hwr_rd              hbus_read_write_enum  1     HBUS_WRITE
  wait_between_cycle  integral              32    'h0       
  begin_time          time                  64    69250     
  end_time            time                  64    69350     
------------------------------------------------------------

UVM_INFO ../../hbus/sv/hbus_monitor.sv(109) @ 69550: uvm_test_top.tb.hbus.monitor [hbus_monitor] transaction collected :
------------------------------------------------------------
Name                  Type                  Size  Value     
------------------------------------------------------------
tr_collect            hbus_transaction      -     @11437    
  haddr               integral              16    'h1163    
  hdata               integral              8     'h9c      
  hwr_rd              hbus_read_write_enum  1     HBUS_WRITE
  wait_between_cycle  integral              32    'h0       
  begin_time          time                  64    69450     
  end_time            time                  64    69550     
------------------------------------------------------------

UVM_INFO ../../hbus/sv/hbus_monitor.sv(109) @ 69850: uvm_test_top.tb.hbus.monitor [hbus_monitor] transaction collected :
-----------------------------------------------------------
Name                  Type                  Size  Value    
-----------------------------------------------------------
tr_collect            hbus_transaction      -     @11437   
  haddr               integral              16    'h1162   
  hdata               integral              8     'h9d     
  hwr_rd              hbus_read_write_enum  1     HBUS_READ
  wait_between_cycle  integral              32    'h0      
  begin_time          time                  64    69650    
  end_time            time                  64    69850    
-----------------------------------------------------------

UVM_INFO ../../hbus/sv/hbus_monitor.sv(109) @ 70050: uvm_test_top.tb.hbus.monitor [hbus_monitor] transaction collected :
------------------------------------------------------------
Name                  Type                  Size  Value     
------------------------------------------------------------
tr_collect            hbus_transaction      -     @11437    
  haddr               integral              16    'h1162    
  hdata               integral              8     'h62      
  hwr_rd              hbus_read_write_enum  1     HBUS_WRITE
  wait_between_cycle  integral              32    'h0       
  begin_time          time                  64    69950     
  end_time            time                  64    70050     
------------------------------------------------------------

UVM_INFO ../../hbus/sv/hbus_monitor.sv(109) @ 70250: uvm_test_top.tb.hbus.monitor [hbus_monitor] transaction collected :
------------------------------------------------------------
Name                  Type                  Size  Value     
------------------------------------------------------------
tr_collect            hbus_transaction      -     @11437    
  haddr               integral              16    'h1164    
  hdata               integral              8     'h9b      
  hwr_rd              hbus_read_write_enum  1     HBUS_WRITE
  wait_between_cycle  integral              32    'h0       
  begin_time          time                  64    70150     
  end_time            time                  64    70250     
------------------------------------------------------------

UVM_INFO ../../hbus/sv/hbus_monitor.sv(109) @ 70550: uvm_test_top.tb.hbus.monitor [hbus_monitor] transaction collected :
-----------------------------------------------------------
Name                  Type                  Size  Value    
-----------------------------------------------------------
tr_collect            hbus_transaction      -     @11437   
  haddr               integral              16    'h1163   
  hdata               integral              8     'h9c     
  hwr_rd              hbus_read_write_enum  1     HBUS_READ
  wait_between_cycle  integral              32    'h0      
  begin_time          time                  64    70350    
  end_time            time                  64    70550    
-----------------------------------------------------------

UVM_INFO ../../hbus/sv/hbus_monitor.sv(109) @ 70750: uvm_test_top.tb.hbus.monitor [hbus_monitor] transaction collected :
------------------------------------------------------------
Name                  Type                  Size  Value     
------------------------------------------------------------
tr_collect            hbus_transaction      -     @11437    
  haddr               integral              16    'h1163    
  hdata               integral              8     'h63      
  hwr_rd              hbus_read_write_enum  1     HBUS_WRITE
  wait_between_cycle  integral              32    'h0       
  begin_time          time                  64    70650     
  end_time            time                  64    70750     
------------------------------------------------------------

UVM_INFO ../../hbus/sv/hbus_monitor.sv(109) @ 70950: uvm_test_top.tb.hbus.monitor [hbus_monitor] transaction collected :
------------------------------------------------------------
Name                  Type                  Size  Value     
------------------------------------------------------------
tr_collect            hbus_transaction      -     @11437    
  haddr               integral              16    'h1165    
  hdata               integral              8     'h9a      
  hwr_rd              hbus_read_write_enum  1     HBUS_WRITE
  wait_between_cycle  integral              32    'h0       
  begin_time          time                  64    70850     
  end_time            time                  64    70950     
------------------------------------------------------------

UVM_INFO ../../hbus/sv/hbus_monitor.sv(109) @ 71250: uvm_test_top.tb.hbus.monitor [hbus_monitor] transaction collected :
-----------------------------------------------------------
Name                  Type                  Size  Value    
-----------------------------------------------------------
tr_collect            hbus_transaction      -     @11437   
  haddr               integral              16    'h1164   
  hdata               integral              8     'h9b     
  hwr_rd              hbus_read_write_enum  1     HBUS_READ
  wait_between_cycle  integral              32    'h0      
  begin_time          time                  64    71050    
  end_time            time                  64    71250    
-----------------------------------------------------------

UVM_INFO ../../hbus/sv/hbus_monitor.sv(109) @ 71450: uvm_test_top.tb.hbus.monitor [hbus_monitor] transaction collected :
------------------------------------------------------------
Name                  Type                  Size  Value     
------------------------------------------------------------
tr_collect            hbus_transaction      -     @11437    
  haddr               integral              16    'h1164    
  hdata               integral              8     'h64      
  hwr_rd              hbus_read_write_enum  1     HBUS_WRITE
  wait_between_cycle  integral              32    'h0       
  begin_time          time                  64    71350     
  end_time            time                  64    71450     
------------------------------------------------------------

UVM_INFO ../../hbus/sv/hbus_monitor.sv(109) @ 71650: uvm_test_top.tb.hbus.monitor [hbus_monitor] transaction collected :
------------------------------------------------------------
Name                  Type                  Size  Value     
------------------------------------------------------------
tr_collect            hbus_transaction      -     @11437    
  haddr               integral              16    'h1166    
  hdata               integral              8     'h99      
  hwr_rd              hbus_read_write_enum  1     HBUS_WRITE
  wait_between_cycle  integral              32    'h0       
  begin_time          time                  64    71550     
  end_time            time                  64    71650     
------------------------------------------------------------

UVM_INFO ../../hbus/sv/hbus_monitor.sv(109) @ 71950: uvm_test_top.tb.hbus.monitor [hbus_monitor] transaction collected :
-----------------------------------------------------------
Name                  Type                  Size  Value    
-----------------------------------------------------------
tr_collect            hbus_transaction      -     @11437   
  haddr               integral              16    'h1165   
  hdata               integral              8     'h9a     
  hwr_rd              hbus_read_write_enum  1     HBUS_READ
  wait_between_cycle  integral              32    'h0      
  begin_time          time                  64    71750    
  end_time            time                  64    71950    
-----------------------------------------------------------

UVM_INFO ../../hbus/sv/hbus_monitor.sv(109) @ 72150: uvm_test_top.tb.hbus.monitor [hbus_monitor] transaction collected :
------------------------------------------------------------
Name                  Type                  Size  Value     
------------------------------------------------------------
tr_collect            hbus_transaction      -     @11437    
  haddr               integral              16    'h1165    
  hdata               integral              8     'h65      
  hwr_rd              hbus_read_write_enum  1     HBUS_WRITE
  wait_between_cycle  integral              32    'h0       
  begin_time          time                  64    72050     
  end_time            time                  64    72150     
------------------------------------------------------------

UVM_INFO ../../hbus/sv/hbus_monitor.sv(109) @ 72350: uvm_test_top.tb.hbus.monitor [hbus_monitor] transaction collected :
------------------------------------------------------------
Name                  Type                  Size  Value     
------------------------------------------------------------
tr_collect            hbus_transaction      -     @11437    
  haddr               integral              16    'h1167    
  hdata               integral              8     'h98      
  hwr_rd              hbus_read_write_enum  1     HBUS_WRITE
  wait_between_cycle  integral              32    'h0       
  begin_time          time                  64    72250     
  end_time            time                  64    72350     
------------------------------------------------------------

UVM_INFO ../../hbus/sv/hbus_monitor.sv(109) @ 72650: uvm_test_top.tb.hbus.monitor [hbus_monitor] transaction collected :
-----------------------------------------------------------
Name                  Type                  Size  Value    
-----------------------------------------------------------
tr_collect            hbus_transaction      -     @11437   
  haddr               integral              16    'h1166   
  hdata               integral              8     'h99     
  hwr_rd              hbus_read_write_enum  1     HBUS_READ
  wait_between_cycle  integral              32    'h0      
  begin_time          time                  64    72450    
  end_time            time                  64    72650    
-----------------------------------------------------------

UVM_INFO ../../hbus/sv/hbus_monitor.sv(109) @ 72850: uvm_test_top.tb.hbus.monitor [hbus_monitor] transaction collected :
------------------------------------------------------------
Name                  Type                  Size  Value     
------------------------------------------------------------
tr_collect            hbus_transaction      -     @11437    
  haddr               integral              16    'h1166    
  hdata               integral              8     'h66      
  hwr_rd              hbus_read_write_enum  1     HBUS_WRITE
  wait_between_cycle  integral              32    'h0       
  begin_time          time                  64    72750     
  end_time            time                  64    72850     
------------------------------------------------------------

UVM_INFO ../../hbus/sv/hbus_monitor.sv(109) @ 73050: uvm_test_top.tb.hbus.monitor [hbus_monitor] transaction collected :
------------------------------------------------------------
Name                  Type                  Size  Value     
------------------------------------------------------------
tr_collect            hbus_transaction      -     @11437    
  haddr               integral              16    'h1168    
  hdata               integral              8     'h97      
  hwr_rd              hbus_read_write_enum  1     HBUS_WRITE
  wait_between_cycle  integral              32    'h0       
  begin_time          time                  64    72950     
  end_time            time                  64    73050     
------------------------------------------------------------

UVM_INFO ../../hbus/sv/hbus_monitor.sv(109) @ 73350: uvm_test_top.tb.hbus.monitor [hbus_monitor] transaction collected :
-----------------------------------------------------------
Name                  Type                  Size  Value    
-----------------------------------------------------------
tr_collect            hbus_transaction      -     @11437   
  haddr               integral              16    'h1167   
  hdata               integral              8     'h98     
  hwr_rd              hbus_read_write_enum  1     HBUS_READ
  wait_between_cycle  integral              32    'h0      
  begin_time          time                  64    73150    
  end_time            time                  64    73350    
-----------------------------------------------------------

UVM_INFO ../../hbus/sv/hbus_monitor.sv(109) @ 73550: uvm_test_top.tb.hbus.monitor [hbus_monitor] transaction collected :
------------------------------------------------------------
Name                  Type                  Size  Value     
------------------------------------------------------------
tr_collect            hbus_transaction      -     @11437    
  haddr               integral              16    'h1167    
  hdata               integral              8     'h67      
  hwr_rd              hbus_read_write_enum  1     HBUS_WRITE
  wait_between_cycle  integral              32    'h0       
  begin_time          time                  64    73450     
  end_time            time                  64    73550     
------------------------------------------------------------

UVM_INFO ../../hbus/sv/hbus_monitor.sv(109) @ 73750: uvm_test_top.tb.hbus.monitor [hbus_monitor] transaction collected :
------------------------------------------------------------
Name                  Type                  Size  Value     
------------------------------------------------------------
tr_collect            hbus_transaction      -     @11437    
  haddr               integral              16    'h1169    
  hdata               integral              8     'h96      
  hwr_rd              hbus_read_write_enum  1     HBUS_WRITE
  wait_between_cycle  integral              32    'h0       
  begin_time          time                  64    73650     
  end_time            time                  64    73750     
------------------------------------------------------------

UVM_INFO ../../hbus/sv/hbus_monitor.sv(109) @ 74050: uvm_test_top.tb.hbus.monitor [hbus_monitor] transaction collected :
-----------------------------------------------------------
Name                  Type                  Size  Value    
-----------------------------------------------------------
tr_collect            hbus_transaction      -     @11437   
  haddr               integral              16    'h1168   
  hdata               integral              8     'h97     
  hwr_rd              hbus_read_write_enum  1     HBUS_READ
  wait_between_cycle  integral              32    'h0      
  begin_time          time                  64    73850    
  end_time            time                  64    74050    
-----------------------------------------------------------

UVM_INFO ../../hbus/sv/hbus_monitor.sv(109) @ 74250: uvm_test_top.tb.hbus.monitor [hbus_monitor] transaction collected :
------------------------------------------------------------
Name                  Type                  Size  Value     
------------------------------------------------------------
tr_collect            hbus_transaction      -     @11437    
  haddr               integral              16    'h1168    
  hdata               integral              8     'h68      
  hwr_rd              hbus_read_write_enum  1     HBUS_WRITE
  wait_between_cycle  integral              32    'h0       
  begin_time          time                  64    74150     
  end_time            time                  64    74250     
------------------------------------------------------------

UVM_INFO ../../hbus/sv/hbus_monitor.sv(109) @ 74450: uvm_test_top.tb.hbus.monitor [hbus_monitor] transaction collected :
------------------------------------------------------------
Name                  Type                  Size  Value     
------------------------------------------------------------
tr_collect            hbus_transaction      -     @11437    
  haddr               integral              16    'h116a    
  hdata               integral              8     'h95      
  hwr_rd              hbus_read_write_enum  1     HBUS_WRITE
  wait_between_cycle  integral              32    'h0       
  begin_time          time                  64    74350     
  end_time            time                  64    74450     
------------------------------------------------------------

UVM_INFO ../../hbus/sv/hbus_monitor.sv(109) @ 74750: uvm_test_top.tb.hbus.monitor [hbus_monitor] transaction collected :
-----------------------------------------------------------
Name                  Type                  Size  Value    
-----------------------------------------------------------
tr_collect            hbus_transaction      -     @11437   
  haddr               integral              16    'h1169   
  hdata               integral              8     'h96     
  hwr_rd              hbus_read_write_enum  1     HBUS_READ
  wait_between_cycle  integral              32    'h0      
  begin_time          time                  64    74550    
  end_time            time                  64    74750    
-----------------------------------------------------------

UVM_INFO ../../hbus/sv/hbus_monitor.sv(109) @ 74950: uvm_test_top.tb.hbus.monitor [hbus_monitor] transaction collected :
------------------------------------------------------------
Name                  Type                  Size  Value     
------------------------------------------------------------
tr_collect            hbus_transaction      -     @11437    
  haddr               integral              16    'h1169    
  hdata               integral              8     'h69      
  hwr_rd              hbus_read_write_enum  1     HBUS_WRITE
  wait_between_cycle  integral              32    'h0       
  begin_time          time                  64    74850     
  end_time            time                  64    74950     
------------------------------------------------------------

UVM_INFO ../../hbus/sv/hbus_monitor.sv(109) @ 75150: uvm_test_top.tb.hbus.monitor [hbus_monitor] transaction collected :
------------------------------------------------------------
Name                  Type                  Size  Value     
------------------------------------------------------------
tr_collect            hbus_transaction      -     @11437    
  haddr               integral              16    'h116b    
  hdata               integral              8     'h94      
  hwr_rd              hbus_read_write_enum  1     HBUS_WRITE
  wait_between_cycle  integral              32    'h0       
  begin_time          time                  64    75050     
  end_time            time                  64    75150     
------------------------------------------------------------

UVM_INFO ../../hbus/sv/hbus_monitor.sv(109) @ 75450: uvm_test_top.tb.hbus.monitor [hbus_monitor] transaction collected :
-----------------------------------------------------------
Name                  Type                  Size  Value    
-----------------------------------------------------------
tr_collect            hbus_transaction      -     @11437   
  haddr               integral              16    'h116a   
  hdata               integral              8     'h95     
  hwr_rd              hbus_read_write_enum  1     HBUS_READ
  wait_between_cycle  integral              32    'h0      
  begin_time          time                  64    75250    
  end_time            time                  64    75450    
-----------------------------------------------------------

UVM_INFO ../../hbus/sv/hbus_monitor.sv(109) @ 75650: uvm_test_top.tb.hbus.monitor [hbus_monitor] transaction collected :
------------------------------------------------------------
Name                  Type                  Size  Value     
------------------------------------------------------------
tr_collect            hbus_transaction      -     @11437    
  haddr               integral              16    'h116a    
  hdata               integral              8     'h6a      
  hwr_rd              hbus_read_write_enum  1     HBUS_WRITE
  wait_between_cycle  integral              32    'h0       
  begin_time          time                  64    75550     
  end_time            time                  64    75650     
------------------------------------------------------------

UVM_INFO ../../hbus/sv/hbus_monitor.sv(109) @ 75850: uvm_test_top.tb.hbus.monitor [hbus_monitor] transaction collected :
------------------------------------------------------------
Name                  Type                  Size  Value     
------------------------------------------------------------
tr_collect            hbus_transaction      -     @11437    
  haddr               integral              16    'h116c    
  hdata               integral              8     'h93      
  hwr_rd              hbus_read_write_enum  1     HBUS_WRITE
  wait_between_cycle  integral              32    'h0       
  begin_time          time                  64    75750     
  end_time            time                  64    75850     
------------------------------------------------------------

UVM_INFO ../../hbus/sv/hbus_monitor.sv(109) @ 76150: uvm_test_top.tb.hbus.monitor [hbus_monitor] transaction collected :
-----------------------------------------------------------
Name                  Type                  Size  Value    
-----------------------------------------------------------
tr_collect            hbus_transaction      -     @11437   
  haddr               integral              16    'h116b   
  hdata               integral              8     'h94     
  hwr_rd              hbus_read_write_enum  1     HBUS_READ
  wait_between_cycle  integral              32    'h0      
  begin_time          time                  64    75950    
  end_time            time                  64    76150    
-----------------------------------------------------------

UVM_INFO ../../hbus/sv/hbus_monitor.sv(109) @ 76350: uvm_test_top.tb.hbus.monitor [hbus_monitor] transaction collected :
------------------------------------------------------------
Name                  Type                  Size  Value     
------------------------------------------------------------
tr_collect            hbus_transaction      -     @11437    
  haddr               integral              16    'h116b    
  hdata               integral              8     'h6b      
  hwr_rd              hbus_read_write_enum  1     HBUS_WRITE
  wait_between_cycle  integral              32    'h0       
  begin_time          time                  64    76250     
  end_time            time                  64    76350     
------------------------------------------------------------

UVM_INFO ../../hbus/sv/hbus_monitor.sv(109) @ 76550: uvm_test_top.tb.hbus.monitor [hbus_monitor] transaction collected :
------------------------------------------------------------
Name                  Type                  Size  Value     
------------------------------------------------------------
tr_collect            hbus_transaction      -     @11437    
  haddr               integral              16    'h116d    
  hdata               integral              8     'h92      
  hwr_rd              hbus_read_write_enum  1     HBUS_WRITE
  wait_between_cycle  integral              32    'h0       
  begin_time          time                  64    76450     
  end_time            time                  64    76550     
------------------------------------------------------------

UVM_INFO ../../hbus/sv/hbus_monitor.sv(109) @ 76850: uvm_test_top.tb.hbus.monitor [hbus_monitor] transaction collected :
-----------------------------------------------------------
Name                  Type                  Size  Value    
-----------------------------------------------------------
tr_collect            hbus_transaction      -     @11437   
  haddr               integral              16    'h116c   
  hdata               integral              8     'h93     
  hwr_rd              hbus_read_write_enum  1     HBUS_READ
  wait_between_cycle  integral              32    'h0      
  begin_time          time                  64    76650    
  end_time            time                  64    76850    
-----------------------------------------------------------

UVM_INFO ../../hbus/sv/hbus_monitor.sv(109) @ 77050: uvm_test_top.tb.hbus.monitor [hbus_monitor] transaction collected :
------------------------------------------------------------
Name                  Type                  Size  Value     
------------------------------------------------------------
tr_collect            hbus_transaction      -     @11437    
  haddr               integral              16    'h116c    
  hdata               integral              8     'h6c      
  hwr_rd              hbus_read_write_enum  1     HBUS_WRITE
  wait_between_cycle  integral              32    'h0       
  begin_time          time                  64    76950     
  end_time            time                  64    77050     
------------------------------------------------------------

UVM_INFO ../../hbus/sv/hbus_monitor.sv(109) @ 77250: uvm_test_top.tb.hbus.monitor [hbus_monitor] transaction collected :
------------------------------------------------------------
Name                  Type                  Size  Value     
------------------------------------------------------------
tr_collect            hbus_transaction      -     @11437    
  haddr               integral              16    'h116e    
  hdata               integral              8     'h91      
  hwr_rd              hbus_read_write_enum  1     HBUS_WRITE
  wait_between_cycle  integral              32    'h0       
  begin_time          time                  64    77150     
  end_time            time                  64    77250     
------------------------------------------------------------

UVM_INFO ../../hbus/sv/hbus_monitor.sv(109) @ 77550: uvm_test_top.tb.hbus.monitor [hbus_monitor] transaction collected :
-----------------------------------------------------------
Name                  Type                  Size  Value    
-----------------------------------------------------------
tr_collect            hbus_transaction      -     @11437   
  haddr               integral              16    'h116d   
  hdata               integral              8     'h92     
  hwr_rd              hbus_read_write_enum  1     HBUS_READ
  wait_between_cycle  integral              32    'h0      
  begin_time          time                  64    77350    
  end_time            time                  64    77550    
-----------------------------------------------------------

UVM_INFO ../../hbus/sv/hbus_monitor.sv(109) @ 77750: uvm_test_top.tb.hbus.monitor [hbus_monitor] transaction collected :
------------------------------------------------------------
Name                  Type                  Size  Value     
------------------------------------------------------------
tr_collect            hbus_transaction      -     @11437    
  haddr               integral              16    'h116d    
  hdata               integral              8     'h6d      
  hwr_rd              hbus_read_write_enum  1     HBUS_WRITE
  wait_between_cycle  integral              32    'h0       
  begin_time          time                  64    77650     
  end_time            time                  64    77750     
------------------------------------------------------------

UVM_INFO ../../hbus/sv/hbus_monitor.sv(109) @ 77950: uvm_test_top.tb.hbus.monitor [hbus_monitor] transaction collected :
------------------------------------------------------------
Name                  Type                  Size  Value     
------------------------------------------------------------
tr_collect            hbus_transaction      -     @11437    
  haddr               integral              16    'h116f    
  hdata               integral              8     'h90      
  hwr_rd              hbus_read_write_enum  1     HBUS_WRITE
  wait_between_cycle  integral              32    'h0       
  begin_time          time                  64    77850     
  end_time            time                  64    77950     
------------------------------------------------------------

UVM_INFO ../../hbus/sv/hbus_monitor.sv(109) @ 78250: uvm_test_top.tb.hbus.monitor [hbus_monitor] transaction collected :
-----------------------------------------------------------
Name                  Type                  Size  Value    
-----------------------------------------------------------
tr_collect            hbus_transaction      -     @11437   
  haddr               integral              16    'h116e   
  hdata               integral              8     'h91     
  hwr_rd              hbus_read_write_enum  1     HBUS_READ
  wait_between_cycle  integral              32    'h0      
  begin_time          time                  64    78050    
  end_time            time                  64    78250    
-----------------------------------------------------------

UVM_INFO ../../hbus/sv/hbus_monitor.sv(109) @ 78450: uvm_test_top.tb.hbus.monitor [hbus_monitor] transaction collected :
------------------------------------------------------------
Name                  Type                  Size  Value     
------------------------------------------------------------
tr_collect            hbus_transaction      -     @11437    
  haddr               integral              16    'h116e    
  hdata               integral              8     'h6e      
  hwr_rd              hbus_read_write_enum  1     HBUS_WRITE
  wait_between_cycle  integral              32    'h0       
  begin_time          time                  64    78350     
  end_time            time                  64    78450     
------------------------------------------------------------

UVM_INFO ../../hbus/sv/hbus_monitor.sv(109) @ 78650: uvm_test_top.tb.hbus.monitor [hbus_monitor] transaction collected :
------------------------------------------------------------
Name                  Type                  Size  Value     
------------------------------------------------------------
tr_collect            hbus_transaction      -     @11437    
  haddr               integral              16    'h1170    
  hdata               integral              8     'h8f      
  hwr_rd              hbus_read_write_enum  1     HBUS_WRITE
  wait_between_cycle  integral              32    'h0       
  begin_time          time                  64    78550     
  end_time            time                  64    78650     
------------------------------------------------------------

UVM_INFO ../../hbus/sv/hbus_monitor.sv(109) @ 78950: uvm_test_top.tb.hbus.monitor [hbus_monitor] transaction collected :
-----------------------------------------------------------
Name                  Type                  Size  Value    
-----------------------------------------------------------
tr_collect            hbus_transaction      -     @11437   
  haddr               integral              16    'h116f   
  hdata               integral              8     'h90     
  hwr_rd              hbus_read_write_enum  1     HBUS_READ
  wait_between_cycle  integral              32    'h0      
  begin_time          time                  64    78750    
  end_time            time                  64    78950    
-----------------------------------------------------------

UVM_INFO ../../hbus/sv/hbus_monitor.sv(109) @ 79150: uvm_test_top.tb.hbus.monitor [hbus_monitor] transaction collected :
------------------------------------------------------------
Name                  Type                  Size  Value     
------------------------------------------------------------
tr_collect            hbus_transaction      -     @11437    
  haddr               integral              16    'h116f    
  hdata               integral              8     'h6f      
  hwr_rd              hbus_read_write_enum  1     HBUS_WRITE
  wait_between_cycle  integral              32    'h0       
  begin_time          time                  64    79050     
  end_time            time                  64    79150     
------------------------------------------------------------

UVM_INFO ../../hbus/sv/hbus_monitor.sv(109) @ 79350: uvm_test_top.tb.hbus.monitor [hbus_monitor] transaction collected :
------------------------------------------------------------
Name                  Type                  Size  Value     
------------------------------------------------------------
tr_collect            hbus_transaction      -     @11437    
  haddr               integral              16    'h1171    
  hdata               integral              8     'h8e      
  hwr_rd              hbus_read_write_enum  1     HBUS_WRITE
  wait_between_cycle  integral              32    'h0       
  begin_time          time                  64    79250     
  end_time            time                  64    79350     
------------------------------------------------------------

UVM_INFO ../../hbus/sv/hbus_monitor.sv(109) @ 79650: uvm_test_top.tb.hbus.monitor [hbus_monitor] transaction collected :
-----------------------------------------------------------
Name                  Type                  Size  Value    
-----------------------------------------------------------
tr_collect            hbus_transaction      -     @11437   
  haddr               integral              16    'h1170   
  hdata               integral              8     'h8f     
  hwr_rd              hbus_read_write_enum  1     HBUS_READ
  wait_between_cycle  integral              32    'h0      
  begin_time          time                  64    79450    
  end_time            time                  64    79650    
-----------------------------------------------------------

UVM_INFO ../../hbus/sv/hbus_monitor.sv(109) @ 79850: uvm_test_top.tb.hbus.monitor [hbus_monitor] transaction collected :
------------------------------------------------------------
Name                  Type                  Size  Value     
------------------------------------------------------------
tr_collect            hbus_transaction      -     @11437    
  haddr               integral              16    'h1170    
  hdata               integral              8     'h70      
  hwr_rd              hbus_read_write_enum  1     HBUS_WRITE
  wait_between_cycle  integral              32    'h0       
  begin_time          time                  64    79750     
  end_time            time                  64    79850     
------------------------------------------------------------

UVM_INFO ../../hbus/sv/hbus_monitor.sv(109) @ 80050: uvm_test_top.tb.hbus.monitor [hbus_monitor] transaction collected :
------------------------------------------------------------
Name                  Type                  Size  Value     
------------------------------------------------------------
tr_collect            hbus_transaction      -     @11437    
  haddr               integral              16    'h1172    
  hdata               integral              8     'h8d      
  hwr_rd              hbus_read_write_enum  1     HBUS_WRITE
  wait_between_cycle  integral              32    'h0       
  begin_time          time                  64    79950     
  end_time            time                  64    80050     
------------------------------------------------------------

UVM_INFO ../../hbus/sv/hbus_monitor.sv(109) @ 80350: uvm_test_top.tb.hbus.monitor [hbus_monitor] transaction collected :
-----------------------------------------------------------
Name                  Type                  Size  Value    
-----------------------------------------------------------
tr_collect            hbus_transaction      -     @11437   
  haddr               integral              16    'h1171   
  hdata               integral              8     'h8e     
  hwr_rd              hbus_read_write_enum  1     HBUS_READ
  wait_between_cycle  integral              32    'h0      
  begin_time          time                  64    80150    
  end_time            time                  64    80350    
-----------------------------------------------------------

UVM_INFO ../../hbus/sv/hbus_monitor.sv(109) @ 80550: uvm_test_top.tb.hbus.monitor [hbus_monitor] transaction collected :
------------------------------------------------------------
Name                  Type                  Size  Value     
------------------------------------------------------------
tr_collect            hbus_transaction      -     @11437    
  haddr               integral              16    'h1171    
  hdata               integral              8     'h71      
  hwr_rd              hbus_read_write_enum  1     HBUS_WRITE
  wait_between_cycle  integral              32    'h0       
  begin_time          time                  64    80450     
  end_time            time                  64    80550     
------------------------------------------------------------

UVM_INFO ../../hbus/sv/hbus_monitor.sv(109) @ 80750: uvm_test_top.tb.hbus.monitor [hbus_monitor] transaction collected :
------------------------------------------------------------
Name                  Type                  Size  Value     
------------------------------------------------------------
tr_collect            hbus_transaction      -     @11437    
  haddr               integral              16    'h1173    
  hdata               integral              8     'h8c      
  hwr_rd              hbus_read_write_enum  1     HBUS_WRITE
  wait_between_cycle  integral              32    'h0       
  begin_time          time                  64    80650     
  end_time            time                  64    80750     
------------------------------------------------------------

UVM_INFO ../../hbus/sv/hbus_monitor.sv(109) @ 81050: uvm_test_top.tb.hbus.monitor [hbus_monitor] transaction collected :
-----------------------------------------------------------
Name                  Type                  Size  Value    
-----------------------------------------------------------
tr_collect            hbus_transaction      -     @11437   
  haddr               integral              16    'h1172   
  hdata               integral              8     'h8d     
  hwr_rd              hbus_read_write_enum  1     HBUS_READ
  wait_between_cycle  integral              32    'h0      
  begin_time          time                  64    80850    
  end_time            time                  64    81050    
-----------------------------------------------------------

UVM_INFO ../../hbus/sv/hbus_monitor.sv(109) @ 81250: uvm_test_top.tb.hbus.monitor [hbus_monitor] transaction collected :
------------------------------------------------------------
Name                  Type                  Size  Value     
------------------------------------------------------------
tr_collect            hbus_transaction      -     @11437    
  haddr               integral              16    'h1172    
  hdata               integral              8     'h72      
  hwr_rd              hbus_read_write_enum  1     HBUS_WRITE
  wait_between_cycle  integral              32    'h0       
  begin_time          time                  64    81150     
  end_time            time                  64    81250     
------------------------------------------------------------

UVM_INFO ../../hbus/sv/hbus_monitor.sv(109) @ 81450: uvm_test_top.tb.hbus.monitor [hbus_monitor] transaction collected :
------------------------------------------------------------
Name                  Type                  Size  Value     
------------------------------------------------------------
tr_collect            hbus_transaction      -     @11437    
  haddr               integral              16    'h1174    
  hdata               integral              8     'h8b      
  hwr_rd              hbus_read_write_enum  1     HBUS_WRITE
  wait_between_cycle  integral              32    'h0       
  begin_time          time                  64    81350     
  end_time            time                  64    81450     
------------------------------------------------------------

UVM_INFO ../../hbus/sv/hbus_monitor.sv(109) @ 81750: uvm_test_top.tb.hbus.monitor [hbus_monitor] transaction collected :
-----------------------------------------------------------
Name                  Type                  Size  Value    
-----------------------------------------------------------
tr_collect            hbus_transaction      -     @11437   
  haddr               integral              16    'h1173   
  hdata               integral              8     'h8c     
  hwr_rd              hbus_read_write_enum  1     HBUS_READ
  wait_between_cycle  integral              32    'h0      
  begin_time          time                  64    81550    
  end_time            time                  64    81750    
-----------------------------------------------------------

UVM_INFO ../../hbus/sv/hbus_monitor.sv(109) @ 81950: uvm_test_top.tb.hbus.monitor [hbus_monitor] transaction collected :
------------------------------------------------------------
Name                  Type                  Size  Value     
------------------------------------------------------------
tr_collect            hbus_transaction      -     @11437    
  haddr               integral              16    'h1173    
  hdata               integral              8     'h73      
  hwr_rd              hbus_read_write_enum  1     HBUS_WRITE
  wait_between_cycle  integral              32    'h0       
  begin_time          time                  64    81850     
  end_time            time                  64    81950     
------------------------------------------------------------

UVM_INFO ../../hbus/sv/hbus_monitor.sv(109) @ 82150: uvm_test_top.tb.hbus.monitor [hbus_monitor] transaction collected :
------------------------------------------------------------
Name                  Type                  Size  Value     
------------------------------------------------------------
tr_collect            hbus_transaction      -     @11437    
  haddr               integral              16    'h1175    
  hdata               integral              8     'h8a      
  hwr_rd              hbus_read_write_enum  1     HBUS_WRITE
  wait_between_cycle  integral              32    'h0       
  begin_time          time                  64    82050     
  end_time            time                  64    82150     
------------------------------------------------------------

UVM_INFO ../../hbus/sv/hbus_monitor.sv(109) @ 82450: uvm_test_top.tb.hbus.monitor [hbus_monitor] transaction collected :
-----------------------------------------------------------
Name                  Type                  Size  Value    
-----------------------------------------------------------
tr_collect            hbus_transaction      -     @11437   
  haddr               integral              16    'h1174   
  hdata               integral              8     'h8b     
  hwr_rd              hbus_read_write_enum  1     HBUS_READ
  wait_between_cycle  integral              32    'h0      
  begin_time          time                  64    82250    
  end_time            time                  64    82450    
-----------------------------------------------------------

UVM_INFO ../../hbus/sv/hbus_monitor.sv(109) @ 82650: uvm_test_top.tb.hbus.monitor [hbus_monitor] transaction collected :
------------------------------------------------------------
Name                  Type                  Size  Value     
------------------------------------------------------------
tr_collect            hbus_transaction      -     @11437    
  haddr               integral              16    'h1174    
  hdata               integral              8     'h74      
  hwr_rd              hbus_read_write_enum  1     HBUS_WRITE
  wait_between_cycle  integral              32    'h0       
  begin_time          time                  64    82550     
  end_time            time                  64    82650     
------------------------------------------------------------

UVM_INFO ../../hbus/sv/hbus_monitor.sv(109) @ 82850: uvm_test_top.tb.hbus.monitor [hbus_monitor] transaction collected :
------------------------------------------------------------
Name                  Type                  Size  Value     
------------------------------------------------------------
tr_collect            hbus_transaction      -     @11437    
  haddr               integral              16    'h1176    
  hdata               integral              8     'h89      
  hwr_rd              hbus_read_write_enum  1     HBUS_WRITE
  wait_between_cycle  integral              32    'h0       
  begin_time          time                  64    82750     
  end_time            time                  64    82850     
------------------------------------------------------------

UVM_INFO ../../hbus/sv/hbus_monitor.sv(109) @ 83150: uvm_test_top.tb.hbus.monitor [hbus_monitor] transaction collected :
-----------------------------------------------------------
Name                  Type                  Size  Value    
-----------------------------------------------------------
tr_collect            hbus_transaction      -     @11437   
  haddr               integral              16    'h1175   
  hdata               integral              8     'h8a     
  hwr_rd              hbus_read_write_enum  1     HBUS_READ
  wait_between_cycle  integral              32    'h0      
  begin_time          time                  64    82950    
  end_time            time                  64    83150    
-----------------------------------------------------------

UVM_INFO ../../hbus/sv/hbus_monitor.sv(109) @ 83350: uvm_test_top.tb.hbus.monitor [hbus_monitor] transaction collected :
------------------------------------------------------------
Name                  Type                  Size  Value     
------------------------------------------------------------
tr_collect            hbus_transaction      -     @11437    
  haddr               integral              16    'h1175    
  hdata               integral              8     'h75      
  hwr_rd              hbus_read_write_enum  1     HBUS_WRITE
  wait_between_cycle  integral              32    'h0       
  begin_time          time                  64    83250     
  end_time            time                  64    83350     
------------------------------------------------------------

UVM_INFO ../../hbus/sv/hbus_monitor.sv(109) @ 83550: uvm_test_top.tb.hbus.monitor [hbus_monitor] transaction collected :
------------------------------------------------------------
Name                  Type                  Size  Value     
------------------------------------------------------------
tr_collect            hbus_transaction      -     @11437    
  haddr               integral              16    'h1177    
  hdata               integral              8     'h88      
  hwr_rd              hbus_read_write_enum  1     HBUS_WRITE
  wait_between_cycle  integral              32    'h0       
  begin_time          time                  64    83450     
  end_time            time                  64    83550     
------------------------------------------------------------

UVM_INFO ../../hbus/sv/hbus_monitor.sv(109) @ 83850: uvm_test_top.tb.hbus.monitor [hbus_monitor] transaction collected :
-----------------------------------------------------------
Name                  Type                  Size  Value    
-----------------------------------------------------------
tr_collect            hbus_transaction      -     @11437   
  haddr               integral              16    'h1176   
  hdata               integral              8     'h89     
  hwr_rd              hbus_read_write_enum  1     HBUS_READ
  wait_between_cycle  integral              32    'h0      
  begin_time          time                  64    83650    
  end_time            time                  64    83850    
-----------------------------------------------------------

UVM_INFO ../../hbus/sv/hbus_monitor.sv(109) @ 84050: uvm_test_top.tb.hbus.monitor [hbus_monitor] transaction collected :
------------------------------------------------------------
Name                  Type                  Size  Value     
------------------------------------------------------------
tr_collect            hbus_transaction      -     @11437    
  haddr               integral              16    'h1176    
  hdata               integral              8     'h76      
  hwr_rd              hbus_read_write_enum  1     HBUS_WRITE
  wait_between_cycle  integral              32    'h0       
  begin_time          time                  64    83950     
  end_time            time                  64    84050     
------------------------------------------------------------

UVM_INFO ../../hbus/sv/hbus_monitor.sv(109) @ 84250: uvm_test_top.tb.hbus.monitor [hbus_monitor] transaction collected :
------------------------------------------------------------
Name                  Type                  Size  Value     
------------------------------------------------------------
tr_collect            hbus_transaction      -     @11437    
  haddr               integral              16    'h1178    
  hdata               integral              8     'h87      
  hwr_rd              hbus_read_write_enum  1     HBUS_WRITE
  wait_between_cycle  integral              32    'h0       
  begin_time          time                  64    84150     
  end_time            time                  64    84250     
------------------------------------------------------------

UVM_INFO ../../hbus/sv/hbus_monitor.sv(109) @ 84550: uvm_test_top.tb.hbus.monitor [hbus_monitor] transaction collected :
-----------------------------------------------------------
Name                  Type                  Size  Value    
-----------------------------------------------------------
tr_collect            hbus_transaction      -     @11437   
  haddr               integral              16    'h1177   
  hdata               integral              8     'h88     
  hwr_rd              hbus_read_write_enum  1     HBUS_READ
  wait_between_cycle  integral              32    'h0      
  begin_time          time                  64    84350    
  end_time            time                  64    84550    
-----------------------------------------------------------

UVM_INFO ../../hbus/sv/hbus_monitor.sv(109) @ 84750: uvm_test_top.tb.hbus.monitor [hbus_monitor] transaction collected :
------------------------------------------------------------
Name                  Type                  Size  Value     
------------------------------------------------------------
tr_collect            hbus_transaction      -     @11437    
  haddr               integral              16    'h1177    
  hdata               integral              8     'h77      
  hwr_rd              hbus_read_write_enum  1     HBUS_WRITE
  wait_between_cycle  integral              32    'h0       
  begin_time          time                  64    84650     
  end_time            time                  64    84750     
------------------------------------------------------------

UVM_INFO ../../hbus/sv/hbus_monitor.sv(109) @ 84950: uvm_test_top.tb.hbus.monitor [hbus_monitor] transaction collected :
------------------------------------------------------------
Name                  Type                  Size  Value     
------------------------------------------------------------
tr_collect            hbus_transaction      -     @11437    
  haddr               integral              16    'h1179    
  hdata               integral              8     'h86      
  hwr_rd              hbus_read_write_enum  1     HBUS_WRITE
  wait_between_cycle  integral              32    'h0       
  begin_time          time                  64    84850     
  end_time            time                  64    84950     
------------------------------------------------------------

UVM_INFO ../../hbus/sv/hbus_monitor.sv(109) @ 85250: uvm_test_top.tb.hbus.monitor [hbus_monitor] transaction collected :
-----------------------------------------------------------
Name                  Type                  Size  Value    
-----------------------------------------------------------
tr_collect            hbus_transaction      -     @11437   
  haddr               integral              16    'h1178   
  hdata               integral              8     'h87     
  hwr_rd              hbus_read_write_enum  1     HBUS_READ
  wait_between_cycle  integral              32    'h0      
  begin_time          time                  64    85050    
  end_time            time                  64    85250    
-----------------------------------------------------------

UVM_INFO ../../hbus/sv/hbus_monitor.sv(109) @ 85450: uvm_test_top.tb.hbus.monitor [hbus_monitor] transaction collected :
------------------------------------------------------------
Name                  Type                  Size  Value     
------------------------------------------------------------
tr_collect            hbus_transaction      -     @11437    
  haddr               integral              16    'h1178    
  hdata               integral              8     'h78      
  hwr_rd              hbus_read_write_enum  1     HBUS_WRITE
  wait_between_cycle  integral              32    'h0       
  begin_time          time                  64    85350     
  end_time            time                  64    85450     
------------------------------------------------------------

UVM_INFO ../../hbus/sv/hbus_monitor.sv(109) @ 85650: uvm_test_top.tb.hbus.monitor [hbus_monitor] transaction collected :
------------------------------------------------------------
Name                  Type                  Size  Value     
------------------------------------------------------------
tr_collect            hbus_transaction      -     @11437    
  haddr               integral              16    'h117a    
  hdata               integral              8     'h85      
  hwr_rd              hbus_read_write_enum  1     HBUS_WRITE
  wait_between_cycle  integral              32    'h0       
  begin_time          time                  64    85550     
  end_time            time                  64    85650     
------------------------------------------------------------

UVM_INFO ../../hbus/sv/hbus_monitor.sv(109) @ 85950: uvm_test_top.tb.hbus.monitor [hbus_monitor] transaction collected :
-----------------------------------------------------------
Name                  Type                  Size  Value    
-----------------------------------------------------------
tr_collect            hbus_transaction      -     @11437   
  haddr               integral              16    'h1179   
  hdata               integral              8     'h86     
  hwr_rd              hbus_read_write_enum  1     HBUS_READ
  wait_between_cycle  integral              32    'h0      
  begin_time          time                  64    85750    
  end_time            time                  64    85950    
-----------------------------------------------------------

UVM_INFO ../../hbus/sv/hbus_monitor.sv(109) @ 86150: uvm_test_top.tb.hbus.monitor [hbus_monitor] transaction collected :
------------------------------------------------------------
Name                  Type                  Size  Value     
------------------------------------------------------------
tr_collect            hbus_transaction      -     @11437    
  haddr               integral              16    'h1179    
  hdata               integral              8     'h79      
  hwr_rd              hbus_read_write_enum  1     HBUS_WRITE
  wait_between_cycle  integral              32    'h0       
  begin_time          time                  64    86050     
  end_time            time                  64    86150     
------------------------------------------------------------

UVM_INFO ../../hbus/sv/hbus_monitor.sv(109) @ 86350: uvm_test_top.tb.hbus.monitor [hbus_monitor] transaction collected :
------------------------------------------------------------
Name                  Type                  Size  Value     
------------------------------------------------------------
tr_collect            hbus_transaction      -     @11437    
  haddr               integral              16    'h117b    
  hdata               integral              8     'h84      
  hwr_rd              hbus_read_write_enum  1     HBUS_WRITE
  wait_between_cycle  integral              32    'h0       
  begin_time          time                  64    86250     
  end_time            time                  64    86350     
------------------------------------------------------------

UVM_INFO ../../hbus/sv/hbus_monitor.sv(109) @ 86650: uvm_test_top.tb.hbus.monitor [hbus_monitor] transaction collected :
-----------------------------------------------------------
Name                  Type                  Size  Value    
-----------------------------------------------------------
tr_collect            hbus_transaction      -     @11437   
  haddr               integral              16    'h117a   
  hdata               integral              8     'h85     
  hwr_rd              hbus_read_write_enum  1     HBUS_READ
  wait_between_cycle  integral              32    'h0      
  begin_time          time                  64    86450    
  end_time            time                  64    86650    
-----------------------------------------------------------

UVM_INFO ../../hbus/sv/hbus_monitor.sv(109) @ 86850: uvm_test_top.tb.hbus.monitor [hbus_monitor] transaction collected :
------------------------------------------------------------
Name                  Type                  Size  Value     
------------------------------------------------------------
tr_collect            hbus_transaction      -     @11437    
  haddr               integral              16    'h117a    
  hdata               integral              8     'h7a      
  hwr_rd              hbus_read_write_enum  1     HBUS_WRITE
  wait_between_cycle  integral              32    'h0       
  begin_time          time                  64    86750     
  end_time            time                  64    86850     
------------------------------------------------------------

UVM_INFO ../../hbus/sv/hbus_monitor.sv(109) @ 87050: uvm_test_top.tb.hbus.monitor [hbus_monitor] transaction collected :
------------------------------------------------------------
Name                  Type                  Size  Value     
------------------------------------------------------------
tr_collect            hbus_transaction      -     @11437    
  haddr               integral              16    'h117c    
  hdata               integral              8     'h83      
  hwr_rd              hbus_read_write_enum  1     HBUS_WRITE
  wait_between_cycle  integral              32    'h0       
  begin_time          time                  64    86950     
  end_time            time                  64    87050     
------------------------------------------------------------

UVM_INFO ../../hbus/sv/hbus_monitor.sv(109) @ 87350: uvm_test_top.tb.hbus.monitor [hbus_monitor] transaction collected :
-----------------------------------------------------------
Name                  Type                  Size  Value    
-----------------------------------------------------------
tr_collect            hbus_transaction      -     @11437   
  haddr               integral              16    'h117b   
  hdata               integral              8     'h84     
  hwr_rd              hbus_read_write_enum  1     HBUS_READ
  wait_between_cycle  integral              32    'h0      
  begin_time          time                  64    87150    
  end_time            time                  64    87350    
-----------------------------------------------------------

UVM_INFO ../../hbus/sv/hbus_monitor.sv(109) @ 87550: uvm_test_top.tb.hbus.monitor [hbus_monitor] transaction collected :
------------------------------------------------------------
Name                  Type                  Size  Value     
------------------------------------------------------------
tr_collect            hbus_transaction      -     @11437    
  haddr               integral              16    'h117b    
  hdata               integral              8     'h7b      
  hwr_rd              hbus_read_write_enum  1     HBUS_WRITE
  wait_between_cycle  integral              32    'h0       
  begin_time          time                  64    87450     
  end_time            time                  64    87550     
------------------------------------------------------------

UVM_INFO ../../hbus/sv/hbus_monitor.sv(109) @ 87750: uvm_test_top.tb.hbus.monitor [hbus_monitor] transaction collected :
------------------------------------------------------------
Name                  Type                  Size  Value     
------------------------------------------------------------
tr_collect            hbus_transaction      -     @11437    
  haddr               integral              16    'h117d    
  hdata               integral              8     'h82      
  hwr_rd              hbus_read_write_enum  1     HBUS_WRITE
  wait_between_cycle  integral              32    'h0       
  begin_time          time                  64    87650     
  end_time            time                  64    87750     
------------------------------------------------------------

UVM_INFO ../../hbus/sv/hbus_monitor.sv(109) @ 88050: uvm_test_top.tb.hbus.monitor [hbus_monitor] transaction collected :
-----------------------------------------------------------
Name                  Type                  Size  Value    
-----------------------------------------------------------
tr_collect            hbus_transaction      -     @11437   
  haddr               integral              16    'h117c   
  hdata               integral              8     'h83     
  hwr_rd              hbus_read_write_enum  1     HBUS_READ
  wait_between_cycle  integral              32    'h0      
  begin_time          time                  64    87850    
  end_time            time                  64    88050    
-----------------------------------------------------------

UVM_INFO ../../hbus/sv/hbus_monitor.sv(109) @ 88250: uvm_test_top.tb.hbus.monitor [hbus_monitor] transaction collected :
------------------------------------------------------------
Name                  Type                  Size  Value     
------------------------------------------------------------
tr_collect            hbus_transaction      -     @11437    
  haddr               integral              16    'h117c    
  hdata               integral              8     'h7c      
  hwr_rd              hbus_read_write_enum  1     HBUS_WRITE
  wait_between_cycle  integral              32    'h0       
  begin_time          time                  64    88150     
  end_time            time                  64    88250     
------------------------------------------------------------

UVM_INFO ../../hbus/sv/hbus_monitor.sv(109) @ 88450: uvm_test_top.tb.hbus.monitor [hbus_monitor] transaction collected :
------------------------------------------------------------
Name                  Type                  Size  Value     
------------------------------------------------------------
tr_collect            hbus_transaction      -     @11437    
  haddr               integral              16    'h117e    
  hdata               integral              8     'h81      
  hwr_rd              hbus_read_write_enum  1     HBUS_WRITE
  wait_between_cycle  integral              32    'h0       
  begin_time          time                  64    88350     
  end_time            time                  64    88450     
------------------------------------------------------------

UVM_INFO ../../hbus/sv/hbus_monitor.sv(109) @ 88750: uvm_test_top.tb.hbus.monitor [hbus_monitor] transaction collected :
-----------------------------------------------------------
Name                  Type                  Size  Value    
-----------------------------------------------------------
tr_collect            hbus_transaction      -     @11437   
  haddr               integral              16    'h117d   
  hdata               integral              8     'h82     
  hwr_rd              hbus_read_write_enum  1     HBUS_READ
  wait_between_cycle  integral              32    'h0      
  begin_time          time                  64    88550    
  end_time            time                  64    88750    
-----------------------------------------------------------

UVM_INFO ../../hbus/sv/hbus_monitor.sv(109) @ 88950: uvm_test_top.tb.hbus.monitor [hbus_monitor] transaction collected :
------------------------------------------------------------
Name                  Type                  Size  Value     
------------------------------------------------------------
tr_collect            hbus_transaction      -     @11437    
  haddr               integral              16    'h117d    
  hdata               integral              8     'h7d      
  hwr_rd              hbus_read_write_enum  1     HBUS_WRITE
  wait_between_cycle  integral              32    'h0       
  begin_time          time                  64    88850     
  end_time            time                  64    88950     
------------------------------------------------------------

UVM_INFO ../../hbus/sv/hbus_monitor.sv(109) @ 89150: uvm_test_top.tb.hbus.monitor [hbus_monitor] transaction collected :
------------------------------------------------------------
Name                  Type                  Size  Value     
------------------------------------------------------------
tr_collect            hbus_transaction      -     @11437    
  haddr               integral              16    'h117f    
  hdata               integral              8     'h80      
  hwr_rd              hbus_read_write_enum  1     HBUS_WRITE
  wait_between_cycle  integral              32    'h0       
  begin_time          time                  64    89050     
  end_time            time                  64    89150     
------------------------------------------------------------

UVM_INFO ../../hbus/sv/hbus_monitor.sv(109) @ 89450: uvm_test_top.tb.hbus.monitor [hbus_monitor] transaction collected :
-----------------------------------------------------------
Name                  Type                  Size  Value    
-----------------------------------------------------------
tr_collect            hbus_transaction      -     @11437   
  haddr               integral              16    'h117e   
  hdata               integral              8     'h81     
  hwr_rd              hbus_read_write_enum  1     HBUS_READ
  wait_between_cycle  integral              32    'h0      
  begin_time          time                  64    89250    
  end_time            time                  64    89450    
-----------------------------------------------------------

UVM_INFO ../../hbus/sv/hbus_monitor.sv(109) @ 89650: uvm_test_top.tb.hbus.monitor [hbus_monitor] transaction collected :
------------------------------------------------------------
Name                  Type                  Size  Value     
------------------------------------------------------------
tr_collect            hbus_transaction      -     @11437    
  haddr               integral              16    'h117e    
  hdata               integral              8     'h7e      
  hwr_rd              hbus_read_write_enum  1     HBUS_WRITE
  wait_between_cycle  integral              32    'h0       
  begin_time          time                  64    89550     
  end_time            time                  64    89650     
------------------------------------------------------------

UVM_INFO ../../hbus/sv/hbus_monitor.sv(109) @ 89850: uvm_test_top.tb.hbus.monitor [hbus_monitor] transaction collected :
------------------------------------------------------------
Name                  Type                  Size  Value     
------------------------------------------------------------
tr_collect            hbus_transaction      -     @11437    
  haddr               integral              16    'h1180    
  hdata               integral              8     'h7f      
  hwr_rd              hbus_read_write_enum  1     HBUS_WRITE
  wait_between_cycle  integral              32    'h0       
  begin_time          time                  64    89750     
  end_time            time                  64    89850     
------------------------------------------------------------

UVM_INFO ../../hbus/sv/hbus_monitor.sv(109) @ 90150: uvm_test_top.tb.hbus.monitor [hbus_monitor] transaction collected :
-----------------------------------------------------------
Name                  Type                  Size  Value    
-----------------------------------------------------------
tr_collect            hbus_transaction      -     @11437   
  haddr               integral              16    'h117f   
  hdata               integral              8     'h80     
  hwr_rd              hbus_read_write_enum  1     HBUS_READ
  wait_between_cycle  integral              32    'h0      
  begin_time          time                  64    89950    
  end_time            time                  64    90150    
-----------------------------------------------------------

UVM_INFO ../../hbus/sv/hbus_monitor.sv(109) @ 90350: uvm_test_top.tb.hbus.monitor [hbus_monitor] transaction collected :
------------------------------------------------------------
Name                  Type                  Size  Value     
------------------------------------------------------------
tr_collect            hbus_transaction      -     @11437    
  haddr               integral              16    'h117f    
  hdata               integral              8     'h7f      
  hwr_rd              hbus_read_write_enum  1     HBUS_WRITE
  wait_between_cycle  integral              32    'h0       
  begin_time          time                  64    90250     
  end_time            time                  64    90350     
------------------------------------------------------------

UVM_INFO ../../hbus/sv/hbus_monitor.sv(109) @ 90550: uvm_test_top.tb.hbus.monitor [hbus_monitor] transaction collected :
------------------------------------------------------------
Name                  Type                  Size  Value     
------------------------------------------------------------
tr_collect            hbus_transaction      -     @11437    
  haddr               integral              16    'h1181    
  hdata               integral              8     'h7e      
  hwr_rd              hbus_read_write_enum  1     HBUS_WRITE
  wait_between_cycle  integral              32    'h0       
  begin_time          time                  64    90450     
  end_time            time                  64    90550     
------------------------------------------------------------

UVM_INFO ../../hbus/sv/hbus_monitor.sv(109) @ 90850: uvm_test_top.tb.hbus.monitor [hbus_monitor] transaction collected :
-----------------------------------------------------------
Name                  Type                  Size  Value    
-----------------------------------------------------------
tr_collect            hbus_transaction      -     @11437   
  haddr               integral              16    'h1180   
  hdata               integral              8     'h7f     
  hwr_rd              hbus_read_write_enum  1     HBUS_READ
  wait_between_cycle  integral              32    'h0      
  begin_time          time                  64    90650    
  end_time            time                  64    90850    
-----------------------------------------------------------

UVM_INFO ../../hbus/sv/hbus_monitor.sv(109) @ 91050: uvm_test_top.tb.hbus.monitor [hbus_monitor] transaction collected :
------------------------------------------------------------
Name                  Type                  Size  Value     
------------------------------------------------------------
tr_collect            hbus_transaction      -     @11437    
  haddr               integral              16    'h1180    
  hdata               integral              8     'h80      
  hwr_rd              hbus_read_write_enum  1     HBUS_WRITE
  wait_between_cycle  integral              32    'h0       
  begin_time          time                  64    90950     
  end_time            time                  64    91050     
------------------------------------------------------------

UVM_INFO ../../hbus/sv/hbus_monitor.sv(109) @ 91250: uvm_test_top.tb.hbus.monitor [hbus_monitor] transaction collected :
------------------------------------------------------------
Name                  Type                  Size  Value     
------------------------------------------------------------
tr_collect            hbus_transaction      -     @11437    
  haddr               integral              16    'h1182    
  hdata               integral              8     'h7d      
  hwr_rd              hbus_read_write_enum  1     HBUS_WRITE
  wait_between_cycle  integral              32    'h0       
  begin_time          time                  64    91150     
  end_time            time                  64    91250     
------------------------------------------------------------

UVM_INFO ../../hbus/sv/hbus_monitor.sv(109) @ 91550: uvm_test_top.tb.hbus.monitor [hbus_monitor] transaction collected :
-----------------------------------------------------------
Name                  Type                  Size  Value    
-----------------------------------------------------------
tr_collect            hbus_transaction      -     @11437   
  haddr               integral              16    'h1181   
  hdata               integral              8     'h7e     
  hwr_rd              hbus_read_write_enum  1     HBUS_READ
  wait_between_cycle  integral              32    'h0      
  begin_time          time                  64    91350    
  end_time            time                  64    91550    
-----------------------------------------------------------

UVM_INFO ../../hbus/sv/hbus_monitor.sv(109) @ 91750: uvm_test_top.tb.hbus.monitor [hbus_monitor] transaction collected :
------------------------------------------------------------
Name                  Type                  Size  Value     
------------------------------------------------------------
tr_collect            hbus_transaction      -     @11437    
  haddr               integral              16    'h1181    
  hdata               integral              8     'h81      
  hwr_rd              hbus_read_write_enum  1     HBUS_WRITE
  wait_between_cycle  integral              32    'h0       
  begin_time          time                  64    91650     
  end_time            time                  64    91750     
------------------------------------------------------------

UVM_INFO ../../hbus/sv/hbus_monitor.sv(109) @ 91950: uvm_test_top.tb.hbus.monitor [hbus_monitor] transaction collected :
------------------------------------------------------------
Name                  Type                  Size  Value     
------------------------------------------------------------
tr_collect            hbus_transaction      -     @11437    
  haddr               integral              16    'h1183    
  hdata               integral              8     'h7c      
  hwr_rd              hbus_read_write_enum  1     HBUS_WRITE
  wait_between_cycle  integral              32    'h0       
  begin_time          time                  64    91850     
  end_time            time                  64    91950     
------------------------------------------------------------

UVM_INFO ../../hbus/sv/hbus_monitor.sv(109) @ 92250: uvm_test_top.tb.hbus.monitor [hbus_monitor] transaction collected :
-----------------------------------------------------------
Name                  Type                  Size  Value    
-----------------------------------------------------------
tr_collect            hbus_transaction      -     @11437   
  haddr               integral              16    'h1182   
  hdata               integral              8     'h7d     
  hwr_rd              hbus_read_write_enum  1     HBUS_READ
  wait_between_cycle  integral              32    'h0      
  begin_time          time                  64    92050    
  end_time            time                  64    92250    
-----------------------------------------------------------

UVM_INFO ../../hbus/sv/hbus_monitor.sv(109) @ 92450: uvm_test_top.tb.hbus.monitor [hbus_monitor] transaction collected :
------------------------------------------------------------
Name                  Type                  Size  Value     
------------------------------------------------------------
tr_collect            hbus_transaction      -     @11437    
  haddr               integral              16    'h1182    
  hdata               integral              8     'h82      
  hwr_rd              hbus_read_write_enum  1     HBUS_WRITE
  wait_between_cycle  integral              32    'h0       
  begin_time          time                  64    92350     
  end_time            time                  64    92450     
------------------------------------------------------------

UVM_INFO ../../hbus/sv/hbus_monitor.sv(109) @ 92650: uvm_test_top.tb.hbus.monitor [hbus_monitor] transaction collected :
------------------------------------------------------------
Name                  Type                  Size  Value     
------------------------------------------------------------
tr_collect            hbus_transaction      -     @11437    
  haddr               integral              16    'h1184    
  hdata               integral              8     'h7b      
  hwr_rd              hbus_read_write_enum  1     HBUS_WRITE
  wait_between_cycle  integral              32    'h0       
  begin_time          time                  64    92550     
  end_time            time                  64    92650     
------------------------------------------------------------

UVM_INFO ../../hbus/sv/hbus_monitor.sv(109) @ 92950: uvm_test_top.tb.hbus.monitor [hbus_monitor] transaction collected :
-----------------------------------------------------------
Name                  Type                  Size  Value    
-----------------------------------------------------------
tr_collect            hbus_transaction      -     @11437   
  haddr               integral              16    'h1183   
  hdata               integral              8     'h7c     
  hwr_rd              hbus_read_write_enum  1     HBUS_READ
  wait_between_cycle  integral              32    'h0      
  begin_time          time                  64    92750    
  end_time            time                  64    92950    
-----------------------------------------------------------

UVM_INFO ../../hbus/sv/hbus_monitor.sv(109) @ 93150: uvm_test_top.tb.hbus.monitor [hbus_monitor] transaction collected :
------------------------------------------------------------
Name                  Type                  Size  Value     
------------------------------------------------------------
tr_collect            hbus_transaction      -     @11437    
  haddr               integral              16    'h1183    
  hdata               integral              8     'h83      
  hwr_rd              hbus_read_write_enum  1     HBUS_WRITE
  wait_between_cycle  integral              32    'h0       
  begin_time          time                  64    93050     
  end_time            time                  64    93150     
------------------------------------------------------------

UVM_INFO ../../hbus/sv/hbus_monitor.sv(109) @ 93350: uvm_test_top.tb.hbus.monitor [hbus_monitor] transaction collected :
------------------------------------------------------------
Name                  Type                  Size  Value     
------------------------------------------------------------
tr_collect            hbus_transaction      -     @11437    
  haddr               integral              16    'h1185    
  hdata               integral              8     'h7a      
  hwr_rd              hbus_read_write_enum  1     HBUS_WRITE
  wait_between_cycle  integral              32    'h0       
  begin_time          time                  64    93250     
  end_time            time                  64    93350     
------------------------------------------------------------

UVM_INFO ../../hbus/sv/hbus_monitor.sv(109) @ 93650: uvm_test_top.tb.hbus.monitor [hbus_monitor] transaction collected :
-----------------------------------------------------------
Name                  Type                  Size  Value    
-----------------------------------------------------------
tr_collect            hbus_transaction      -     @11437   
  haddr               integral              16    'h1184   
  hdata               integral              8     'h7b     
  hwr_rd              hbus_read_write_enum  1     HBUS_READ
  wait_between_cycle  integral              32    'h0      
  begin_time          time                  64    93450    
  end_time            time                  64    93650    
-----------------------------------------------------------

UVM_INFO ../../hbus/sv/hbus_monitor.sv(109) @ 93850: uvm_test_top.tb.hbus.monitor [hbus_monitor] transaction collected :
------------------------------------------------------------
Name                  Type                  Size  Value     
------------------------------------------------------------
tr_collect            hbus_transaction      -     @11437    
  haddr               integral              16    'h1184    
  hdata               integral              8     'h84      
  hwr_rd              hbus_read_write_enum  1     HBUS_WRITE
  wait_between_cycle  integral              32    'h0       
  begin_time          time                  64    93750     
  end_time            time                  64    93850     
------------------------------------------------------------

UVM_INFO ../../hbus/sv/hbus_monitor.sv(109) @ 94050: uvm_test_top.tb.hbus.monitor [hbus_monitor] transaction collected :
------------------------------------------------------------
Name                  Type                  Size  Value     
------------------------------------------------------------
tr_collect            hbus_transaction      -     @11437    
  haddr               integral              16    'h1186    
  hdata               integral              8     'h79      
  hwr_rd              hbus_read_write_enum  1     HBUS_WRITE
  wait_between_cycle  integral              32    'h0       
  begin_time          time                  64    93950     
  end_time            time                  64    94050     
------------------------------------------------------------

UVM_INFO ../../hbus/sv/hbus_monitor.sv(109) @ 94350: uvm_test_top.tb.hbus.monitor [hbus_monitor] transaction collected :
-----------------------------------------------------------
Name                  Type                  Size  Value    
-----------------------------------------------------------
tr_collect            hbus_transaction      -     @11437   
  haddr               integral              16    'h1185   
  hdata               integral              8     'h7a     
  hwr_rd              hbus_read_write_enum  1     HBUS_READ
  wait_between_cycle  integral              32    'h0      
  begin_time          time                  64    94150    
  end_time            time                  64    94350    
-----------------------------------------------------------

UVM_INFO ../../hbus/sv/hbus_monitor.sv(109) @ 94550: uvm_test_top.tb.hbus.monitor [hbus_monitor] transaction collected :
------------------------------------------------------------
Name                  Type                  Size  Value     
------------------------------------------------------------
tr_collect            hbus_transaction      -     @11437    
  haddr               integral              16    'h1185    
  hdata               integral              8     'h85      
  hwr_rd              hbus_read_write_enum  1     HBUS_WRITE
  wait_between_cycle  integral              32    'h0       
  begin_time          time                  64    94450     
  end_time            time                  64    94550     
------------------------------------------------------------

UVM_INFO ../../hbus/sv/hbus_monitor.sv(109) @ 94750: uvm_test_top.tb.hbus.monitor [hbus_monitor] transaction collected :
------------------------------------------------------------
Name                  Type                  Size  Value     
------------------------------------------------------------
tr_collect            hbus_transaction      -     @11437    
  haddr               integral              16    'h1187    
  hdata               integral              8     'h78      
  hwr_rd              hbus_read_write_enum  1     HBUS_WRITE
  wait_between_cycle  integral              32    'h0       
  begin_time          time                  64    94650     
  end_time            time                  64    94750     
------------------------------------------------------------

UVM_INFO ../../hbus/sv/hbus_monitor.sv(109) @ 95050: uvm_test_top.tb.hbus.monitor [hbus_monitor] transaction collected :
-----------------------------------------------------------
Name                  Type                  Size  Value    
-----------------------------------------------------------
tr_collect            hbus_transaction      -     @11437   
  haddr               integral              16    'h1186   
  hdata               integral              8     'h79     
  hwr_rd              hbus_read_write_enum  1     HBUS_READ
  wait_between_cycle  integral              32    'h0      
  begin_time          time                  64    94850    
  end_time            time                  64    95050    
-----------------------------------------------------------

UVM_INFO ../../hbus/sv/hbus_monitor.sv(109) @ 95250: uvm_test_top.tb.hbus.monitor [hbus_monitor] transaction collected :
------------------------------------------------------------
Name                  Type                  Size  Value     
------------------------------------------------------------
tr_collect            hbus_transaction      -     @11437    
  haddr               integral              16    'h1186    
  hdata               integral              8     'h86      
  hwr_rd              hbus_read_write_enum  1     HBUS_WRITE
  wait_between_cycle  integral              32    'h0       
  begin_time          time                  64    95150     
  end_time            time                  64    95250     
------------------------------------------------------------

UVM_INFO ../../hbus/sv/hbus_monitor.sv(109) @ 95450: uvm_test_top.tb.hbus.monitor [hbus_monitor] transaction collected :
------------------------------------------------------------
Name                  Type                  Size  Value     
------------------------------------------------------------
tr_collect            hbus_transaction      -     @11437    
  haddr               integral              16    'h1188    
  hdata               integral              8     'h77      
  hwr_rd              hbus_read_write_enum  1     HBUS_WRITE
  wait_between_cycle  integral              32    'h0       
  begin_time          time                  64    95350     
  end_time            time                  64    95450     
------------------------------------------------------------

UVM_INFO ../../hbus/sv/hbus_monitor.sv(109) @ 95750: uvm_test_top.tb.hbus.monitor [hbus_monitor] transaction collected :
-----------------------------------------------------------
Name                  Type                  Size  Value    
-----------------------------------------------------------
tr_collect            hbus_transaction      -     @11437   
  haddr               integral              16    'h1187   
  hdata               integral              8     'h78     
  hwr_rd              hbus_read_write_enum  1     HBUS_READ
  wait_between_cycle  integral              32    'h0      
  begin_time          time                  64    95550    
  end_time            time                  64    95750    
-----------------------------------------------------------

UVM_INFO ../../hbus/sv/hbus_monitor.sv(109) @ 95950: uvm_test_top.tb.hbus.monitor [hbus_monitor] transaction collected :
------------------------------------------------------------
Name                  Type                  Size  Value     
------------------------------------------------------------
tr_collect            hbus_transaction      -     @11437    
  haddr               integral              16    'h1187    
  hdata               integral              8     'h87      
  hwr_rd              hbus_read_write_enum  1     HBUS_WRITE
  wait_between_cycle  integral              32    'h0       
  begin_time          time                  64    95850     
  end_time            time                  64    95950     
------------------------------------------------------------

UVM_INFO ../../hbus/sv/hbus_monitor.sv(109) @ 96150: uvm_test_top.tb.hbus.monitor [hbus_monitor] transaction collected :
------------------------------------------------------------
Name                  Type                  Size  Value     
------------------------------------------------------------
tr_collect            hbus_transaction      -     @11437    
  haddr               integral              16    'h1189    
  hdata               integral              8     'h76      
  hwr_rd              hbus_read_write_enum  1     HBUS_WRITE
  wait_between_cycle  integral              32    'h0       
  begin_time          time                  64    96050     
  end_time            time                  64    96150     
------------------------------------------------------------

UVM_INFO ../../hbus/sv/hbus_monitor.sv(109) @ 96450: uvm_test_top.tb.hbus.monitor [hbus_monitor] transaction collected :
-----------------------------------------------------------
Name                  Type                  Size  Value    
-----------------------------------------------------------
tr_collect            hbus_transaction      -     @11437   
  haddr               integral              16    'h1188   
  hdata               integral              8     'h77     
  hwr_rd              hbus_read_write_enum  1     HBUS_READ
  wait_between_cycle  integral              32    'h0      
  begin_time          time                  64    96250    
  end_time            time                  64    96450    
-----------------------------------------------------------

UVM_INFO ../../hbus/sv/hbus_monitor.sv(109) @ 96650: uvm_test_top.tb.hbus.monitor [hbus_monitor] transaction collected :
------------------------------------------------------------
Name                  Type                  Size  Value     
------------------------------------------------------------
tr_collect            hbus_transaction      -     @11437    
  haddr               integral              16    'h1188    
  hdata               integral              8     'h88      
  hwr_rd              hbus_read_write_enum  1     HBUS_WRITE
  wait_between_cycle  integral              32    'h0       
  begin_time          time                  64    96550     
  end_time            time                  64    96650     
------------------------------------------------------------

UVM_INFO ../../hbus/sv/hbus_monitor.sv(109) @ 96850: uvm_test_top.tb.hbus.monitor [hbus_monitor] transaction collected :
------------------------------------------------------------
Name                  Type                  Size  Value     
------------------------------------------------------------
tr_collect            hbus_transaction      -     @11437    
  haddr               integral              16    'h118a    
  hdata               integral              8     'h75      
  hwr_rd              hbus_read_write_enum  1     HBUS_WRITE
  wait_between_cycle  integral              32    'h0       
  begin_time          time                  64    96750     
  end_time            time                  64    96850     
------------------------------------------------------------

UVM_INFO ../../hbus/sv/hbus_monitor.sv(109) @ 97150: uvm_test_top.tb.hbus.monitor [hbus_monitor] transaction collected :
-----------------------------------------------------------
Name                  Type                  Size  Value    
-----------------------------------------------------------
tr_collect            hbus_transaction      -     @11437   
  haddr               integral              16    'h1189   
  hdata               integral              8     'h76     
  hwr_rd              hbus_read_write_enum  1     HBUS_READ
  wait_between_cycle  integral              32    'h0      
  begin_time          time                  64    96950    
  end_time            time                  64    97150    
-----------------------------------------------------------

UVM_INFO ../../hbus/sv/hbus_monitor.sv(109) @ 97350: uvm_test_top.tb.hbus.monitor [hbus_monitor] transaction collected :
------------------------------------------------------------
Name                  Type                  Size  Value     
------------------------------------------------------------
tr_collect            hbus_transaction      -     @11437    
  haddr               integral              16    'h1189    
  hdata               integral              8     'h89      
  hwr_rd              hbus_read_write_enum  1     HBUS_WRITE
  wait_between_cycle  integral              32    'h0       
  begin_time          time                  64    97250     
  end_time            time                  64    97350     
------------------------------------------------------------

UVM_INFO ../../hbus/sv/hbus_monitor.sv(109) @ 97550: uvm_test_top.tb.hbus.monitor [hbus_monitor] transaction collected :
------------------------------------------------------------
Name                  Type                  Size  Value     
------------------------------------------------------------
tr_collect            hbus_transaction      -     @11437    
  haddr               integral              16    'h118b    
  hdata               integral              8     'h74      
  hwr_rd              hbus_read_write_enum  1     HBUS_WRITE
  wait_between_cycle  integral              32    'h0       
  begin_time          time                  64    97450     
  end_time            time                  64    97550     
------------------------------------------------------------

UVM_INFO ../../hbus/sv/hbus_monitor.sv(109) @ 97850: uvm_test_top.tb.hbus.monitor [hbus_monitor] transaction collected :
-----------------------------------------------------------
Name                  Type                  Size  Value    
-----------------------------------------------------------
tr_collect            hbus_transaction      -     @11437   
  haddr               integral              16    'h118a   
  hdata               integral              8     'h75     
  hwr_rd              hbus_read_write_enum  1     HBUS_READ
  wait_between_cycle  integral              32    'h0      
  begin_time          time                  64    97650    
  end_time            time                  64    97850    
-----------------------------------------------------------

UVM_INFO ../../hbus/sv/hbus_monitor.sv(109) @ 98050: uvm_test_top.tb.hbus.monitor [hbus_monitor] transaction collected :
------------------------------------------------------------
Name                  Type                  Size  Value     
------------------------------------------------------------
tr_collect            hbus_transaction      -     @11437    
  haddr               integral              16    'h118a    
  hdata               integral              8     'h8a      
  hwr_rd              hbus_read_write_enum  1     HBUS_WRITE
  wait_between_cycle  integral              32    'h0       
  begin_time          time                  64    97950     
  end_time            time                  64    98050     
------------------------------------------------------------

UVM_INFO ../../hbus/sv/hbus_monitor.sv(109) @ 98250: uvm_test_top.tb.hbus.monitor [hbus_monitor] transaction collected :
------------------------------------------------------------
Name                  Type                  Size  Value     
------------------------------------------------------------
tr_collect            hbus_transaction      -     @11437    
  haddr               integral              16    'h118c    
  hdata               integral              8     'h73      
  hwr_rd              hbus_read_write_enum  1     HBUS_WRITE
  wait_between_cycle  integral              32    'h0       
  begin_time          time                  64    98150     
  end_time            time                  64    98250     
------------------------------------------------------------

UVM_INFO ../../hbus/sv/hbus_monitor.sv(109) @ 98550: uvm_test_top.tb.hbus.monitor [hbus_monitor] transaction collected :
-----------------------------------------------------------
Name                  Type                  Size  Value    
-----------------------------------------------------------
tr_collect            hbus_transaction      -     @11437   
  haddr               integral              16    'h118b   
  hdata               integral              8     'h74     
  hwr_rd              hbus_read_write_enum  1     HBUS_READ
  wait_between_cycle  integral              32    'h0      
  begin_time          time                  64    98350    
  end_time            time                  64    98550    
-----------------------------------------------------------

UVM_INFO ../../hbus/sv/hbus_monitor.sv(109) @ 98750: uvm_test_top.tb.hbus.monitor [hbus_monitor] transaction collected :
------------------------------------------------------------
Name                  Type                  Size  Value     
------------------------------------------------------------
tr_collect            hbus_transaction      -     @11437    
  haddr               integral              16    'h118b    
  hdata               integral              8     'h8b      
  hwr_rd              hbus_read_write_enum  1     HBUS_WRITE
  wait_between_cycle  integral              32    'h0       
  begin_time          time                  64    98650     
  end_time            time                  64    98750     
------------------------------------------------------------

UVM_INFO ../../hbus/sv/hbus_monitor.sv(109) @ 98950: uvm_test_top.tb.hbus.monitor [hbus_monitor] transaction collected :
------------------------------------------------------------
Name                  Type                  Size  Value     
------------------------------------------------------------
tr_collect            hbus_transaction      -     @11437    
  haddr               integral              16    'h118d    
  hdata               integral              8     'h72      
  hwr_rd              hbus_read_write_enum  1     HBUS_WRITE
  wait_between_cycle  integral              32    'h0       
  begin_time          time                  64    98850     
  end_time            time                  64    98950     
------------------------------------------------------------

UVM_INFO ../../hbus/sv/hbus_monitor.sv(109) @ 99250: uvm_test_top.tb.hbus.monitor [hbus_monitor] transaction collected :
-----------------------------------------------------------
Name                  Type                  Size  Value    
-----------------------------------------------------------
tr_collect            hbus_transaction      -     @11437   
  haddr               integral              16    'h118c   
  hdata               integral              8     'h73     
  hwr_rd              hbus_read_write_enum  1     HBUS_READ
  wait_between_cycle  integral              32    'h0      
  begin_time          time                  64    99050    
  end_time            time                  64    99250    
-----------------------------------------------------------

UVM_INFO ../../hbus/sv/hbus_monitor.sv(109) @ 99450: uvm_test_top.tb.hbus.monitor [hbus_monitor] transaction collected :
------------------------------------------------------------
Name                  Type                  Size  Value     
------------------------------------------------------------
tr_collect            hbus_transaction      -     @11437    
  haddr               integral              16    'h118c    
  hdata               integral              8     'h8c      
  hwr_rd              hbus_read_write_enum  1     HBUS_WRITE
  wait_between_cycle  integral              32    'h0       
  begin_time          time                  64    99350     
  end_time            time                  64    99450     
------------------------------------------------------------

UVM_INFO ../../hbus/sv/hbus_monitor.sv(109) @ 99650: uvm_test_top.tb.hbus.monitor [hbus_monitor] transaction collected :
------------------------------------------------------------
Name                  Type                  Size  Value     
------------------------------------------------------------
tr_collect            hbus_transaction      -     @11437    
  haddr               integral              16    'h118e    
  hdata               integral              8     'h71      
  hwr_rd              hbus_read_write_enum  1     HBUS_WRITE
  wait_between_cycle  integral              32    'h0       
  begin_time          time                  64    99550     
  end_time            time                  64    99650     
------------------------------------------------------------

UVM_INFO ../../hbus/sv/hbus_monitor.sv(109) @ 99950: uvm_test_top.tb.hbus.monitor [hbus_monitor] transaction collected :
-----------------------------------------------------------
Name                  Type                  Size  Value    
-----------------------------------------------------------
tr_collect            hbus_transaction      -     @11437   
  haddr               integral              16    'h118d   
  hdata               integral              8     'h72     
  hwr_rd              hbus_read_write_enum  1     HBUS_READ
  wait_between_cycle  integral              32    'h0      
  begin_time          time                  64    99750    
  end_time            time                  64    99950    
-----------------------------------------------------------

UVM_INFO ../../hbus/sv/hbus_monitor.sv(109) @ 100150: uvm_test_top.tb.hbus.monitor [hbus_monitor] transaction collected :
------------------------------------------------------------
Name                  Type                  Size  Value     
------------------------------------------------------------
tr_collect            hbus_transaction      -     @11437    
  haddr               integral              16    'h118d    
  hdata               integral              8     'h8d      
  hwr_rd              hbus_read_write_enum  1     HBUS_WRITE
  wait_between_cycle  integral              32    'h0       
  begin_time          time                  64    100050    
  end_time            time                  64    100150    
------------------------------------------------------------

UVM_INFO ../../hbus/sv/hbus_monitor.sv(109) @ 100350: uvm_test_top.tb.hbus.monitor [hbus_monitor] transaction collected :
------------------------------------------------------------
Name                  Type                  Size  Value     
------------------------------------------------------------
tr_collect            hbus_transaction      -     @11437    
  haddr               integral              16    'h118f    
  hdata               integral              8     'h70      
  hwr_rd              hbus_read_write_enum  1     HBUS_WRITE
  wait_between_cycle  integral              32    'h0       
  begin_time          time                  64    100250    
  end_time            time                  64    100350    
------------------------------------------------------------

UVM_INFO ../../hbus/sv/hbus_monitor.sv(109) @ 100650: uvm_test_top.tb.hbus.monitor [hbus_monitor] transaction collected :
-----------------------------------------------------------
Name                  Type                  Size  Value    
-----------------------------------------------------------
tr_collect            hbus_transaction      -     @11437   
  haddr               integral              16    'h118e   
  hdata               integral              8     'h71     
  hwr_rd              hbus_read_write_enum  1     HBUS_READ
  wait_between_cycle  integral              32    'h0      
  begin_time          time                  64    100450   
  end_time            time                  64    100650   
-----------------------------------------------------------

UVM_INFO ../../hbus/sv/hbus_monitor.sv(109) @ 100850: uvm_test_top.tb.hbus.monitor [hbus_monitor] transaction collected :
------------------------------------------------------------
Name                  Type                  Size  Value     
------------------------------------------------------------
tr_collect            hbus_transaction      -     @11437    
  haddr               integral              16    'h118e    
  hdata               integral              8     'h8e      
  hwr_rd              hbus_read_write_enum  1     HBUS_WRITE
  wait_between_cycle  integral              32    'h0       
  begin_time          time                  64    100750    
  end_time            time                  64    100850    
------------------------------------------------------------

UVM_INFO ../../hbus/sv/hbus_monitor.sv(109) @ 101050: uvm_test_top.tb.hbus.monitor [hbus_monitor] transaction collected :
------------------------------------------------------------
Name                  Type                  Size  Value     
------------------------------------------------------------
tr_collect            hbus_transaction      -     @11437    
  haddr               integral              16    'h1190    
  hdata               integral              8     'h6f      
  hwr_rd              hbus_read_write_enum  1     HBUS_WRITE
  wait_between_cycle  integral              32    'h0       
  begin_time          time                  64    100950    
  end_time            time                  64    101050    
------------------------------------------------------------

UVM_INFO ../../hbus/sv/hbus_monitor.sv(109) @ 101350: uvm_test_top.tb.hbus.monitor [hbus_monitor] transaction collected :
-----------------------------------------------------------
Name                  Type                  Size  Value    
-----------------------------------------------------------
tr_collect            hbus_transaction      -     @11437   
  haddr               integral              16    'h118f   
  hdata               integral              8     'h70     
  hwr_rd              hbus_read_write_enum  1     HBUS_READ
  wait_between_cycle  integral              32    'h0      
  begin_time          time                  64    101150   
  end_time            time                  64    101350   
-----------------------------------------------------------

UVM_INFO ../../hbus/sv/hbus_monitor.sv(109) @ 101550: uvm_test_top.tb.hbus.monitor [hbus_monitor] transaction collected :
------------------------------------------------------------
Name                  Type                  Size  Value     
------------------------------------------------------------
tr_collect            hbus_transaction      -     @11437    
  haddr               integral              16    'h118f    
  hdata               integral              8     'h8f      
  hwr_rd              hbus_read_write_enum  1     HBUS_WRITE
  wait_between_cycle  integral              32    'h0       
  begin_time          time                  64    101450    
  end_time            time                  64    101550    
------------------------------------------------------------

UVM_INFO ../../hbus/sv/hbus_monitor.sv(109) @ 101750: uvm_test_top.tb.hbus.monitor [hbus_monitor] transaction collected :
------------------------------------------------------------
Name                  Type                  Size  Value     
------------------------------------------------------------
tr_collect            hbus_transaction      -     @11437    
  haddr               integral              16    'h1191    
  hdata               integral              8     'h6e      
  hwr_rd              hbus_read_write_enum  1     HBUS_WRITE
  wait_between_cycle  integral              32    'h0       
  begin_time          time                  64    101650    
  end_time            time                  64    101750    
------------------------------------------------------------

UVM_INFO ../../hbus/sv/hbus_monitor.sv(109) @ 102050: uvm_test_top.tb.hbus.monitor [hbus_monitor] transaction collected :
-----------------------------------------------------------
Name                  Type                  Size  Value    
-----------------------------------------------------------
tr_collect            hbus_transaction      -     @11437   
  haddr               integral              16    'h1190   
  hdata               integral              8     'h6f     
  hwr_rd              hbus_read_write_enum  1     HBUS_READ
  wait_between_cycle  integral              32    'h0      
  begin_time          time                  64    101850   
  end_time            time                  64    102050   
-----------------------------------------------------------

UVM_INFO ../../hbus/sv/hbus_monitor.sv(109) @ 102250: uvm_test_top.tb.hbus.monitor [hbus_monitor] transaction collected :
------------------------------------------------------------
Name                  Type                  Size  Value     
------------------------------------------------------------
tr_collect            hbus_transaction      -     @11437    
  haddr               integral              16    'h1190    
  hdata               integral              8     'h90      
  hwr_rd              hbus_read_write_enum  1     HBUS_WRITE
  wait_between_cycle  integral              32    'h0       
  begin_time          time                  64    102150    
  end_time            time                  64    102250    
------------------------------------------------------------

UVM_INFO ../../hbus/sv/hbus_monitor.sv(109) @ 102450: uvm_test_top.tb.hbus.monitor [hbus_monitor] transaction collected :
------------------------------------------------------------
Name                  Type                  Size  Value     
------------------------------------------------------------
tr_collect            hbus_transaction      -     @11437    
  haddr               integral              16    'h1192    
  hdata               integral              8     'h6d      
  hwr_rd              hbus_read_write_enum  1     HBUS_WRITE
  wait_between_cycle  integral              32    'h0       
  begin_time          time                  64    102350    
  end_time            time                  64    102450    
------------------------------------------------------------

UVM_INFO ../../hbus/sv/hbus_monitor.sv(109) @ 102750: uvm_test_top.tb.hbus.monitor [hbus_monitor] transaction collected :
-----------------------------------------------------------
Name                  Type                  Size  Value    
-----------------------------------------------------------
tr_collect            hbus_transaction      -     @11437   
  haddr               integral              16    'h1191   
  hdata               integral              8     'h6e     
  hwr_rd              hbus_read_write_enum  1     HBUS_READ
  wait_between_cycle  integral              32    'h0      
  begin_time          time                  64    102550   
  end_time            time                  64    102750   
-----------------------------------------------------------

UVM_INFO ../../hbus/sv/hbus_monitor.sv(109) @ 102950: uvm_test_top.tb.hbus.monitor [hbus_monitor] transaction collected :
------------------------------------------------------------
Name                  Type                  Size  Value     
------------------------------------------------------------
tr_collect            hbus_transaction      -     @11437    
  haddr               integral              16    'h1191    
  hdata               integral              8     'h91      
  hwr_rd              hbus_read_write_enum  1     HBUS_WRITE
  wait_between_cycle  integral              32    'h0       
  begin_time          time                  64    102850    
  end_time            time                  64    102950    
------------------------------------------------------------

UVM_INFO ../../hbus/sv/hbus_monitor.sv(109) @ 103150: uvm_test_top.tb.hbus.monitor [hbus_monitor] transaction collected :
------------------------------------------------------------
Name                  Type                  Size  Value     
------------------------------------------------------------
tr_collect            hbus_transaction      -     @11437    
  haddr               integral              16    'h1193    
  hdata               integral              8     'h6c      
  hwr_rd              hbus_read_write_enum  1     HBUS_WRITE
  wait_between_cycle  integral              32    'h0       
  begin_time          time                  64    103050    
  end_time            time                  64    103150    
------------------------------------------------------------

UVM_INFO ../../hbus/sv/hbus_monitor.sv(109) @ 103450: uvm_test_top.tb.hbus.monitor [hbus_monitor] transaction collected :
-----------------------------------------------------------
Name                  Type                  Size  Value    
-----------------------------------------------------------
tr_collect            hbus_transaction      -     @11437   
  haddr               integral              16    'h1192   
  hdata               integral              8     'h6d     
  hwr_rd              hbus_read_write_enum  1     HBUS_READ
  wait_between_cycle  integral              32    'h0      
  begin_time          time                  64    103250   
  end_time            time                  64    103450   
-----------------------------------------------------------

UVM_INFO ../../hbus/sv/hbus_monitor.sv(109) @ 103650: uvm_test_top.tb.hbus.monitor [hbus_monitor] transaction collected :
------------------------------------------------------------
Name                  Type                  Size  Value     
------------------------------------------------------------
tr_collect            hbus_transaction      -     @11437    
  haddr               integral              16    'h1192    
  hdata               integral              8     'h92      
  hwr_rd              hbus_read_write_enum  1     HBUS_WRITE
  wait_between_cycle  integral              32    'h0       
  begin_time          time                  64    103550    
  end_time            time                  64    103650    
------------------------------------------------------------

UVM_INFO ../../hbus/sv/hbus_monitor.sv(109) @ 103850: uvm_test_top.tb.hbus.monitor [hbus_monitor] transaction collected :
------------------------------------------------------------
Name                  Type                  Size  Value     
------------------------------------------------------------
tr_collect            hbus_transaction      -     @11437    
  haddr               integral              16    'h1194    
  hdata               integral              8     'h6b      
  hwr_rd              hbus_read_write_enum  1     HBUS_WRITE
  wait_between_cycle  integral              32    'h0       
  begin_time          time                  64    103750    
  end_time            time                  64    103850    
------------------------------------------------------------

UVM_INFO ../../hbus/sv/hbus_monitor.sv(109) @ 104150: uvm_test_top.tb.hbus.monitor [hbus_monitor] transaction collected :
-----------------------------------------------------------
Name                  Type                  Size  Value    
-----------------------------------------------------------
tr_collect            hbus_transaction      -     @11437   
  haddr               integral              16    'h1193   
  hdata               integral              8     'h6c     
  hwr_rd              hbus_read_write_enum  1     HBUS_READ
  wait_between_cycle  integral              32    'h0      
  begin_time          time                  64    103950   
  end_time            time                  64    104150   
-----------------------------------------------------------

UVM_INFO ../../hbus/sv/hbus_monitor.sv(109) @ 104350: uvm_test_top.tb.hbus.monitor [hbus_monitor] transaction collected :
------------------------------------------------------------
Name                  Type                  Size  Value     
------------------------------------------------------------
tr_collect            hbus_transaction      -     @11437    
  haddr               integral              16    'h1193    
  hdata               integral              8     'h93      
  hwr_rd              hbus_read_write_enum  1     HBUS_WRITE
  wait_between_cycle  integral              32    'h0       
  begin_time          time                  64    104250    
  end_time            time                  64    104350    
------------------------------------------------------------

UVM_INFO ../../hbus/sv/hbus_monitor.sv(109) @ 104550: uvm_test_top.tb.hbus.monitor [hbus_monitor] transaction collected :
------------------------------------------------------------
Name                  Type                  Size  Value     
------------------------------------------------------------
tr_collect            hbus_transaction      -     @11437    
  haddr               integral              16    'h1195    
  hdata               integral              8     'h6a      
  hwr_rd              hbus_read_write_enum  1     HBUS_WRITE
  wait_between_cycle  integral              32    'h0       
  begin_time          time                  64    104450    
  end_time            time                  64    104550    
------------------------------------------------------------

UVM_INFO ../../hbus/sv/hbus_monitor.sv(109) @ 104850: uvm_test_top.tb.hbus.monitor [hbus_monitor] transaction collected :
-----------------------------------------------------------
Name                  Type                  Size  Value    
-----------------------------------------------------------
tr_collect            hbus_transaction      -     @11437   
  haddr               integral              16    'h1194   
  hdata               integral              8     'h6b     
  hwr_rd              hbus_read_write_enum  1     HBUS_READ
  wait_between_cycle  integral              32    'h0      
  begin_time          time                  64    104650   
  end_time            time                  64    104850   
-----------------------------------------------------------

UVM_INFO ../../hbus/sv/hbus_monitor.sv(109) @ 105050: uvm_test_top.tb.hbus.monitor [hbus_monitor] transaction collected :
------------------------------------------------------------
Name                  Type                  Size  Value     
------------------------------------------------------------
tr_collect            hbus_transaction      -     @11437    
  haddr               integral              16    'h1194    
  hdata               integral              8     'h94      
  hwr_rd              hbus_read_write_enum  1     HBUS_WRITE
  wait_between_cycle  integral              32    'h0       
  begin_time          time                  64    104950    
  end_time            time                  64    105050    
------------------------------------------------------------

UVM_INFO ../../hbus/sv/hbus_monitor.sv(109) @ 105250: uvm_test_top.tb.hbus.monitor [hbus_monitor] transaction collected :
------------------------------------------------------------
Name                  Type                  Size  Value     
------------------------------------------------------------
tr_collect            hbus_transaction      -     @11437    
  haddr               integral              16    'h1196    
  hdata               integral              8     'h69      
  hwr_rd              hbus_read_write_enum  1     HBUS_WRITE
  wait_between_cycle  integral              32    'h0       
  begin_time          time                  64    105150    
  end_time            time                  64    105250    
------------------------------------------------------------

UVM_INFO ../../hbus/sv/hbus_monitor.sv(109) @ 105550: uvm_test_top.tb.hbus.monitor [hbus_monitor] transaction collected :
-----------------------------------------------------------
Name                  Type                  Size  Value    
-----------------------------------------------------------
tr_collect            hbus_transaction      -     @11437   
  haddr               integral              16    'h1195   
  hdata               integral              8     'h6a     
  hwr_rd              hbus_read_write_enum  1     HBUS_READ
  wait_between_cycle  integral              32    'h0      
  begin_time          time                  64    105350   
  end_time            time                  64    105550   
-----------------------------------------------------------

UVM_INFO ../../hbus/sv/hbus_monitor.sv(109) @ 105750: uvm_test_top.tb.hbus.monitor [hbus_monitor] transaction collected :
------------------------------------------------------------
Name                  Type                  Size  Value     
------------------------------------------------------------
tr_collect            hbus_transaction      -     @11437    
  haddr               integral              16    'h1195    
  hdata               integral              8     'h95      
  hwr_rd              hbus_read_write_enum  1     HBUS_WRITE
  wait_between_cycle  integral              32    'h0       
  begin_time          time                  64    105650    
  end_time            time                  64    105750    
------------------------------------------------------------

UVM_INFO ../../hbus/sv/hbus_monitor.sv(109) @ 105950: uvm_test_top.tb.hbus.monitor [hbus_monitor] transaction collected :
------------------------------------------------------------
Name                  Type                  Size  Value     
------------------------------------------------------------
tr_collect            hbus_transaction      -     @11437    
  haddr               integral              16    'h1197    
  hdata               integral              8     'h68      
  hwr_rd              hbus_read_write_enum  1     HBUS_WRITE
  wait_between_cycle  integral              32    'h0       
  begin_time          time                  64    105850    
  end_time            time                  64    105950    
------------------------------------------------------------

UVM_INFO ../../hbus/sv/hbus_monitor.sv(109) @ 106250: uvm_test_top.tb.hbus.monitor [hbus_monitor] transaction collected :
-----------------------------------------------------------
Name                  Type                  Size  Value    
-----------------------------------------------------------
tr_collect            hbus_transaction      -     @11437   
  haddr               integral              16    'h1196   
  hdata               integral              8     'h69     
  hwr_rd              hbus_read_write_enum  1     HBUS_READ
  wait_between_cycle  integral              32    'h0      
  begin_time          time                  64    106050   
  end_time            time                  64    106250   
-----------------------------------------------------------

UVM_INFO ../../hbus/sv/hbus_monitor.sv(109) @ 106450: uvm_test_top.tb.hbus.monitor [hbus_monitor] transaction collected :
------------------------------------------------------------
Name                  Type                  Size  Value     
------------------------------------------------------------
tr_collect            hbus_transaction      -     @11437    
  haddr               integral              16    'h1196    
  hdata               integral              8     'h96      
  hwr_rd              hbus_read_write_enum  1     HBUS_WRITE
  wait_between_cycle  integral              32    'h0       
  begin_time          time                  64    106350    
  end_time            time                  64    106450    
------------------------------------------------------------

UVM_INFO ../../hbus/sv/hbus_monitor.sv(109) @ 106650: uvm_test_top.tb.hbus.monitor [hbus_monitor] transaction collected :
------------------------------------------------------------
Name                  Type                  Size  Value     
------------------------------------------------------------
tr_collect            hbus_transaction      -     @11437    
  haddr               integral              16    'h1198    
  hdata               integral              8     'h67      
  hwr_rd              hbus_read_write_enum  1     HBUS_WRITE
  wait_between_cycle  integral              32    'h0       
  begin_time          time                  64    106550    
  end_time            time                  64    106650    
------------------------------------------------------------

UVM_INFO ../../hbus/sv/hbus_monitor.sv(109) @ 106950: uvm_test_top.tb.hbus.monitor [hbus_monitor] transaction collected :
-----------------------------------------------------------
Name                  Type                  Size  Value    
-----------------------------------------------------------
tr_collect            hbus_transaction      -     @11437   
  haddr               integral              16    'h1197   
  hdata               integral              8     'h68     
  hwr_rd              hbus_read_write_enum  1     HBUS_READ
  wait_between_cycle  integral              32    'h0      
  begin_time          time                  64    106750   
  end_time            time                  64    106950   
-----------------------------------------------------------

UVM_INFO ../../hbus/sv/hbus_monitor.sv(109) @ 107150: uvm_test_top.tb.hbus.monitor [hbus_monitor] transaction collected :
------------------------------------------------------------
Name                  Type                  Size  Value     
------------------------------------------------------------
tr_collect            hbus_transaction      -     @11437    
  haddr               integral              16    'h1197    
  hdata               integral              8     'h97      
  hwr_rd              hbus_read_write_enum  1     HBUS_WRITE
  wait_between_cycle  integral              32    'h0       
  begin_time          time                  64    107050    
  end_time            time                  64    107150    
------------------------------------------------------------

UVM_INFO ../../hbus/sv/hbus_monitor.sv(109) @ 107350: uvm_test_top.tb.hbus.monitor [hbus_monitor] transaction collected :
------------------------------------------------------------
Name                  Type                  Size  Value     
------------------------------------------------------------
tr_collect            hbus_transaction      -     @11437    
  haddr               integral              16    'h1199    
  hdata               integral              8     'h66      
  hwr_rd              hbus_read_write_enum  1     HBUS_WRITE
  wait_between_cycle  integral              32    'h0       
  begin_time          time                  64    107250    
  end_time            time                  64    107350    
------------------------------------------------------------

UVM_INFO ../../hbus/sv/hbus_monitor.sv(109) @ 107650: uvm_test_top.tb.hbus.monitor [hbus_monitor] transaction collected :
-----------------------------------------------------------
Name                  Type                  Size  Value    
-----------------------------------------------------------
tr_collect            hbus_transaction      -     @11437   
  haddr               integral              16    'h1198   
  hdata               integral              8     'h67     
  hwr_rd              hbus_read_write_enum  1     HBUS_READ
  wait_between_cycle  integral              32    'h0      
  begin_time          time                  64    107450   
  end_time            time                  64    107650   
-----------------------------------------------------------

UVM_INFO ../../hbus/sv/hbus_monitor.sv(109) @ 107850: uvm_test_top.tb.hbus.monitor [hbus_monitor] transaction collected :
------------------------------------------------------------
Name                  Type                  Size  Value     
------------------------------------------------------------
tr_collect            hbus_transaction      -     @11437    
  haddr               integral              16    'h1198    
  hdata               integral              8     'h98      
  hwr_rd              hbus_read_write_enum  1     HBUS_WRITE
  wait_between_cycle  integral              32    'h0       
  begin_time          time                  64    107750    
  end_time            time                  64    107850    
------------------------------------------------------------

UVM_INFO ../../hbus/sv/hbus_monitor.sv(109) @ 108050: uvm_test_top.tb.hbus.monitor [hbus_monitor] transaction collected :
------------------------------------------------------------
Name                  Type                  Size  Value     
------------------------------------------------------------
tr_collect            hbus_transaction      -     @11437    
  haddr               integral              16    'h119a    
  hdata               integral              8     'h65      
  hwr_rd              hbus_read_write_enum  1     HBUS_WRITE
  wait_between_cycle  integral              32    'h0       
  begin_time          time                  64    107950    
  end_time            time                  64    108050    
------------------------------------------------------------

UVM_INFO ../../hbus/sv/hbus_monitor.sv(109) @ 108350: uvm_test_top.tb.hbus.monitor [hbus_monitor] transaction collected :
-----------------------------------------------------------
Name                  Type                  Size  Value    
-----------------------------------------------------------
tr_collect            hbus_transaction      -     @11437   
  haddr               integral              16    'h1199   
  hdata               integral              8     'h66     
  hwr_rd              hbus_read_write_enum  1     HBUS_READ
  wait_between_cycle  integral              32    'h0      
  begin_time          time                  64    108150   
  end_time            time                  64    108350   
-----------------------------------------------------------

UVM_INFO ../../hbus/sv/hbus_monitor.sv(109) @ 108550: uvm_test_top.tb.hbus.monitor [hbus_monitor] transaction collected :
------------------------------------------------------------
Name                  Type                  Size  Value     
------------------------------------------------------------
tr_collect            hbus_transaction      -     @11437    
  haddr               integral              16    'h1199    
  hdata               integral              8     'h99      
  hwr_rd              hbus_read_write_enum  1     HBUS_WRITE
  wait_between_cycle  integral              32    'h0       
  begin_time          time                  64    108450    
  end_time            time                  64    108550    
------------------------------------------------------------

UVM_INFO ../../hbus/sv/hbus_monitor.sv(109) @ 108750: uvm_test_top.tb.hbus.monitor [hbus_monitor] transaction collected :
------------------------------------------------------------
Name                  Type                  Size  Value     
------------------------------------------------------------
tr_collect            hbus_transaction      -     @11437    
  haddr               integral              16    'h119b    
  hdata               integral              8     'h64      
  hwr_rd              hbus_read_write_enum  1     HBUS_WRITE
  wait_between_cycle  integral              32    'h0       
  begin_time          time                  64    108650    
  end_time            time                  64    108750    
------------------------------------------------------------

UVM_INFO ../../hbus/sv/hbus_monitor.sv(109) @ 109050: uvm_test_top.tb.hbus.monitor [hbus_monitor] transaction collected :
-----------------------------------------------------------
Name                  Type                  Size  Value    
-----------------------------------------------------------
tr_collect            hbus_transaction      -     @11437   
  haddr               integral              16    'h119a   
  hdata               integral              8     'h65     
  hwr_rd              hbus_read_write_enum  1     HBUS_READ
  wait_between_cycle  integral              32    'h0      
  begin_time          time                  64    108850   
  end_time            time                  64    109050   
-----------------------------------------------------------

UVM_INFO ../../hbus/sv/hbus_monitor.sv(109) @ 109250: uvm_test_top.tb.hbus.monitor [hbus_monitor] transaction collected :
------------------------------------------------------------
Name                  Type                  Size  Value     
------------------------------------------------------------
tr_collect            hbus_transaction      -     @11437    
  haddr               integral              16    'h119a    
  hdata               integral              8     'h9a      
  hwr_rd              hbus_read_write_enum  1     HBUS_WRITE
  wait_between_cycle  integral              32    'h0       
  begin_time          time                  64    109150    
  end_time            time                  64    109250    
------------------------------------------------------------

UVM_INFO ../../hbus/sv/hbus_monitor.sv(109) @ 109450: uvm_test_top.tb.hbus.monitor [hbus_monitor] transaction collected :
------------------------------------------------------------
Name                  Type                  Size  Value     
------------------------------------------------------------
tr_collect            hbus_transaction      -     @11437    
  haddr               integral              16    'h119c    
  hdata               integral              8     'h63      
  hwr_rd              hbus_read_write_enum  1     HBUS_WRITE
  wait_between_cycle  integral              32    'h0       
  begin_time          time                  64    109350    
  end_time            time                  64    109450    
------------------------------------------------------------

UVM_INFO ../../hbus/sv/hbus_monitor.sv(109) @ 109750: uvm_test_top.tb.hbus.monitor [hbus_monitor] transaction collected :
-----------------------------------------------------------
Name                  Type                  Size  Value    
-----------------------------------------------------------
tr_collect            hbus_transaction      -     @11437   
  haddr               integral              16    'h119b   
  hdata               integral              8     'h64     
  hwr_rd              hbus_read_write_enum  1     HBUS_READ
  wait_between_cycle  integral              32    'h0      
  begin_time          time                  64    109550   
  end_time            time                  64    109750   
-----------------------------------------------------------

UVM_INFO ../../hbus/sv/hbus_monitor.sv(109) @ 109950: uvm_test_top.tb.hbus.monitor [hbus_monitor] transaction collected :
------------------------------------------------------------
Name                  Type                  Size  Value     
------------------------------------------------------------
tr_collect            hbus_transaction      -     @11437    
  haddr               integral              16    'h119b    
  hdata               integral              8     'h9b      
  hwr_rd              hbus_read_write_enum  1     HBUS_WRITE
  wait_between_cycle  integral              32    'h0       
  begin_time          time                  64    109850    
  end_time            time                  64    109950    
------------------------------------------------------------

UVM_INFO ../../hbus/sv/hbus_monitor.sv(109) @ 110150: uvm_test_top.tb.hbus.monitor [hbus_monitor] transaction collected :
------------------------------------------------------------
Name                  Type                  Size  Value     
------------------------------------------------------------
tr_collect            hbus_transaction      -     @11437    
  haddr               integral              16    'h119d    
  hdata               integral              8     'h62      
  hwr_rd              hbus_read_write_enum  1     HBUS_WRITE
  wait_between_cycle  integral              32    'h0       
  begin_time          time                  64    110050    
  end_time            time                  64    110150    
------------------------------------------------------------

UVM_INFO ../../hbus/sv/hbus_monitor.sv(109) @ 110450: uvm_test_top.tb.hbus.monitor [hbus_monitor] transaction collected :
-----------------------------------------------------------
Name                  Type                  Size  Value    
-----------------------------------------------------------
tr_collect            hbus_transaction      -     @11437   
  haddr               integral              16    'h119c   
  hdata               integral              8     'h63     
  hwr_rd              hbus_read_write_enum  1     HBUS_READ
  wait_between_cycle  integral              32    'h0      
  begin_time          time                  64    110250   
  end_time            time                  64    110450   
-----------------------------------------------------------

UVM_INFO ../../hbus/sv/hbus_monitor.sv(109) @ 110650: uvm_test_top.tb.hbus.monitor [hbus_monitor] transaction collected :
------------------------------------------------------------
Name                  Type                  Size  Value     
------------------------------------------------------------
tr_collect            hbus_transaction      -     @11437    
  haddr               integral              16    'h119c    
  hdata               integral              8     'h9c      
  hwr_rd              hbus_read_write_enum  1     HBUS_WRITE
  wait_between_cycle  integral              32    'h0       
  begin_time          time                  64    110550    
  end_time            time                  64    110650    
------------------------------------------------------------

UVM_INFO ../../hbus/sv/hbus_monitor.sv(109) @ 110850: uvm_test_top.tb.hbus.monitor [hbus_monitor] transaction collected :
------------------------------------------------------------
Name                  Type                  Size  Value     
------------------------------------------------------------
tr_collect            hbus_transaction      -     @11437    
  haddr               integral              16    'h119e    
  hdata               integral              8     'h61      
  hwr_rd              hbus_read_write_enum  1     HBUS_WRITE
  wait_between_cycle  integral              32    'h0       
  begin_time          time                  64    110750    
  end_time            time                  64    110850    
------------------------------------------------------------

UVM_INFO ../../hbus/sv/hbus_monitor.sv(109) @ 111150: uvm_test_top.tb.hbus.monitor [hbus_monitor] transaction collected :
-----------------------------------------------------------
Name                  Type                  Size  Value    
-----------------------------------------------------------
tr_collect            hbus_transaction      -     @11437   
  haddr               integral              16    'h119d   
  hdata               integral              8     'h62     
  hwr_rd              hbus_read_write_enum  1     HBUS_READ
  wait_between_cycle  integral              32    'h0      
  begin_time          time                  64    110950   
  end_time            time                  64    111150   
-----------------------------------------------------------

UVM_INFO ../../hbus/sv/hbus_monitor.sv(109) @ 111350: uvm_test_top.tb.hbus.monitor [hbus_monitor] transaction collected :
------------------------------------------------------------
Name                  Type                  Size  Value     
------------------------------------------------------------
tr_collect            hbus_transaction      -     @11437    
  haddr               integral              16    'h119d    
  hdata               integral              8     'h9d      
  hwr_rd              hbus_read_write_enum  1     HBUS_WRITE
  wait_between_cycle  integral              32    'h0       
  begin_time          time                  64    111250    
  end_time            time                  64    111350    
------------------------------------------------------------

UVM_INFO ../../hbus/sv/hbus_monitor.sv(109) @ 111550: uvm_test_top.tb.hbus.monitor [hbus_monitor] transaction collected :
------------------------------------------------------------
Name                  Type                  Size  Value     
------------------------------------------------------------
tr_collect            hbus_transaction      -     @11437    
  haddr               integral              16    'h119f    
  hdata               integral              8     'h60      
  hwr_rd              hbus_read_write_enum  1     HBUS_WRITE
  wait_between_cycle  integral              32    'h0       
  begin_time          time                  64    111450    
  end_time            time                  64    111550    
------------------------------------------------------------

UVM_INFO ../../hbus/sv/hbus_monitor.sv(109) @ 111850: uvm_test_top.tb.hbus.monitor [hbus_monitor] transaction collected :
-----------------------------------------------------------
Name                  Type                  Size  Value    
-----------------------------------------------------------
tr_collect            hbus_transaction      -     @11437   
  haddr               integral              16    'h119e   
  hdata               integral              8     'h61     
  hwr_rd              hbus_read_write_enum  1     HBUS_READ
  wait_between_cycle  integral              32    'h0      
  begin_time          time                  64    111650   
  end_time            time                  64    111850   
-----------------------------------------------------------

UVM_INFO ../../hbus/sv/hbus_monitor.sv(109) @ 112050: uvm_test_top.tb.hbus.monitor [hbus_monitor] transaction collected :
------------------------------------------------------------
Name                  Type                  Size  Value     
------------------------------------------------------------
tr_collect            hbus_transaction      -     @11437    
  haddr               integral              16    'h119e    
  hdata               integral              8     'h9e      
  hwr_rd              hbus_read_write_enum  1     HBUS_WRITE
  wait_between_cycle  integral              32    'h0       
  begin_time          time                  64    111950    
  end_time            time                  64    112050    
------------------------------------------------------------

UVM_INFO ../../hbus/sv/hbus_monitor.sv(109) @ 112250: uvm_test_top.tb.hbus.monitor [hbus_monitor] transaction collected :
------------------------------------------------------------
Name                  Type                  Size  Value     
------------------------------------------------------------
tr_collect            hbus_transaction      -     @11437    
  haddr               integral              16    'h11a0    
  hdata               integral              8     'h5f      
  hwr_rd              hbus_read_write_enum  1     HBUS_WRITE
  wait_between_cycle  integral              32    'h0       
  begin_time          time                  64    112150    
  end_time            time                  64    112250    
------------------------------------------------------------

UVM_INFO ../../hbus/sv/hbus_monitor.sv(109) @ 112550: uvm_test_top.tb.hbus.monitor [hbus_monitor] transaction collected :
-----------------------------------------------------------
Name                  Type                  Size  Value    
-----------------------------------------------------------
tr_collect            hbus_transaction      -     @11437   
  haddr               integral              16    'h119f   
  hdata               integral              8     'h60     
  hwr_rd              hbus_read_write_enum  1     HBUS_READ
  wait_between_cycle  integral              32    'h0      
  begin_time          time                  64    112350   
  end_time            time                  64    112550   
-----------------------------------------------------------

UVM_INFO ../../hbus/sv/hbus_monitor.sv(109) @ 112750: uvm_test_top.tb.hbus.monitor [hbus_monitor] transaction collected :
------------------------------------------------------------
Name                  Type                  Size  Value     
------------------------------------------------------------
tr_collect            hbus_transaction      -     @11437    
  haddr               integral              16    'h119f    
  hdata               integral              8     'h9f      
  hwr_rd              hbus_read_write_enum  1     HBUS_WRITE
  wait_between_cycle  integral              32    'h0       
  begin_time          time                  64    112650    
  end_time            time                  64    112750    
------------------------------------------------------------

UVM_INFO ../../hbus/sv/hbus_monitor.sv(109) @ 112950: uvm_test_top.tb.hbus.monitor [hbus_monitor] transaction collected :
------------------------------------------------------------
Name                  Type                  Size  Value     
------------------------------------------------------------
tr_collect            hbus_transaction      -     @11437    
  haddr               integral              16    'h11a1    
  hdata               integral              8     'h5e      
  hwr_rd              hbus_read_write_enum  1     HBUS_WRITE
  wait_between_cycle  integral              32    'h0       
  begin_time          time                  64    112850    
  end_time            time                  64    112950    
------------------------------------------------------------

UVM_INFO ../../hbus/sv/hbus_monitor.sv(109) @ 113250: uvm_test_top.tb.hbus.monitor [hbus_monitor] transaction collected :
-----------------------------------------------------------
Name                  Type                  Size  Value    
-----------------------------------------------------------
tr_collect            hbus_transaction      -     @11437   
  haddr               integral              16    'h11a0   
  hdata               integral              8     'h5f     
  hwr_rd              hbus_read_write_enum  1     HBUS_READ
  wait_between_cycle  integral              32    'h0      
  begin_time          time                  64    113050   
  end_time            time                  64    113250   
-----------------------------------------------------------

UVM_INFO ../../hbus/sv/hbus_monitor.sv(109) @ 113450: uvm_test_top.tb.hbus.monitor [hbus_monitor] transaction collected :
------------------------------------------------------------
Name                  Type                  Size  Value     
------------------------------------------------------------
tr_collect            hbus_transaction      -     @11437    
  haddr               integral              16    'h11a0    
  hdata               integral              8     'ha0      
  hwr_rd              hbus_read_write_enum  1     HBUS_WRITE
  wait_between_cycle  integral              32    'h0       
  begin_time          time                  64    113350    
  end_time            time                  64    113450    
------------------------------------------------------------

UVM_INFO ../../hbus/sv/hbus_monitor.sv(109) @ 113650: uvm_test_top.tb.hbus.monitor [hbus_monitor] transaction collected :
------------------------------------------------------------
Name                  Type                  Size  Value     
------------------------------------------------------------
tr_collect            hbus_transaction      -     @11437    
  haddr               integral              16    'h11a2    
  hdata               integral              8     'h5d      
  hwr_rd              hbus_read_write_enum  1     HBUS_WRITE
  wait_between_cycle  integral              32    'h0       
  begin_time          time                  64    113550    
  end_time            time                  64    113650    
------------------------------------------------------------

UVM_INFO ../../hbus/sv/hbus_monitor.sv(109) @ 113950: uvm_test_top.tb.hbus.monitor [hbus_monitor] transaction collected :
-----------------------------------------------------------
Name                  Type                  Size  Value    
-----------------------------------------------------------
tr_collect            hbus_transaction      -     @11437   
  haddr               integral              16    'h11a1   
  hdata               integral              8     'h5e     
  hwr_rd              hbus_read_write_enum  1     HBUS_READ
  wait_between_cycle  integral              32    'h0      
  begin_time          time                  64    113750   
  end_time            time                  64    113950   
-----------------------------------------------------------

UVM_INFO ../../hbus/sv/hbus_monitor.sv(109) @ 114150: uvm_test_top.tb.hbus.monitor [hbus_monitor] transaction collected :
------------------------------------------------------------
Name                  Type                  Size  Value     
------------------------------------------------------------
tr_collect            hbus_transaction      -     @11437    
  haddr               integral              16    'h11a1    
  hdata               integral              8     'ha1      
  hwr_rd              hbus_read_write_enum  1     HBUS_WRITE
  wait_between_cycle  integral              32    'h0       
  begin_time          time                  64    114050    
  end_time            time                  64    114150    
------------------------------------------------------------

UVM_INFO ../../hbus/sv/hbus_monitor.sv(109) @ 114350: uvm_test_top.tb.hbus.monitor [hbus_monitor] transaction collected :
------------------------------------------------------------
Name                  Type                  Size  Value     
------------------------------------------------------------
tr_collect            hbus_transaction      -     @11437    
  haddr               integral              16    'h11a3    
  hdata               integral              8     'h5c      
  hwr_rd              hbus_read_write_enum  1     HBUS_WRITE
  wait_between_cycle  integral              32    'h0       
  begin_time          time                  64    114250    
  end_time            time                  64    114350    
------------------------------------------------------------

UVM_INFO ../../hbus/sv/hbus_monitor.sv(109) @ 114650: uvm_test_top.tb.hbus.monitor [hbus_monitor] transaction collected :
-----------------------------------------------------------
Name                  Type                  Size  Value    
-----------------------------------------------------------
tr_collect            hbus_transaction      -     @11437   
  haddr               integral              16    'h11a2   
  hdata               integral              8     'h5d     
  hwr_rd              hbus_read_write_enum  1     HBUS_READ
  wait_between_cycle  integral              32    'h0      
  begin_time          time                  64    114450   
  end_time            time                  64    114650   
-----------------------------------------------------------

UVM_INFO ../../hbus/sv/hbus_monitor.sv(109) @ 114850: uvm_test_top.tb.hbus.monitor [hbus_monitor] transaction collected :
------------------------------------------------------------
Name                  Type                  Size  Value     
------------------------------------------------------------
tr_collect            hbus_transaction      -     @11437    
  haddr               integral              16    'h11a2    
  hdata               integral              8     'ha2      
  hwr_rd              hbus_read_write_enum  1     HBUS_WRITE
  wait_between_cycle  integral              32    'h0       
  begin_time          time                  64    114750    
  end_time            time                  64    114850    
------------------------------------------------------------

UVM_INFO ../../hbus/sv/hbus_monitor.sv(109) @ 115050: uvm_test_top.tb.hbus.monitor [hbus_monitor] transaction collected :
------------------------------------------------------------
Name                  Type                  Size  Value     
------------------------------------------------------------
tr_collect            hbus_transaction      -     @11437    
  haddr               integral              16    'h11a4    
  hdata               integral              8     'h5b      
  hwr_rd              hbus_read_write_enum  1     HBUS_WRITE
  wait_between_cycle  integral              32    'h0       
  begin_time          time                  64    114950    
  end_time            time                  64    115050    
------------------------------------------------------------

UVM_INFO ../../hbus/sv/hbus_monitor.sv(109) @ 115350: uvm_test_top.tb.hbus.monitor [hbus_monitor] transaction collected :
-----------------------------------------------------------
Name                  Type                  Size  Value    
-----------------------------------------------------------
tr_collect            hbus_transaction      -     @11437   
  haddr               integral              16    'h11a3   
  hdata               integral              8     'h5c     
  hwr_rd              hbus_read_write_enum  1     HBUS_READ
  wait_between_cycle  integral              32    'h0      
  begin_time          time                  64    115150   
  end_time            time                  64    115350   
-----------------------------------------------------------

UVM_INFO ../../hbus/sv/hbus_monitor.sv(109) @ 115550: uvm_test_top.tb.hbus.monitor [hbus_monitor] transaction collected :
------------------------------------------------------------
Name                  Type                  Size  Value     
------------------------------------------------------------
tr_collect            hbus_transaction      -     @11437    
  haddr               integral              16    'h11a3    
  hdata               integral              8     'ha3      
  hwr_rd              hbus_read_write_enum  1     HBUS_WRITE
  wait_between_cycle  integral              32    'h0       
  begin_time          time                  64    115450    
  end_time            time                  64    115550    
------------------------------------------------------------

UVM_INFO ../../hbus/sv/hbus_monitor.sv(109) @ 115750: uvm_test_top.tb.hbus.monitor [hbus_monitor] transaction collected :
------------------------------------------------------------
Name                  Type                  Size  Value     
------------------------------------------------------------
tr_collect            hbus_transaction      -     @11437    
  haddr               integral              16    'h11a5    
  hdata               integral              8     'h5a      
  hwr_rd              hbus_read_write_enum  1     HBUS_WRITE
  wait_between_cycle  integral              32    'h0       
  begin_time          time                  64    115650    
  end_time            time                  64    115750    
------------------------------------------------------------

UVM_INFO ../../hbus/sv/hbus_monitor.sv(109) @ 116050: uvm_test_top.tb.hbus.monitor [hbus_monitor] transaction collected :
-----------------------------------------------------------
Name                  Type                  Size  Value    
-----------------------------------------------------------
tr_collect            hbus_transaction      -     @11437   
  haddr               integral              16    'h11a4   
  hdata               integral              8     'h5b     
  hwr_rd              hbus_read_write_enum  1     HBUS_READ
  wait_between_cycle  integral              32    'h0      
  begin_time          time                  64    115850   
  end_time            time                  64    116050   
-----------------------------------------------------------

UVM_INFO ../../hbus/sv/hbus_monitor.sv(109) @ 116250: uvm_test_top.tb.hbus.monitor [hbus_monitor] transaction collected :
------------------------------------------------------------
Name                  Type                  Size  Value     
------------------------------------------------------------
tr_collect            hbus_transaction      -     @11437    
  haddr               integral              16    'h11a4    
  hdata               integral              8     'ha4      
  hwr_rd              hbus_read_write_enum  1     HBUS_WRITE
  wait_between_cycle  integral              32    'h0       
  begin_time          time                  64    116150    
  end_time            time                  64    116250    
------------------------------------------------------------

UVM_INFO ../../hbus/sv/hbus_monitor.sv(109) @ 116450: uvm_test_top.tb.hbus.monitor [hbus_monitor] transaction collected :
------------------------------------------------------------
Name                  Type                  Size  Value     
------------------------------------------------------------
tr_collect            hbus_transaction      -     @11437    
  haddr               integral              16    'h11a6    
  hdata               integral              8     'h59      
  hwr_rd              hbus_read_write_enum  1     HBUS_WRITE
  wait_between_cycle  integral              32    'h0       
  begin_time          time                  64    116350    
  end_time            time                  64    116450    
------------------------------------------------------------

UVM_INFO ../../hbus/sv/hbus_monitor.sv(109) @ 116750: uvm_test_top.tb.hbus.monitor [hbus_monitor] transaction collected :
-----------------------------------------------------------
Name                  Type                  Size  Value    
-----------------------------------------------------------
tr_collect            hbus_transaction      -     @11437   
  haddr               integral              16    'h11a5   
  hdata               integral              8     'h5a     
  hwr_rd              hbus_read_write_enum  1     HBUS_READ
  wait_between_cycle  integral              32    'h0      
  begin_time          time                  64    116550   
  end_time            time                  64    116750   
-----------------------------------------------------------

UVM_INFO ../../hbus/sv/hbus_monitor.sv(109) @ 116950: uvm_test_top.tb.hbus.monitor [hbus_monitor] transaction collected :
------------------------------------------------------------
Name                  Type                  Size  Value     
------------------------------------------------------------
tr_collect            hbus_transaction      -     @11437    
  haddr               integral              16    'h11a5    
  hdata               integral              8     'ha5      
  hwr_rd              hbus_read_write_enum  1     HBUS_WRITE
  wait_between_cycle  integral              32    'h0       
  begin_time          time                  64    116850    
  end_time            time                  64    116950    
------------------------------------------------------------

UVM_INFO ../../hbus/sv/hbus_monitor.sv(109) @ 117150: uvm_test_top.tb.hbus.monitor [hbus_monitor] transaction collected :
------------------------------------------------------------
Name                  Type                  Size  Value     
------------------------------------------------------------
tr_collect            hbus_transaction      -     @11437    
  haddr               integral              16    'h11a7    
  hdata               integral              8     'h58      
  hwr_rd              hbus_read_write_enum  1     HBUS_WRITE
  wait_between_cycle  integral              32    'h0       
  begin_time          time                  64    117050    
  end_time            time                  64    117150    
------------------------------------------------------------

UVM_INFO ../../hbus/sv/hbus_monitor.sv(109) @ 117450: uvm_test_top.tb.hbus.monitor [hbus_monitor] transaction collected :
-----------------------------------------------------------
Name                  Type                  Size  Value    
-----------------------------------------------------------
tr_collect            hbus_transaction      -     @11437   
  haddr               integral              16    'h11a6   
  hdata               integral              8     'h59     
  hwr_rd              hbus_read_write_enum  1     HBUS_READ
  wait_between_cycle  integral              32    'h0      
  begin_time          time                  64    117250   
  end_time            time                  64    117450   
-----------------------------------------------------------

UVM_INFO ../../hbus/sv/hbus_monitor.sv(109) @ 117650: uvm_test_top.tb.hbus.monitor [hbus_monitor] transaction collected :
------------------------------------------------------------
Name                  Type                  Size  Value     
------------------------------------------------------------
tr_collect            hbus_transaction      -     @11437    
  haddr               integral              16    'h11a6    
  hdata               integral              8     'ha6      
  hwr_rd              hbus_read_write_enum  1     HBUS_WRITE
  wait_between_cycle  integral              32    'h0       
  begin_time          time                  64    117550    
  end_time            time                  64    117650    
------------------------------------------------------------

UVM_INFO ../../hbus/sv/hbus_monitor.sv(109) @ 117850: uvm_test_top.tb.hbus.monitor [hbus_monitor] transaction collected :
------------------------------------------------------------
Name                  Type                  Size  Value     
------------------------------------------------------------
tr_collect            hbus_transaction      -     @11437    
  haddr               integral              16    'h11a8    
  hdata               integral              8     'h57      
  hwr_rd              hbus_read_write_enum  1     HBUS_WRITE
  wait_between_cycle  integral              32    'h0       
  begin_time          time                  64    117750    
  end_time            time                  64    117850    
------------------------------------------------------------

UVM_INFO ../../hbus/sv/hbus_monitor.sv(109) @ 118150: uvm_test_top.tb.hbus.monitor [hbus_monitor] transaction collected :
-----------------------------------------------------------
Name                  Type                  Size  Value    
-----------------------------------------------------------
tr_collect            hbus_transaction      -     @11437   
  haddr               integral              16    'h11a7   
  hdata               integral              8     'h58     
  hwr_rd              hbus_read_write_enum  1     HBUS_READ
  wait_between_cycle  integral              32    'h0      
  begin_time          time                  64    117950   
  end_time            time                  64    118150   
-----------------------------------------------------------

UVM_INFO ../../hbus/sv/hbus_monitor.sv(109) @ 118350: uvm_test_top.tb.hbus.monitor [hbus_monitor] transaction collected :
------------------------------------------------------------
Name                  Type                  Size  Value     
------------------------------------------------------------
tr_collect            hbus_transaction      -     @11437    
  haddr               integral              16    'h11a7    
  hdata               integral              8     'ha7      
  hwr_rd              hbus_read_write_enum  1     HBUS_WRITE
  wait_between_cycle  integral              32    'h0       
  begin_time          time                  64    118250    
  end_time            time                  64    118350    
------------------------------------------------------------

UVM_INFO ../../hbus/sv/hbus_monitor.sv(109) @ 118550: uvm_test_top.tb.hbus.monitor [hbus_monitor] transaction collected :
------------------------------------------------------------
Name                  Type                  Size  Value     
------------------------------------------------------------
tr_collect            hbus_transaction      -     @11437    
  haddr               integral              16    'h11a9    
  hdata               integral              8     'h56      
  hwr_rd              hbus_read_write_enum  1     HBUS_WRITE
  wait_between_cycle  integral              32    'h0       
  begin_time          time                  64    118450    
  end_time            time                  64    118550    
------------------------------------------------------------

UVM_INFO ../../hbus/sv/hbus_monitor.sv(109) @ 118850: uvm_test_top.tb.hbus.monitor [hbus_monitor] transaction collected :
-----------------------------------------------------------
Name                  Type                  Size  Value    
-----------------------------------------------------------
tr_collect            hbus_transaction      -     @11437   
  haddr               integral              16    'h11a8   
  hdata               integral              8     'h57     
  hwr_rd              hbus_read_write_enum  1     HBUS_READ
  wait_between_cycle  integral              32    'h0      
  begin_time          time                  64    118650   
  end_time            time                  64    118850   
-----------------------------------------------------------

UVM_INFO ../../hbus/sv/hbus_monitor.sv(109) @ 119050: uvm_test_top.tb.hbus.monitor [hbus_monitor] transaction collected :
------------------------------------------------------------
Name                  Type                  Size  Value     
------------------------------------------------------------
tr_collect            hbus_transaction      -     @11437    
  haddr               integral              16    'h11a8    
  hdata               integral              8     'ha8      
  hwr_rd              hbus_read_write_enum  1     HBUS_WRITE
  wait_between_cycle  integral              32    'h0       
  begin_time          time                  64    118950    
  end_time            time                  64    119050    
------------------------------------------------------------

UVM_INFO ../../hbus/sv/hbus_monitor.sv(109) @ 119250: uvm_test_top.tb.hbus.monitor [hbus_monitor] transaction collected :
------------------------------------------------------------
Name                  Type                  Size  Value     
------------------------------------------------------------
tr_collect            hbus_transaction      -     @11437    
  haddr               integral              16    'h11aa    
  hdata               integral              8     'h55      
  hwr_rd              hbus_read_write_enum  1     HBUS_WRITE
  wait_between_cycle  integral              32    'h0       
  begin_time          time                  64    119150    
  end_time            time                  64    119250    
------------------------------------------------------------

UVM_INFO ../../hbus/sv/hbus_monitor.sv(109) @ 119550: uvm_test_top.tb.hbus.monitor [hbus_monitor] transaction collected :
-----------------------------------------------------------
Name                  Type                  Size  Value    
-----------------------------------------------------------
tr_collect            hbus_transaction      -     @11437   
  haddr               integral              16    'h11a9   
  hdata               integral              8     'h56     
  hwr_rd              hbus_read_write_enum  1     HBUS_READ
  wait_between_cycle  integral              32    'h0      
  begin_time          time                  64    119350   
  end_time            time                  64    119550   
-----------------------------------------------------------

UVM_INFO ../../hbus/sv/hbus_monitor.sv(109) @ 119750: uvm_test_top.tb.hbus.monitor [hbus_monitor] transaction collected :
------------------------------------------------------------
Name                  Type                  Size  Value     
------------------------------------------------------------
tr_collect            hbus_transaction      -     @11437    
  haddr               integral              16    'h11a9    
  hdata               integral              8     'ha9      
  hwr_rd              hbus_read_write_enum  1     HBUS_WRITE
  wait_between_cycle  integral              32    'h0       
  begin_time          time                  64    119650    
  end_time            time                  64    119750    
------------------------------------------------------------

UVM_INFO ../../hbus/sv/hbus_monitor.sv(109) @ 119950: uvm_test_top.tb.hbus.monitor [hbus_monitor] transaction collected :
------------------------------------------------------------
Name                  Type                  Size  Value     
------------------------------------------------------------
tr_collect            hbus_transaction      -     @11437    
  haddr               integral              16    'h11ab    
  hdata               integral              8     'h54      
  hwr_rd              hbus_read_write_enum  1     HBUS_WRITE
  wait_between_cycle  integral              32    'h0       
  begin_time          time                  64    119850    
  end_time            time                  64    119950    
------------------------------------------------------------

UVM_INFO ../../hbus/sv/hbus_monitor.sv(109) @ 120250: uvm_test_top.tb.hbus.monitor [hbus_monitor] transaction collected :
-----------------------------------------------------------
Name                  Type                  Size  Value    
-----------------------------------------------------------
tr_collect            hbus_transaction      -     @11437   
  haddr               integral              16    'h11aa   
  hdata               integral              8     'h55     
  hwr_rd              hbus_read_write_enum  1     HBUS_READ
  wait_between_cycle  integral              32    'h0      
  begin_time          time                  64    120050   
  end_time            time                  64    120250   
-----------------------------------------------------------

UVM_INFO ../../hbus/sv/hbus_monitor.sv(109) @ 120450: uvm_test_top.tb.hbus.monitor [hbus_monitor] transaction collected :
------------------------------------------------------------
Name                  Type                  Size  Value     
------------------------------------------------------------
tr_collect            hbus_transaction      -     @11437    
  haddr               integral              16    'h11aa    
  hdata               integral              8     'haa      
  hwr_rd              hbus_read_write_enum  1     HBUS_WRITE
  wait_between_cycle  integral              32    'h0       
  begin_time          time                  64    120350    
  end_time            time                  64    120450    
------------------------------------------------------------

UVM_INFO ../../hbus/sv/hbus_monitor.sv(109) @ 120650: uvm_test_top.tb.hbus.monitor [hbus_monitor] transaction collected :
------------------------------------------------------------
Name                  Type                  Size  Value     
------------------------------------------------------------
tr_collect            hbus_transaction      -     @11437    
  haddr               integral              16    'h11ac    
  hdata               integral              8     'h53      
  hwr_rd              hbus_read_write_enum  1     HBUS_WRITE
  wait_between_cycle  integral              32    'h0       
  begin_time          time                  64    120550    
  end_time            time                  64    120650    
------------------------------------------------------------

UVM_INFO ../../hbus/sv/hbus_monitor.sv(109) @ 120950: uvm_test_top.tb.hbus.monitor [hbus_monitor] transaction collected :
-----------------------------------------------------------
Name                  Type                  Size  Value    
-----------------------------------------------------------
tr_collect            hbus_transaction      -     @11437   
  haddr               integral              16    'h11ab   
  hdata               integral              8     'h54     
  hwr_rd              hbus_read_write_enum  1     HBUS_READ
  wait_between_cycle  integral              32    'h0      
  begin_time          time                  64    120750   
  end_time            time                  64    120950   
-----------------------------------------------------------

UVM_INFO ../../hbus/sv/hbus_monitor.sv(109) @ 121150: uvm_test_top.tb.hbus.monitor [hbus_monitor] transaction collected :
------------------------------------------------------------
Name                  Type                  Size  Value     
------------------------------------------------------------
tr_collect            hbus_transaction      -     @11437    
  haddr               integral              16    'h11ab    
  hdata               integral              8     'hab      
  hwr_rd              hbus_read_write_enum  1     HBUS_WRITE
  wait_between_cycle  integral              32    'h0       
  begin_time          time                  64    121050    
  end_time            time                  64    121150    
------------------------------------------------------------

UVM_INFO ../../hbus/sv/hbus_monitor.sv(109) @ 121350: uvm_test_top.tb.hbus.monitor [hbus_monitor] transaction collected :
------------------------------------------------------------
Name                  Type                  Size  Value     
------------------------------------------------------------
tr_collect            hbus_transaction      -     @11437    
  haddr               integral              16    'h11ad    
  hdata               integral              8     'h52      
  hwr_rd              hbus_read_write_enum  1     HBUS_WRITE
  wait_between_cycle  integral              32    'h0       
  begin_time          time                  64    121250    
  end_time            time                  64    121350    
------------------------------------------------------------

UVM_INFO ../../hbus/sv/hbus_monitor.sv(109) @ 121650: uvm_test_top.tb.hbus.monitor [hbus_monitor] transaction collected :
-----------------------------------------------------------
Name                  Type                  Size  Value    
-----------------------------------------------------------
tr_collect            hbus_transaction      -     @11437   
  haddr               integral              16    'h11ac   
  hdata               integral              8     'h53     
  hwr_rd              hbus_read_write_enum  1     HBUS_READ
  wait_between_cycle  integral              32    'h0      
  begin_time          time                  64    121450   
  end_time            time                  64    121650   
-----------------------------------------------------------

UVM_INFO ../../hbus/sv/hbus_monitor.sv(109) @ 121850: uvm_test_top.tb.hbus.monitor [hbus_monitor] transaction collected :
------------------------------------------------------------
Name                  Type                  Size  Value     
------------------------------------------------------------
tr_collect            hbus_transaction      -     @11437    
  haddr               integral              16    'h11ac    
  hdata               integral              8     'hac      
  hwr_rd              hbus_read_write_enum  1     HBUS_WRITE
  wait_between_cycle  integral              32    'h0       
  begin_time          time                  64    121750    
  end_time            time                  64    121850    
------------------------------------------------------------

UVM_INFO ../../hbus/sv/hbus_monitor.sv(109) @ 122050: uvm_test_top.tb.hbus.monitor [hbus_monitor] transaction collected :
------------------------------------------------------------
Name                  Type                  Size  Value     
------------------------------------------------------------
tr_collect            hbus_transaction      -     @11437    
  haddr               integral              16    'h11ae    
  hdata               integral              8     'h51      
  hwr_rd              hbus_read_write_enum  1     HBUS_WRITE
  wait_between_cycle  integral              32    'h0       
  begin_time          time                  64    121950    
  end_time            time                  64    122050    
------------------------------------------------------------

UVM_INFO ../../hbus/sv/hbus_monitor.sv(109) @ 122350: uvm_test_top.tb.hbus.monitor [hbus_monitor] transaction collected :
-----------------------------------------------------------
Name                  Type                  Size  Value    
-----------------------------------------------------------
tr_collect            hbus_transaction      -     @11437   
  haddr               integral              16    'h11ad   
  hdata               integral              8     'h52     
  hwr_rd              hbus_read_write_enum  1     HBUS_READ
  wait_between_cycle  integral              32    'h0      
  begin_time          time                  64    122150   
  end_time            time                  64    122350   
-----------------------------------------------------------

UVM_INFO ../../hbus/sv/hbus_monitor.sv(109) @ 122550: uvm_test_top.tb.hbus.monitor [hbus_monitor] transaction collected :
------------------------------------------------------------
Name                  Type                  Size  Value     
------------------------------------------------------------
tr_collect            hbus_transaction      -     @11437    
  haddr               integral              16    'h11ad    
  hdata               integral              8     'had      
  hwr_rd              hbus_read_write_enum  1     HBUS_WRITE
  wait_between_cycle  integral              32    'h0       
  begin_time          time                  64    122450    
  end_time            time                  64    122550    
------------------------------------------------------------

UVM_INFO ../../hbus/sv/hbus_monitor.sv(109) @ 122750: uvm_test_top.tb.hbus.monitor [hbus_monitor] transaction collected :
------------------------------------------------------------
Name                  Type                  Size  Value     
------------------------------------------------------------
tr_collect            hbus_transaction      -     @11437    
  haddr               integral              16    'h11af    
  hdata               integral              8     'h50      
  hwr_rd              hbus_read_write_enum  1     HBUS_WRITE
  wait_between_cycle  integral              32    'h0       
  begin_time          time                  64    122650    
  end_time            time                  64    122750    
------------------------------------------------------------

UVM_INFO ../../hbus/sv/hbus_monitor.sv(109) @ 123050: uvm_test_top.tb.hbus.monitor [hbus_monitor] transaction collected :
-----------------------------------------------------------
Name                  Type                  Size  Value    
-----------------------------------------------------------
tr_collect            hbus_transaction      -     @11437   
  haddr               integral              16    'h11ae   
  hdata               integral              8     'h51     
  hwr_rd              hbus_read_write_enum  1     HBUS_READ
  wait_between_cycle  integral              32    'h0      
  begin_time          time                  64    122850   
  end_time            time                  64    123050   
-----------------------------------------------------------

UVM_INFO ../../hbus/sv/hbus_monitor.sv(109) @ 123250: uvm_test_top.tb.hbus.monitor [hbus_monitor] transaction collected :
------------------------------------------------------------
Name                  Type                  Size  Value     
------------------------------------------------------------
tr_collect            hbus_transaction      -     @11437    
  haddr               integral              16    'h11ae    
  hdata               integral              8     'hae      
  hwr_rd              hbus_read_write_enum  1     HBUS_WRITE
  wait_between_cycle  integral              32    'h0       
  begin_time          time                  64    123150    
  end_time            time                  64    123250    
------------------------------------------------------------

UVM_INFO ../../hbus/sv/hbus_monitor.sv(109) @ 123450: uvm_test_top.tb.hbus.monitor [hbus_monitor] transaction collected :
------------------------------------------------------------
Name                  Type                  Size  Value     
------------------------------------------------------------
tr_collect            hbus_transaction      -     @11437    
  haddr               integral              16    'h11b0    
  hdata               integral              8     'h4f      
  hwr_rd              hbus_read_write_enum  1     HBUS_WRITE
  wait_between_cycle  integral              32    'h0       
  begin_time          time                  64    123350    
  end_time            time                  64    123450    
------------------------------------------------------------

UVM_INFO ../../hbus/sv/hbus_monitor.sv(109) @ 123750: uvm_test_top.tb.hbus.monitor [hbus_monitor] transaction collected :
-----------------------------------------------------------
Name                  Type                  Size  Value    
-----------------------------------------------------------
tr_collect            hbus_transaction      -     @11437   
  haddr               integral              16    'h11af   
  hdata               integral              8     'h50     
  hwr_rd              hbus_read_write_enum  1     HBUS_READ
  wait_between_cycle  integral              32    'h0      
  begin_time          time                  64    123550   
  end_time            time                  64    123750   
-----------------------------------------------------------

UVM_INFO ../../hbus/sv/hbus_monitor.sv(109) @ 123950: uvm_test_top.tb.hbus.monitor [hbus_monitor] transaction collected :
------------------------------------------------------------
Name                  Type                  Size  Value     
------------------------------------------------------------
tr_collect            hbus_transaction      -     @11437    
  haddr               integral              16    'h11af    
  hdata               integral              8     'haf      
  hwr_rd              hbus_read_write_enum  1     HBUS_WRITE
  wait_between_cycle  integral              32    'h0       
  begin_time          time                  64    123850    
  end_time            time                  64    123950    
------------------------------------------------------------

UVM_INFO ../../hbus/sv/hbus_monitor.sv(109) @ 124150: uvm_test_top.tb.hbus.monitor [hbus_monitor] transaction collected :
------------------------------------------------------------
Name                  Type                  Size  Value     
------------------------------------------------------------
tr_collect            hbus_transaction      -     @11437    
  haddr               integral              16    'h11b1    
  hdata               integral              8     'h4e      
  hwr_rd              hbus_read_write_enum  1     HBUS_WRITE
  wait_between_cycle  integral              32    'h0       
  begin_time          time                  64    124050    
  end_time            time                  64    124150    
------------------------------------------------------------

UVM_INFO ../../hbus/sv/hbus_monitor.sv(109) @ 124450: uvm_test_top.tb.hbus.monitor [hbus_monitor] transaction collected :
-----------------------------------------------------------
Name                  Type                  Size  Value    
-----------------------------------------------------------
tr_collect            hbus_transaction      -     @11437   
  haddr               integral              16    'h11b0   
  hdata               integral              8     'h4f     
  hwr_rd              hbus_read_write_enum  1     HBUS_READ
  wait_between_cycle  integral              32    'h0      
  begin_time          time                  64    124250   
  end_time            time                  64    124450   
-----------------------------------------------------------

UVM_INFO ../../hbus/sv/hbus_monitor.sv(109) @ 124650: uvm_test_top.tb.hbus.monitor [hbus_monitor] transaction collected :
------------------------------------------------------------
Name                  Type                  Size  Value     
------------------------------------------------------------
tr_collect            hbus_transaction      -     @11437    
  haddr               integral              16    'h11b0    
  hdata               integral              8     'hb0      
  hwr_rd              hbus_read_write_enum  1     HBUS_WRITE
  wait_between_cycle  integral              32    'h0       
  begin_time          time                  64    124550    
  end_time            time                  64    124650    
------------------------------------------------------------

UVM_INFO ../../hbus/sv/hbus_monitor.sv(109) @ 124850: uvm_test_top.tb.hbus.monitor [hbus_monitor] transaction collected :
------------------------------------------------------------
Name                  Type                  Size  Value     
------------------------------------------------------------
tr_collect            hbus_transaction      -     @11437    
  haddr               integral              16    'h11b2    
  hdata               integral              8     'h4d      
  hwr_rd              hbus_read_write_enum  1     HBUS_WRITE
  wait_between_cycle  integral              32    'h0       
  begin_time          time                  64    124750    
  end_time            time                  64    124850    
------------------------------------------------------------

UVM_INFO ../../hbus/sv/hbus_monitor.sv(109) @ 125150: uvm_test_top.tb.hbus.monitor [hbus_monitor] transaction collected :
-----------------------------------------------------------
Name                  Type                  Size  Value    
-----------------------------------------------------------
tr_collect            hbus_transaction      -     @11437   
  haddr               integral              16    'h11b1   
  hdata               integral              8     'h4e     
  hwr_rd              hbus_read_write_enum  1     HBUS_READ
  wait_between_cycle  integral              32    'h0      
  begin_time          time                  64    124950   
  end_time            time                  64    125150   
-----------------------------------------------------------

UVM_INFO ../../hbus/sv/hbus_monitor.sv(109) @ 125350: uvm_test_top.tb.hbus.monitor [hbus_monitor] transaction collected :
------------------------------------------------------------
Name                  Type                  Size  Value     
------------------------------------------------------------
tr_collect            hbus_transaction      -     @11437    
  haddr               integral              16    'h11b1    
  hdata               integral              8     'hb1      
  hwr_rd              hbus_read_write_enum  1     HBUS_WRITE
  wait_between_cycle  integral              32    'h0       
  begin_time          time                  64    125250    
  end_time            time                  64    125350    
------------------------------------------------------------

UVM_INFO ../../hbus/sv/hbus_monitor.sv(109) @ 125550: uvm_test_top.tb.hbus.monitor [hbus_monitor] transaction collected :
------------------------------------------------------------
Name                  Type                  Size  Value     
------------------------------------------------------------
tr_collect            hbus_transaction      -     @11437    
  haddr               integral              16    'h11b3    
  hdata               integral              8     'h4c      
  hwr_rd              hbus_read_write_enum  1     HBUS_WRITE
  wait_between_cycle  integral              32    'h0       
  begin_time          time                  64    125450    
  end_time            time                  64    125550    
------------------------------------------------------------

UVM_INFO ../../hbus/sv/hbus_monitor.sv(109) @ 125850: uvm_test_top.tb.hbus.monitor [hbus_monitor] transaction collected :
-----------------------------------------------------------
Name                  Type                  Size  Value    
-----------------------------------------------------------
tr_collect            hbus_transaction      -     @11437   
  haddr               integral              16    'h11b2   
  hdata               integral              8     'h4d     
  hwr_rd              hbus_read_write_enum  1     HBUS_READ
  wait_between_cycle  integral              32    'h0      
  begin_time          time                  64    125650   
  end_time            time                  64    125850   
-----------------------------------------------------------

UVM_INFO ../../hbus/sv/hbus_monitor.sv(109) @ 126050: uvm_test_top.tb.hbus.monitor [hbus_monitor] transaction collected :
------------------------------------------------------------
Name                  Type                  Size  Value     
------------------------------------------------------------
tr_collect            hbus_transaction      -     @11437    
  haddr               integral              16    'h11b2    
  hdata               integral              8     'hb2      
  hwr_rd              hbus_read_write_enum  1     HBUS_WRITE
  wait_between_cycle  integral              32    'h0       
  begin_time          time                  64    125950    
  end_time            time                  64    126050    
------------------------------------------------------------

UVM_INFO ../../hbus/sv/hbus_monitor.sv(109) @ 126250: uvm_test_top.tb.hbus.monitor [hbus_monitor] transaction collected :
------------------------------------------------------------
Name                  Type                  Size  Value     
------------------------------------------------------------
tr_collect            hbus_transaction      -     @11437    
  haddr               integral              16    'h11b4    
  hdata               integral              8     'h4b      
  hwr_rd              hbus_read_write_enum  1     HBUS_WRITE
  wait_between_cycle  integral              32    'h0       
  begin_time          time                  64    126150    
  end_time            time                  64    126250    
------------------------------------------------------------

UVM_INFO ../../hbus/sv/hbus_monitor.sv(109) @ 126550: uvm_test_top.tb.hbus.monitor [hbus_monitor] transaction collected :
-----------------------------------------------------------
Name                  Type                  Size  Value    
-----------------------------------------------------------
tr_collect            hbus_transaction      -     @11437   
  haddr               integral              16    'h11b3   
  hdata               integral              8     'h4c     
  hwr_rd              hbus_read_write_enum  1     HBUS_READ
  wait_between_cycle  integral              32    'h0      
  begin_time          time                  64    126350   
  end_time            time                  64    126550   
-----------------------------------------------------------

UVM_INFO ../../hbus/sv/hbus_monitor.sv(109) @ 126750: uvm_test_top.tb.hbus.monitor [hbus_monitor] transaction collected :
------------------------------------------------------------
Name                  Type                  Size  Value     
------------------------------------------------------------
tr_collect            hbus_transaction      -     @11437    
  haddr               integral              16    'h11b3    
  hdata               integral              8     'hb3      
  hwr_rd              hbus_read_write_enum  1     HBUS_WRITE
  wait_between_cycle  integral              32    'h0       
  begin_time          time                  64    126650    
  end_time            time                  64    126750    
------------------------------------------------------------

UVM_INFO ../../hbus/sv/hbus_monitor.sv(109) @ 126950: uvm_test_top.tb.hbus.monitor [hbus_monitor] transaction collected :
------------------------------------------------------------
Name                  Type                  Size  Value     
------------------------------------------------------------
tr_collect            hbus_transaction      -     @11437    
  haddr               integral              16    'h11b5    
  hdata               integral              8     'h4a      
  hwr_rd              hbus_read_write_enum  1     HBUS_WRITE
  wait_between_cycle  integral              32    'h0       
  begin_time          time                  64    126850    
  end_time            time                  64    126950    
------------------------------------------------------------

UVM_INFO ../../hbus/sv/hbus_monitor.sv(109) @ 127250: uvm_test_top.tb.hbus.monitor [hbus_monitor] transaction collected :
-----------------------------------------------------------
Name                  Type                  Size  Value    
-----------------------------------------------------------
tr_collect            hbus_transaction      -     @11437   
  haddr               integral              16    'h11b4   
  hdata               integral              8     'h4b     
  hwr_rd              hbus_read_write_enum  1     HBUS_READ
  wait_between_cycle  integral              32    'h0      
  begin_time          time                  64    127050   
  end_time            time                  64    127250   
-----------------------------------------------------------

UVM_INFO ../../hbus/sv/hbus_monitor.sv(109) @ 127450: uvm_test_top.tb.hbus.monitor [hbus_monitor] transaction collected :
------------------------------------------------------------
Name                  Type                  Size  Value     
------------------------------------------------------------
tr_collect            hbus_transaction      -     @11437    
  haddr               integral              16    'h11b4    
  hdata               integral              8     'hb4      
  hwr_rd              hbus_read_write_enum  1     HBUS_WRITE
  wait_between_cycle  integral              32    'h0       
  begin_time          time                  64    127350    
  end_time            time                  64    127450    
------------------------------------------------------------

UVM_INFO ../../hbus/sv/hbus_monitor.sv(109) @ 127650: uvm_test_top.tb.hbus.monitor [hbus_monitor] transaction collected :
------------------------------------------------------------
Name                  Type                  Size  Value     
------------------------------------------------------------
tr_collect            hbus_transaction      -     @11437    
  haddr               integral              16    'h11b6    
  hdata               integral              8     'h49      
  hwr_rd              hbus_read_write_enum  1     HBUS_WRITE
  wait_between_cycle  integral              32    'h0       
  begin_time          time                  64    127550    
  end_time            time                  64    127650    
------------------------------------------------------------

UVM_INFO ../../hbus/sv/hbus_monitor.sv(109) @ 127950: uvm_test_top.tb.hbus.monitor [hbus_monitor] transaction collected :
-----------------------------------------------------------
Name                  Type                  Size  Value    
-----------------------------------------------------------
tr_collect            hbus_transaction      -     @11437   
  haddr               integral              16    'h11b5   
  hdata               integral              8     'h4a     
  hwr_rd              hbus_read_write_enum  1     HBUS_READ
  wait_between_cycle  integral              32    'h0      
  begin_time          time                  64    127750   
  end_time            time                  64    127950   
-----------------------------------------------------------

UVM_INFO ../../hbus/sv/hbus_monitor.sv(109) @ 128150: uvm_test_top.tb.hbus.monitor [hbus_monitor] transaction collected :
------------------------------------------------------------
Name                  Type                  Size  Value     
------------------------------------------------------------
tr_collect            hbus_transaction      -     @11437    
  haddr               integral              16    'h11b5    
  hdata               integral              8     'hb5      
  hwr_rd              hbus_read_write_enum  1     HBUS_WRITE
  wait_between_cycle  integral              32    'h0       
  begin_time          time                  64    128050    
  end_time            time                  64    128150    
------------------------------------------------------------

UVM_INFO ../../hbus/sv/hbus_monitor.sv(109) @ 128350: uvm_test_top.tb.hbus.monitor [hbus_monitor] transaction collected :
------------------------------------------------------------
Name                  Type                  Size  Value     
------------------------------------------------------------
tr_collect            hbus_transaction      -     @11437    
  haddr               integral              16    'h11b7    
  hdata               integral              8     'h48      
  hwr_rd              hbus_read_write_enum  1     HBUS_WRITE
  wait_between_cycle  integral              32    'h0       
  begin_time          time                  64    128250    
  end_time            time                  64    128350    
------------------------------------------------------------

UVM_INFO ../../hbus/sv/hbus_monitor.sv(109) @ 128650: uvm_test_top.tb.hbus.monitor [hbus_monitor] transaction collected :
-----------------------------------------------------------
Name                  Type                  Size  Value    
-----------------------------------------------------------
tr_collect            hbus_transaction      -     @11437   
  haddr               integral              16    'h11b6   
  hdata               integral              8     'h49     
  hwr_rd              hbus_read_write_enum  1     HBUS_READ
  wait_between_cycle  integral              32    'h0      
  begin_time          time                  64    128450   
  end_time            time                  64    128650   
-----------------------------------------------------------

UVM_INFO ../../hbus/sv/hbus_monitor.sv(109) @ 128850: uvm_test_top.tb.hbus.monitor [hbus_monitor] transaction collected :
------------------------------------------------------------
Name                  Type                  Size  Value     
------------------------------------------------------------
tr_collect            hbus_transaction      -     @11437    
  haddr               integral              16    'h11b6    
  hdata               integral              8     'hb6      
  hwr_rd              hbus_read_write_enum  1     HBUS_WRITE
  wait_between_cycle  integral              32    'h0       
  begin_time          time                  64    128750    
  end_time            time                  64    128850    
------------------------------------------------------------

UVM_INFO ../../hbus/sv/hbus_monitor.sv(109) @ 129050: uvm_test_top.tb.hbus.monitor [hbus_monitor] transaction collected :
------------------------------------------------------------
Name                  Type                  Size  Value     
------------------------------------------------------------
tr_collect            hbus_transaction      -     @11437    
  haddr               integral              16    'h11b8    
  hdata               integral              8     'h47      
  hwr_rd              hbus_read_write_enum  1     HBUS_WRITE
  wait_between_cycle  integral              32    'h0       
  begin_time          time                  64    128950    
  end_time            time                  64    129050    
------------------------------------------------------------

UVM_INFO ../../hbus/sv/hbus_monitor.sv(109) @ 129350: uvm_test_top.tb.hbus.monitor [hbus_monitor] transaction collected :
-----------------------------------------------------------
Name                  Type                  Size  Value    
-----------------------------------------------------------
tr_collect            hbus_transaction      -     @11437   
  haddr               integral              16    'h11b7   
  hdata               integral              8     'h48     
  hwr_rd              hbus_read_write_enum  1     HBUS_READ
  wait_between_cycle  integral              32    'h0      
  begin_time          time                  64    129150   
  end_time            time                  64    129350   
-----------------------------------------------------------

UVM_INFO ../../hbus/sv/hbus_monitor.sv(109) @ 129550: uvm_test_top.tb.hbus.monitor [hbus_monitor] transaction collected :
------------------------------------------------------------
Name                  Type                  Size  Value     
------------------------------------------------------------
tr_collect            hbus_transaction      -     @11437    
  haddr               integral              16    'h11b7    
  hdata               integral              8     'hb7      
  hwr_rd              hbus_read_write_enum  1     HBUS_WRITE
  wait_between_cycle  integral              32    'h0       
  begin_time          time                  64    129450    
  end_time            time                  64    129550    
------------------------------------------------------------

UVM_INFO ../../hbus/sv/hbus_monitor.sv(109) @ 129750: uvm_test_top.tb.hbus.monitor [hbus_monitor] transaction collected :
------------------------------------------------------------
Name                  Type                  Size  Value     
------------------------------------------------------------
tr_collect            hbus_transaction      -     @11437    
  haddr               integral              16    'h11b9    
  hdata               integral              8     'h46      
  hwr_rd              hbus_read_write_enum  1     HBUS_WRITE
  wait_between_cycle  integral              32    'h0       
  begin_time          time                  64    129650    
  end_time            time                  64    129750    
------------------------------------------------------------

UVM_INFO ../../hbus/sv/hbus_monitor.sv(109) @ 130050: uvm_test_top.tb.hbus.monitor [hbus_monitor] transaction collected :
-----------------------------------------------------------
Name                  Type                  Size  Value    
-----------------------------------------------------------
tr_collect            hbus_transaction      -     @11437   
  haddr               integral              16    'h11b8   
  hdata               integral              8     'h47     
  hwr_rd              hbus_read_write_enum  1     HBUS_READ
  wait_between_cycle  integral              32    'h0      
  begin_time          time                  64    129850   
  end_time            time                  64    130050   
-----------------------------------------------------------

UVM_INFO ../../hbus/sv/hbus_monitor.sv(109) @ 130250: uvm_test_top.tb.hbus.monitor [hbus_monitor] transaction collected :
------------------------------------------------------------
Name                  Type                  Size  Value     
------------------------------------------------------------
tr_collect            hbus_transaction      -     @11437    
  haddr               integral              16    'h11b8    
  hdata               integral              8     'hb8      
  hwr_rd              hbus_read_write_enum  1     HBUS_WRITE
  wait_between_cycle  integral              32    'h0       
  begin_time          time                  64    130150    
  end_time            time                  64    130250    
------------------------------------------------------------

UVM_INFO ../../hbus/sv/hbus_monitor.sv(109) @ 130450: uvm_test_top.tb.hbus.monitor [hbus_monitor] transaction collected :
------------------------------------------------------------
Name                  Type                  Size  Value     
------------------------------------------------------------
tr_collect            hbus_transaction      -     @11437    
  haddr               integral              16    'h11ba    
  hdata               integral              8     'h45      
  hwr_rd              hbus_read_write_enum  1     HBUS_WRITE
  wait_between_cycle  integral              32    'h0       
  begin_time          time                  64    130350    
  end_time            time                  64    130450    
------------------------------------------------------------

UVM_INFO ../../hbus/sv/hbus_monitor.sv(109) @ 130750: uvm_test_top.tb.hbus.monitor [hbus_monitor] transaction collected :
-----------------------------------------------------------
Name                  Type                  Size  Value    
-----------------------------------------------------------
tr_collect            hbus_transaction      -     @11437   
  haddr               integral              16    'h11b9   
  hdata               integral              8     'h46     
  hwr_rd              hbus_read_write_enum  1     HBUS_READ
  wait_between_cycle  integral              32    'h0      
  begin_time          time                  64    130550   
  end_time            time                  64    130750   
-----------------------------------------------------------

UVM_INFO ../../hbus/sv/hbus_monitor.sv(109) @ 130950: uvm_test_top.tb.hbus.monitor [hbus_monitor] transaction collected :
------------------------------------------------------------
Name                  Type                  Size  Value     
------------------------------------------------------------
tr_collect            hbus_transaction      -     @11437    
  haddr               integral              16    'h11b9    
  hdata               integral              8     'hb9      
  hwr_rd              hbus_read_write_enum  1     HBUS_WRITE
  wait_between_cycle  integral              32    'h0       
  begin_time          time                  64    130850    
  end_time            time                  64    130950    
------------------------------------------------------------

UVM_INFO ../../hbus/sv/hbus_monitor.sv(109) @ 131150: uvm_test_top.tb.hbus.monitor [hbus_monitor] transaction collected :
------------------------------------------------------------
Name                  Type                  Size  Value     
------------------------------------------------------------
tr_collect            hbus_transaction      -     @11437    
  haddr               integral              16    'h11bb    
  hdata               integral              8     'h44      
  hwr_rd              hbus_read_write_enum  1     HBUS_WRITE
  wait_between_cycle  integral              32    'h0       
  begin_time          time                  64    131050    
  end_time            time                  64    131150    
------------------------------------------------------------

UVM_INFO ../../hbus/sv/hbus_monitor.sv(109) @ 131450: uvm_test_top.tb.hbus.monitor [hbus_monitor] transaction collected :
-----------------------------------------------------------
Name                  Type                  Size  Value    
-----------------------------------------------------------
tr_collect            hbus_transaction      -     @11437   
  haddr               integral              16    'h11ba   
  hdata               integral              8     'h45     
  hwr_rd              hbus_read_write_enum  1     HBUS_READ
  wait_between_cycle  integral              32    'h0      
  begin_time          time                  64    131250   
  end_time            time                  64    131450   
-----------------------------------------------------------

UVM_INFO ../../hbus/sv/hbus_monitor.sv(109) @ 131650: uvm_test_top.tb.hbus.monitor [hbus_monitor] transaction collected :
------------------------------------------------------------
Name                  Type                  Size  Value     
------------------------------------------------------------
tr_collect            hbus_transaction      -     @11437    
  haddr               integral              16    'h11ba    
  hdata               integral              8     'hba      
  hwr_rd              hbus_read_write_enum  1     HBUS_WRITE
  wait_between_cycle  integral              32    'h0       
  begin_time          time                  64    131550    
  end_time            time                  64    131650    
------------------------------------------------------------

UVM_INFO ../../hbus/sv/hbus_monitor.sv(109) @ 131850: uvm_test_top.tb.hbus.monitor [hbus_monitor] transaction collected :
------------------------------------------------------------
Name                  Type                  Size  Value     
------------------------------------------------------------
tr_collect            hbus_transaction      -     @11437    
  haddr               integral              16    'h11bc    
  hdata               integral              8     'h43      
  hwr_rd              hbus_read_write_enum  1     HBUS_WRITE
  wait_between_cycle  integral              32    'h0       
  begin_time          time                  64    131750    
  end_time            time                  64    131850    
------------------------------------------------------------

UVM_INFO ../../hbus/sv/hbus_monitor.sv(109) @ 132150: uvm_test_top.tb.hbus.monitor [hbus_monitor] transaction collected :
-----------------------------------------------------------
Name                  Type                  Size  Value    
-----------------------------------------------------------
tr_collect            hbus_transaction      -     @11437   
  haddr               integral              16    'h11bb   
  hdata               integral              8     'h44     
  hwr_rd              hbus_read_write_enum  1     HBUS_READ
  wait_between_cycle  integral              32    'h0      
  begin_time          time                  64    131950   
  end_time            time                  64    132150   
-----------------------------------------------------------

UVM_INFO ../../hbus/sv/hbus_monitor.sv(109) @ 132350: uvm_test_top.tb.hbus.monitor [hbus_monitor] transaction collected :
------------------------------------------------------------
Name                  Type                  Size  Value     
------------------------------------------------------------
tr_collect            hbus_transaction      -     @11437    
  haddr               integral              16    'h11bb    
  hdata               integral              8     'hbb      
  hwr_rd              hbus_read_write_enum  1     HBUS_WRITE
  wait_between_cycle  integral              32    'h0       
  begin_time          time                  64    132250    
  end_time            time                  64    132350    
------------------------------------------------------------

UVM_INFO ../../hbus/sv/hbus_monitor.sv(109) @ 132550: uvm_test_top.tb.hbus.monitor [hbus_monitor] transaction collected :
------------------------------------------------------------
Name                  Type                  Size  Value     
------------------------------------------------------------
tr_collect            hbus_transaction      -     @11437    
  haddr               integral              16    'h11bd    
  hdata               integral              8     'h42      
  hwr_rd              hbus_read_write_enum  1     HBUS_WRITE
  wait_between_cycle  integral              32    'h0       
  begin_time          time                  64    132450    
  end_time            time                  64    132550    
------------------------------------------------------------

UVM_INFO ../../hbus/sv/hbus_monitor.sv(109) @ 132850: uvm_test_top.tb.hbus.monitor [hbus_monitor] transaction collected :
-----------------------------------------------------------
Name                  Type                  Size  Value    
-----------------------------------------------------------
tr_collect            hbus_transaction      -     @11437   
  haddr               integral              16    'h11bc   
  hdata               integral              8     'h43     
  hwr_rd              hbus_read_write_enum  1     HBUS_READ
  wait_between_cycle  integral              32    'h0      
  begin_time          time                  64    132650   
  end_time            time                  64    132850   
-----------------------------------------------------------

UVM_INFO ../../hbus/sv/hbus_monitor.sv(109) @ 133050: uvm_test_top.tb.hbus.monitor [hbus_monitor] transaction collected :
------------------------------------------------------------
Name                  Type                  Size  Value     
------------------------------------------------------------
tr_collect            hbus_transaction      -     @11437    
  haddr               integral              16    'h11bc    
  hdata               integral              8     'hbc      
  hwr_rd              hbus_read_write_enum  1     HBUS_WRITE
  wait_between_cycle  integral              32    'h0       
  begin_time          time                  64    132950    
  end_time            time                  64    133050    
------------------------------------------------------------

UVM_INFO ../../hbus/sv/hbus_monitor.sv(109) @ 133250: uvm_test_top.tb.hbus.monitor [hbus_monitor] transaction collected :
------------------------------------------------------------
Name                  Type                  Size  Value     
------------------------------------------------------------
tr_collect            hbus_transaction      -     @11437    
  haddr               integral              16    'h11be    
  hdata               integral              8     'h41      
  hwr_rd              hbus_read_write_enum  1     HBUS_WRITE
  wait_between_cycle  integral              32    'h0       
  begin_time          time                  64    133150    
  end_time            time                  64    133250    
------------------------------------------------------------

UVM_INFO ../../hbus/sv/hbus_monitor.sv(109) @ 133550: uvm_test_top.tb.hbus.monitor [hbus_monitor] transaction collected :
-----------------------------------------------------------
Name                  Type                  Size  Value    
-----------------------------------------------------------
tr_collect            hbus_transaction      -     @11437   
  haddr               integral              16    'h11bd   
  hdata               integral              8     'h42     
  hwr_rd              hbus_read_write_enum  1     HBUS_READ
  wait_between_cycle  integral              32    'h0      
  begin_time          time                  64    133350   
  end_time            time                  64    133550   
-----------------------------------------------------------

UVM_INFO ../../hbus/sv/hbus_monitor.sv(109) @ 133750: uvm_test_top.tb.hbus.monitor [hbus_monitor] transaction collected :
------------------------------------------------------------
Name                  Type                  Size  Value     
------------------------------------------------------------
tr_collect            hbus_transaction      -     @11437    
  haddr               integral              16    'h11bd    
  hdata               integral              8     'hbd      
  hwr_rd              hbus_read_write_enum  1     HBUS_WRITE
  wait_between_cycle  integral              32    'h0       
  begin_time          time                  64    133650    
  end_time            time                  64    133750    
------------------------------------------------------------

UVM_INFO ../../hbus/sv/hbus_monitor.sv(109) @ 133950: uvm_test_top.tb.hbus.monitor [hbus_monitor] transaction collected :
------------------------------------------------------------
Name                  Type                  Size  Value     
------------------------------------------------------------
tr_collect            hbus_transaction      -     @11437    
  haddr               integral              16    'h11bf    
  hdata               integral              8     'h40      
  hwr_rd              hbus_read_write_enum  1     HBUS_WRITE
  wait_between_cycle  integral              32    'h0       
  begin_time          time                  64    133850    
  end_time            time                  64    133950    
------------------------------------------------------------

UVM_INFO ../../hbus/sv/hbus_monitor.sv(109) @ 134250: uvm_test_top.tb.hbus.monitor [hbus_monitor] transaction collected :
-----------------------------------------------------------
Name                  Type                  Size  Value    
-----------------------------------------------------------
tr_collect            hbus_transaction      -     @11437   
  haddr               integral              16    'h11be   
  hdata               integral              8     'h41     
  hwr_rd              hbus_read_write_enum  1     HBUS_READ
  wait_between_cycle  integral              32    'h0      
  begin_time          time                  64    134050   
  end_time            time                  64    134250   
-----------------------------------------------------------

UVM_INFO ../../hbus/sv/hbus_monitor.sv(109) @ 134450: uvm_test_top.tb.hbus.monitor [hbus_monitor] transaction collected :
------------------------------------------------------------
Name                  Type                  Size  Value     
------------------------------------------------------------
tr_collect            hbus_transaction      -     @11437    
  haddr               integral              16    'h11be    
  hdata               integral              8     'hbe      
  hwr_rd              hbus_read_write_enum  1     HBUS_WRITE
  wait_between_cycle  integral              32    'h0       
  begin_time          time                  64    134350    
  end_time            time                  64    134450    
------------------------------------------------------------

UVM_INFO ../../hbus/sv/hbus_monitor.sv(109) @ 134650: uvm_test_top.tb.hbus.monitor [hbus_monitor] transaction collected :
------------------------------------------------------------
Name                  Type                  Size  Value     
------------------------------------------------------------
tr_collect            hbus_transaction      -     @11437    
  haddr               integral              16    'h11c0    
  hdata               integral              8     'h3f      
  hwr_rd              hbus_read_write_enum  1     HBUS_WRITE
  wait_between_cycle  integral              32    'h0       
  begin_time          time                  64    134550    
  end_time            time                  64    134650    
------------------------------------------------------------

UVM_INFO ../../hbus/sv/hbus_monitor.sv(109) @ 134950: uvm_test_top.tb.hbus.monitor [hbus_monitor] transaction collected :
-----------------------------------------------------------
Name                  Type                  Size  Value    
-----------------------------------------------------------
tr_collect            hbus_transaction      -     @11437   
  haddr               integral              16    'h11bf   
  hdata               integral              8     'h40     
  hwr_rd              hbus_read_write_enum  1     HBUS_READ
  wait_between_cycle  integral              32    'h0      
  begin_time          time                  64    134750   
  end_time            time                  64    134950   
-----------------------------------------------------------

UVM_INFO ../../hbus/sv/hbus_monitor.sv(109) @ 135150: uvm_test_top.tb.hbus.monitor [hbus_monitor] transaction collected :
------------------------------------------------------------
Name                  Type                  Size  Value     
------------------------------------------------------------
tr_collect            hbus_transaction      -     @11437    
  haddr               integral              16    'h11bf    
  hdata               integral              8     'hbf      
  hwr_rd              hbus_read_write_enum  1     HBUS_WRITE
  wait_between_cycle  integral              32    'h0       
  begin_time          time                  64    135050    
  end_time            time                  64    135150    
------------------------------------------------------------

UVM_INFO ../../hbus/sv/hbus_monitor.sv(109) @ 135350: uvm_test_top.tb.hbus.monitor [hbus_monitor] transaction collected :
------------------------------------------------------------
Name                  Type                  Size  Value     
------------------------------------------------------------
tr_collect            hbus_transaction      -     @11437    
  haddr               integral              16    'h11c1    
  hdata               integral              8     'h3e      
  hwr_rd              hbus_read_write_enum  1     HBUS_WRITE
  wait_between_cycle  integral              32    'h0       
  begin_time          time                  64    135250    
  end_time            time                  64    135350    
------------------------------------------------------------

UVM_INFO ../../hbus/sv/hbus_monitor.sv(109) @ 135650: uvm_test_top.tb.hbus.monitor [hbus_monitor] transaction collected :
-----------------------------------------------------------
Name                  Type                  Size  Value    
-----------------------------------------------------------
tr_collect            hbus_transaction      -     @11437   
  haddr               integral              16    'h11c0   
  hdata               integral              8     'h3f     
  hwr_rd              hbus_read_write_enum  1     HBUS_READ
  wait_between_cycle  integral              32    'h0      
  begin_time          time                  64    135450   
  end_time            time                  64    135650   
-----------------------------------------------------------

UVM_INFO ../../hbus/sv/hbus_monitor.sv(109) @ 135850: uvm_test_top.tb.hbus.monitor [hbus_monitor] transaction collected :
------------------------------------------------------------
Name                  Type                  Size  Value     
------------------------------------------------------------
tr_collect            hbus_transaction      -     @11437    
  haddr               integral              16    'h11c0    
  hdata               integral              8     'hc0      
  hwr_rd              hbus_read_write_enum  1     HBUS_WRITE
  wait_between_cycle  integral              32    'h0       
  begin_time          time                  64    135750    
  end_time            time                  64    135850    
------------------------------------------------------------

UVM_INFO ../../hbus/sv/hbus_monitor.sv(109) @ 136050: uvm_test_top.tb.hbus.monitor [hbus_monitor] transaction collected :
------------------------------------------------------------
Name                  Type                  Size  Value     
------------------------------------------------------------
tr_collect            hbus_transaction      -     @11437    
  haddr               integral              16    'h11c2    
  hdata               integral              8     'h3d      
  hwr_rd              hbus_read_write_enum  1     HBUS_WRITE
  wait_between_cycle  integral              32    'h0       
  begin_time          time                  64    135950    
  end_time            time                  64    136050    
------------------------------------------------------------

UVM_INFO ../../hbus/sv/hbus_monitor.sv(109) @ 136350: uvm_test_top.tb.hbus.monitor [hbus_monitor] transaction collected :
-----------------------------------------------------------
Name                  Type                  Size  Value    
-----------------------------------------------------------
tr_collect            hbus_transaction      -     @11437   
  haddr               integral              16    'h11c1   
  hdata               integral              8     'h3e     
  hwr_rd              hbus_read_write_enum  1     HBUS_READ
  wait_between_cycle  integral              32    'h0      
  begin_time          time                  64    136150   
  end_time            time                  64    136350   
-----------------------------------------------------------

UVM_INFO ../../hbus/sv/hbus_monitor.sv(109) @ 136550: uvm_test_top.tb.hbus.monitor [hbus_monitor] transaction collected :
------------------------------------------------------------
Name                  Type                  Size  Value     
------------------------------------------------------------
tr_collect            hbus_transaction      -     @11437    
  haddr               integral              16    'h11c1    
  hdata               integral              8     'hc1      
  hwr_rd              hbus_read_write_enum  1     HBUS_WRITE
  wait_between_cycle  integral              32    'h0       
  begin_time          time                  64    136450    
  end_time            time                  64    136550    
------------------------------------------------------------

UVM_INFO ../../hbus/sv/hbus_monitor.sv(109) @ 136750: uvm_test_top.tb.hbus.monitor [hbus_monitor] transaction collected :
------------------------------------------------------------
Name                  Type                  Size  Value     
------------------------------------------------------------
tr_collect            hbus_transaction      -     @11437    
  haddr               integral              16    'h11c3    
  hdata               integral              8     'h3c      
  hwr_rd              hbus_read_write_enum  1     HBUS_WRITE
  wait_between_cycle  integral              32    'h0       
  begin_time          time                  64    136650    
  end_time            time                  64    136750    
------------------------------------------------------------

UVM_INFO ../../hbus/sv/hbus_monitor.sv(109) @ 137050: uvm_test_top.tb.hbus.monitor [hbus_monitor] transaction collected :
-----------------------------------------------------------
Name                  Type                  Size  Value    
-----------------------------------------------------------
tr_collect            hbus_transaction      -     @11437   
  haddr               integral              16    'h11c2   
  hdata               integral              8     'h3d     
  hwr_rd              hbus_read_write_enum  1     HBUS_READ
  wait_between_cycle  integral              32    'h0      
  begin_time          time                  64    136850   
  end_time            time                  64    137050   
-----------------------------------------------------------

UVM_INFO ../../hbus/sv/hbus_monitor.sv(109) @ 137250: uvm_test_top.tb.hbus.monitor [hbus_monitor] transaction collected :
------------------------------------------------------------
Name                  Type                  Size  Value     
------------------------------------------------------------
tr_collect            hbus_transaction      -     @11437    
  haddr               integral              16    'h11c2    
  hdata               integral              8     'hc2      
  hwr_rd              hbus_read_write_enum  1     HBUS_WRITE
  wait_between_cycle  integral              32    'h0       
  begin_time          time                  64    137150    
  end_time            time                  64    137250    
------------------------------------------------------------

UVM_INFO ../../hbus/sv/hbus_monitor.sv(109) @ 137450: uvm_test_top.tb.hbus.monitor [hbus_monitor] transaction collected :
------------------------------------------------------------
Name                  Type                  Size  Value     
------------------------------------------------------------
tr_collect            hbus_transaction      -     @11437    
  haddr               integral              16    'h11c4    
  hdata               integral              8     'h3b      
  hwr_rd              hbus_read_write_enum  1     HBUS_WRITE
  wait_between_cycle  integral              32    'h0       
  begin_time          time                  64    137350    
  end_time            time                  64    137450    
------------------------------------------------------------

UVM_INFO ../../hbus/sv/hbus_monitor.sv(109) @ 137750: uvm_test_top.tb.hbus.monitor [hbus_monitor] transaction collected :
-----------------------------------------------------------
Name                  Type                  Size  Value    
-----------------------------------------------------------
tr_collect            hbus_transaction      -     @11437   
  haddr               integral              16    'h11c3   
  hdata               integral              8     'h3c     
  hwr_rd              hbus_read_write_enum  1     HBUS_READ
  wait_between_cycle  integral              32    'h0      
  begin_time          time                  64    137550   
  end_time            time                  64    137750   
-----------------------------------------------------------

UVM_INFO ../../hbus/sv/hbus_monitor.sv(109) @ 137950: uvm_test_top.tb.hbus.monitor [hbus_monitor] transaction collected :
------------------------------------------------------------
Name                  Type                  Size  Value     
------------------------------------------------------------
tr_collect            hbus_transaction      -     @11437    
  haddr               integral              16    'h11c3    
  hdata               integral              8     'hc3      
  hwr_rd              hbus_read_write_enum  1     HBUS_WRITE
  wait_between_cycle  integral              32    'h0       
  begin_time          time                  64    137850    
  end_time            time                  64    137950    
------------------------------------------------------------

UVM_INFO ../../hbus/sv/hbus_monitor.sv(109) @ 138150: uvm_test_top.tb.hbus.monitor [hbus_monitor] transaction collected :
------------------------------------------------------------
Name                  Type                  Size  Value     
------------------------------------------------------------
tr_collect            hbus_transaction      -     @11437    
  haddr               integral              16    'h11c5    
  hdata               integral              8     'h3a      
  hwr_rd              hbus_read_write_enum  1     HBUS_WRITE
  wait_between_cycle  integral              32    'h0       
  begin_time          time                  64    138050    
  end_time            time                  64    138150    
------------------------------------------------------------

UVM_INFO ../../hbus/sv/hbus_monitor.sv(109) @ 138450: uvm_test_top.tb.hbus.monitor [hbus_monitor] transaction collected :
-----------------------------------------------------------
Name                  Type                  Size  Value    
-----------------------------------------------------------
tr_collect            hbus_transaction      -     @11437   
  haddr               integral              16    'h11c4   
  hdata               integral              8     'h3b     
  hwr_rd              hbus_read_write_enum  1     HBUS_READ
  wait_between_cycle  integral              32    'h0      
  begin_time          time                  64    138250   
  end_time            time                  64    138450   
-----------------------------------------------------------

UVM_INFO ../../hbus/sv/hbus_monitor.sv(109) @ 138650: uvm_test_top.tb.hbus.monitor [hbus_monitor] transaction collected :
------------------------------------------------------------
Name                  Type                  Size  Value     
------------------------------------------------------------
tr_collect            hbus_transaction      -     @11437    
  haddr               integral              16    'h11c4    
  hdata               integral              8     'hc4      
  hwr_rd              hbus_read_write_enum  1     HBUS_WRITE
  wait_between_cycle  integral              32    'h0       
  begin_time          time                  64    138550    
  end_time            time                  64    138650    
------------------------------------------------------------

UVM_INFO ../../hbus/sv/hbus_monitor.sv(109) @ 138850: uvm_test_top.tb.hbus.monitor [hbus_monitor] transaction collected :
------------------------------------------------------------
Name                  Type                  Size  Value     
------------------------------------------------------------
tr_collect            hbus_transaction      -     @11437    
  haddr               integral              16    'h11c6    
  hdata               integral              8     'h39      
  hwr_rd              hbus_read_write_enum  1     HBUS_WRITE
  wait_between_cycle  integral              32    'h0       
  begin_time          time                  64    138750    
  end_time            time                  64    138850    
------------------------------------------------------------

UVM_INFO ../../hbus/sv/hbus_monitor.sv(109) @ 139150: uvm_test_top.tb.hbus.monitor [hbus_monitor] transaction collected :
-----------------------------------------------------------
Name                  Type                  Size  Value    
-----------------------------------------------------------
tr_collect            hbus_transaction      -     @11437   
  haddr               integral              16    'h11c5   
  hdata               integral              8     'h3a     
  hwr_rd              hbus_read_write_enum  1     HBUS_READ
  wait_between_cycle  integral              32    'h0      
  begin_time          time                  64    138950   
  end_time            time                  64    139150   
-----------------------------------------------------------

UVM_INFO ../../hbus/sv/hbus_monitor.sv(109) @ 139350: uvm_test_top.tb.hbus.monitor [hbus_monitor] transaction collected :
------------------------------------------------------------
Name                  Type                  Size  Value     
------------------------------------------------------------
tr_collect            hbus_transaction      -     @11437    
  haddr               integral              16    'h11c5    
  hdata               integral              8     'hc5      
  hwr_rd              hbus_read_write_enum  1     HBUS_WRITE
  wait_between_cycle  integral              32    'h0       
  begin_time          time                  64    139250    
  end_time            time                  64    139350    
------------------------------------------------------------

UVM_INFO ../../hbus/sv/hbus_monitor.sv(109) @ 139550: uvm_test_top.tb.hbus.monitor [hbus_monitor] transaction collected :
------------------------------------------------------------
Name                  Type                  Size  Value     
------------------------------------------------------------
tr_collect            hbus_transaction      -     @11437    
  haddr               integral              16    'h11c7    
  hdata               integral              8     'h38      
  hwr_rd              hbus_read_write_enum  1     HBUS_WRITE
  wait_between_cycle  integral              32    'h0       
  begin_time          time                  64    139450    
  end_time            time                  64    139550    
------------------------------------------------------------

UVM_INFO ../../hbus/sv/hbus_monitor.sv(109) @ 139850: uvm_test_top.tb.hbus.monitor [hbus_monitor] transaction collected :
-----------------------------------------------------------
Name                  Type                  Size  Value    
-----------------------------------------------------------
tr_collect            hbus_transaction      -     @11437   
  haddr               integral              16    'h11c6   
  hdata               integral              8     'h39     
  hwr_rd              hbus_read_write_enum  1     HBUS_READ
  wait_between_cycle  integral              32    'h0      
  begin_time          time                  64    139650   
  end_time            time                  64    139850   
-----------------------------------------------------------

UVM_INFO ../../hbus/sv/hbus_monitor.sv(109) @ 140050: uvm_test_top.tb.hbus.monitor [hbus_monitor] transaction collected :
------------------------------------------------------------
Name                  Type                  Size  Value     
------------------------------------------------------------
tr_collect            hbus_transaction      -     @11437    
  haddr               integral              16    'h11c6    
  hdata               integral              8     'hc6      
  hwr_rd              hbus_read_write_enum  1     HBUS_WRITE
  wait_between_cycle  integral              32    'h0       
  begin_time          time                  64    139950    
  end_time            time                  64    140050    
------------------------------------------------------------

UVM_INFO ../../hbus/sv/hbus_monitor.sv(109) @ 140250: uvm_test_top.tb.hbus.monitor [hbus_monitor] transaction collected :
------------------------------------------------------------
Name                  Type                  Size  Value     
------------------------------------------------------------
tr_collect            hbus_transaction      -     @11437    
  haddr               integral              16    'h11c8    
  hdata               integral              8     'h37      
  hwr_rd              hbus_read_write_enum  1     HBUS_WRITE
  wait_between_cycle  integral              32    'h0       
  begin_time          time                  64    140150    
  end_time            time                  64    140250    
------------------------------------------------------------

UVM_INFO ../../hbus/sv/hbus_monitor.sv(109) @ 140550: uvm_test_top.tb.hbus.monitor [hbus_monitor] transaction collected :
-----------------------------------------------------------
Name                  Type                  Size  Value    
-----------------------------------------------------------
tr_collect            hbus_transaction      -     @11437   
  haddr               integral              16    'h11c7   
  hdata               integral              8     'h38     
  hwr_rd              hbus_read_write_enum  1     HBUS_READ
  wait_between_cycle  integral              32    'h0      
  begin_time          time                  64    140350   
  end_time            time                  64    140550   
-----------------------------------------------------------

UVM_INFO ../../hbus/sv/hbus_monitor.sv(109) @ 140750: uvm_test_top.tb.hbus.monitor [hbus_monitor] transaction collected :
------------------------------------------------------------
Name                  Type                  Size  Value     
------------------------------------------------------------
tr_collect            hbus_transaction      -     @11437    
  haddr               integral              16    'h11c7    
  hdata               integral              8     'hc7      
  hwr_rd              hbus_read_write_enum  1     HBUS_WRITE
  wait_between_cycle  integral              32    'h0       
  begin_time          time                  64    140650    
  end_time            time                  64    140750    
------------------------------------------------------------

UVM_INFO ../../hbus/sv/hbus_monitor.sv(109) @ 140950: uvm_test_top.tb.hbus.monitor [hbus_monitor] transaction collected :
------------------------------------------------------------
Name                  Type                  Size  Value     
------------------------------------------------------------
tr_collect            hbus_transaction      -     @11437    
  haddr               integral              16    'h11c9    
  hdata               integral              8     'h36      
  hwr_rd              hbus_read_write_enum  1     HBUS_WRITE
  wait_between_cycle  integral              32    'h0       
  begin_time          time                  64    140850    
  end_time            time                  64    140950    
------------------------------------------------------------

UVM_INFO ../../hbus/sv/hbus_monitor.sv(109) @ 141250: uvm_test_top.tb.hbus.monitor [hbus_monitor] transaction collected :
-----------------------------------------------------------
Name                  Type                  Size  Value    
-----------------------------------------------------------
tr_collect            hbus_transaction      -     @11437   
  haddr               integral              16    'h11c8   
  hdata               integral              8     'h37     
  hwr_rd              hbus_read_write_enum  1     HBUS_READ
  wait_between_cycle  integral              32    'h0      
  begin_time          time                  64    141050   
  end_time            time                  64    141250   
-----------------------------------------------------------

UVM_INFO ../../hbus/sv/hbus_monitor.sv(109) @ 141450: uvm_test_top.tb.hbus.monitor [hbus_monitor] transaction collected :
------------------------------------------------------------
Name                  Type                  Size  Value     
------------------------------------------------------------
tr_collect            hbus_transaction      -     @11437    
  haddr               integral              16    'h11c8    
  hdata               integral              8     'hc8      
  hwr_rd              hbus_read_write_enum  1     HBUS_WRITE
  wait_between_cycle  integral              32    'h0       
  begin_time          time                  64    141350    
  end_time            time                  64    141450    
------------------------------------------------------------

UVM_INFO ../../hbus/sv/hbus_monitor.sv(109) @ 141650: uvm_test_top.tb.hbus.monitor [hbus_monitor] transaction collected :
------------------------------------------------------------
Name                  Type                  Size  Value     
------------------------------------------------------------
tr_collect            hbus_transaction      -     @11437    
  haddr               integral              16    'h11ca    
  hdata               integral              8     'h35      
  hwr_rd              hbus_read_write_enum  1     HBUS_WRITE
  wait_between_cycle  integral              32    'h0       
  begin_time          time                  64    141550    
  end_time            time                  64    141650    
------------------------------------------------------------

UVM_INFO ../../hbus/sv/hbus_monitor.sv(109) @ 141950: uvm_test_top.tb.hbus.monitor [hbus_monitor] transaction collected :
-----------------------------------------------------------
Name                  Type                  Size  Value    
-----------------------------------------------------------
tr_collect            hbus_transaction      -     @11437   
  haddr               integral              16    'h11c9   
  hdata               integral              8     'h36     
  hwr_rd              hbus_read_write_enum  1     HBUS_READ
  wait_between_cycle  integral              32    'h0      
  begin_time          time                  64    141750   
  end_time            time                  64    141950   
-----------------------------------------------------------

UVM_INFO ../../hbus/sv/hbus_monitor.sv(109) @ 142150: uvm_test_top.tb.hbus.monitor [hbus_monitor] transaction collected :
------------------------------------------------------------
Name                  Type                  Size  Value     
------------------------------------------------------------
tr_collect            hbus_transaction      -     @11437    
  haddr               integral              16    'h11c9    
  hdata               integral              8     'hc9      
  hwr_rd              hbus_read_write_enum  1     HBUS_WRITE
  wait_between_cycle  integral              32    'h0       
  begin_time          time                  64    142050    
  end_time            time                  64    142150    
------------------------------------------------------------

UVM_INFO ../../hbus/sv/hbus_monitor.sv(109) @ 142350: uvm_test_top.tb.hbus.monitor [hbus_monitor] transaction collected :
------------------------------------------------------------
Name                  Type                  Size  Value     
------------------------------------------------------------
tr_collect            hbus_transaction      -     @11437    
  haddr               integral              16    'h11cb    
  hdata               integral              8     'h34      
  hwr_rd              hbus_read_write_enum  1     HBUS_WRITE
  wait_between_cycle  integral              32    'h0       
  begin_time          time                  64    142250    
  end_time            time                  64    142350    
------------------------------------------------------------

UVM_INFO ../../hbus/sv/hbus_monitor.sv(109) @ 142650: uvm_test_top.tb.hbus.monitor [hbus_monitor] transaction collected :
-----------------------------------------------------------
Name                  Type                  Size  Value    
-----------------------------------------------------------
tr_collect            hbus_transaction      -     @11437   
  haddr               integral              16    'h11ca   
  hdata               integral              8     'h35     
  hwr_rd              hbus_read_write_enum  1     HBUS_READ
  wait_between_cycle  integral              32    'h0      
  begin_time          time                  64    142450   
  end_time            time                  64    142650   
-----------------------------------------------------------

UVM_INFO ../../hbus/sv/hbus_monitor.sv(109) @ 142850: uvm_test_top.tb.hbus.monitor [hbus_monitor] transaction collected :
------------------------------------------------------------
Name                  Type                  Size  Value     
------------------------------------------------------------
tr_collect            hbus_transaction      -     @11437    
  haddr               integral              16    'h11ca    
  hdata               integral              8     'hca      
  hwr_rd              hbus_read_write_enum  1     HBUS_WRITE
  wait_between_cycle  integral              32    'h0       
  begin_time          time                  64    142750    
  end_time            time                  64    142850    
------------------------------------------------------------

UVM_INFO ../../hbus/sv/hbus_monitor.sv(109) @ 143050: uvm_test_top.tb.hbus.monitor [hbus_monitor] transaction collected :
------------------------------------------------------------
Name                  Type                  Size  Value     
------------------------------------------------------------
tr_collect            hbus_transaction      -     @11437    
  haddr               integral              16    'h11cc    
  hdata               integral              8     'h33      
  hwr_rd              hbus_read_write_enum  1     HBUS_WRITE
  wait_between_cycle  integral              32    'h0       
  begin_time          time                  64    142950    
  end_time            time                  64    143050    
------------------------------------------------------------

UVM_INFO ../../hbus/sv/hbus_monitor.sv(109) @ 143350: uvm_test_top.tb.hbus.monitor [hbus_monitor] transaction collected :
-----------------------------------------------------------
Name                  Type                  Size  Value    
-----------------------------------------------------------
tr_collect            hbus_transaction      -     @11437   
  haddr               integral              16    'h11cb   
  hdata               integral              8     'h34     
  hwr_rd              hbus_read_write_enum  1     HBUS_READ
  wait_between_cycle  integral              32    'h0      
  begin_time          time                  64    143150   
  end_time            time                  64    143350   
-----------------------------------------------------------

UVM_INFO ../../hbus/sv/hbus_monitor.sv(109) @ 143550: uvm_test_top.tb.hbus.monitor [hbus_monitor] transaction collected :
------------------------------------------------------------
Name                  Type                  Size  Value     
------------------------------------------------------------
tr_collect            hbus_transaction      -     @11437    
  haddr               integral              16    'h11cb    
  hdata               integral              8     'hcb      
  hwr_rd              hbus_read_write_enum  1     HBUS_WRITE
  wait_between_cycle  integral              32    'h0       
  begin_time          time                  64    143450    
  end_time            time                  64    143550    
------------------------------------------------------------

UVM_INFO ../../hbus/sv/hbus_monitor.sv(109) @ 143750: uvm_test_top.tb.hbus.monitor [hbus_monitor] transaction collected :
------------------------------------------------------------
Name                  Type                  Size  Value     
------------------------------------------------------------
tr_collect            hbus_transaction      -     @11437    
  haddr               integral              16    'h11cd    
  hdata               integral              8     'h32      
  hwr_rd              hbus_read_write_enum  1     HBUS_WRITE
  wait_between_cycle  integral              32    'h0       
  begin_time          time                  64    143650    
  end_time            time                  64    143750    
------------------------------------------------------------

UVM_INFO ../../hbus/sv/hbus_monitor.sv(109) @ 144050: uvm_test_top.tb.hbus.monitor [hbus_monitor] transaction collected :
-----------------------------------------------------------
Name                  Type                  Size  Value    
-----------------------------------------------------------
tr_collect            hbus_transaction      -     @11437   
  haddr               integral              16    'h11cc   
  hdata               integral              8     'h33     
  hwr_rd              hbus_read_write_enum  1     HBUS_READ
  wait_between_cycle  integral              32    'h0      
  begin_time          time                  64    143850   
  end_time            time                  64    144050   
-----------------------------------------------------------

UVM_INFO ../../hbus/sv/hbus_monitor.sv(109) @ 144250: uvm_test_top.tb.hbus.monitor [hbus_monitor] transaction collected :
------------------------------------------------------------
Name                  Type                  Size  Value     
------------------------------------------------------------
tr_collect            hbus_transaction      -     @11437    
  haddr               integral              16    'h11cc    
  hdata               integral              8     'hcc      
  hwr_rd              hbus_read_write_enum  1     HBUS_WRITE
  wait_between_cycle  integral              32    'h0       
  begin_time          time                  64    144150    
  end_time            time                  64    144250    
------------------------------------------------------------

UVM_INFO ../../hbus/sv/hbus_monitor.sv(109) @ 144450: uvm_test_top.tb.hbus.monitor [hbus_monitor] transaction collected :
------------------------------------------------------------
Name                  Type                  Size  Value     
------------------------------------------------------------
tr_collect            hbus_transaction      -     @11437    
  haddr               integral              16    'h11ce    
  hdata               integral              8     'h31      
  hwr_rd              hbus_read_write_enum  1     HBUS_WRITE
  wait_between_cycle  integral              32    'h0       
  begin_time          time                  64    144350    
  end_time            time                  64    144450    
------------------------------------------------------------

UVM_INFO ../../hbus/sv/hbus_monitor.sv(109) @ 144750: uvm_test_top.tb.hbus.monitor [hbus_monitor] transaction collected :
-----------------------------------------------------------
Name                  Type                  Size  Value    
-----------------------------------------------------------
tr_collect            hbus_transaction      -     @11437   
  haddr               integral              16    'h11cd   
  hdata               integral              8     'h32     
  hwr_rd              hbus_read_write_enum  1     HBUS_READ
  wait_between_cycle  integral              32    'h0      
  begin_time          time                  64    144550   
  end_time            time                  64    144750   
-----------------------------------------------------------

UVM_INFO ../../hbus/sv/hbus_monitor.sv(109) @ 144950: uvm_test_top.tb.hbus.monitor [hbus_monitor] transaction collected :
------------------------------------------------------------
Name                  Type                  Size  Value     
------------------------------------------------------------
tr_collect            hbus_transaction      -     @11437    
  haddr               integral              16    'h11cd    
  hdata               integral              8     'hcd      
  hwr_rd              hbus_read_write_enum  1     HBUS_WRITE
  wait_between_cycle  integral              32    'h0       
  begin_time          time                  64    144850    
  end_time            time                  64    144950    
------------------------------------------------------------

UVM_INFO ../../hbus/sv/hbus_monitor.sv(109) @ 145150: uvm_test_top.tb.hbus.monitor [hbus_monitor] transaction collected :
------------------------------------------------------------
Name                  Type                  Size  Value     
------------------------------------------------------------
tr_collect            hbus_transaction      -     @11437    
  haddr               integral              16    'h11cf    
  hdata               integral              8     'h30      
  hwr_rd              hbus_read_write_enum  1     HBUS_WRITE
  wait_between_cycle  integral              32    'h0       
  begin_time          time                  64    145050    
  end_time            time                  64    145150    
------------------------------------------------------------

UVM_INFO ../../hbus/sv/hbus_monitor.sv(109) @ 145450: uvm_test_top.tb.hbus.monitor [hbus_monitor] transaction collected :
-----------------------------------------------------------
Name                  Type                  Size  Value    
-----------------------------------------------------------
tr_collect            hbus_transaction      -     @11437   
  haddr               integral              16    'h11ce   
  hdata               integral              8     'h31     
  hwr_rd              hbus_read_write_enum  1     HBUS_READ
  wait_between_cycle  integral              32    'h0      
  begin_time          time                  64    145250   
  end_time            time                  64    145450   
-----------------------------------------------------------

UVM_INFO ../../hbus/sv/hbus_monitor.sv(109) @ 145650: uvm_test_top.tb.hbus.monitor [hbus_monitor] transaction collected :
------------------------------------------------------------
Name                  Type                  Size  Value     
------------------------------------------------------------
tr_collect            hbus_transaction      -     @11437    
  haddr               integral              16    'h11ce    
  hdata               integral              8     'hce      
  hwr_rd              hbus_read_write_enum  1     HBUS_WRITE
  wait_between_cycle  integral              32    'h0       
  begin_time          time                  64    145550    
  end_time            time                  64    145650    
------------------------------------------------------------

UVM_INFO ../../hbus/sv/hbus_monitor.sv(109) @ 145850: uvm_test_top.tb.hbus.monitor [hbus_monitor] transaction collected :
------------------------------------------------------------
Name                  Type                  Size  Value     
------------------------------------------------------------
tr_collect            hbus_transaction      -     @11437    
  haddr               integral              16    'h11d0    
  hdata               integral              8     'h2f      
  hwr_rd              hbus_read_write_enum  1     HBUS_WRITE
  wait_between_cycle  integral              32    'h0       
  begin_time          time                  64    145750    
  end_time            time                  64    145850    
------------------------------------------------------------

UVM_INFO ../../hbus/sv/hbus_monitor.sv(109) @ 146150: uvm_test_top.tb.hbus.monitor [hbus_monitor] transaction collected :
-----------------------------------------------------------
Name                  Type                  Size  Value    
-----------------------------------------------------------
tr_collect            hbus_transaction      -     @11437   
  haddr               integral              16    'h11cf   
  hdata               integral              8     'h30     
  hwr_rd              hbus_read_write_enum  1     HBUS_READ
  wait_between_cycle  integral              32    'h0      
  begin_time          time                  64    145950   
  end_time            time                  64    146150   
-----------------------------------------------------------

UVM_INFO ../../hbus/sv/hbus_monitor.sv(109) @ 146350: uvm_test_top.tb.hbus.monitor [hbus_monitor] transaction collected :
------------------------------------------------------------
Name                  Type                  Size  Value     
------------------------------------------------------------
tr_collect            hbus_transaction      -     @11437    
  haddr               integral              16    'h11cf    
  hdata               integral              8     'hcf      
  hwr_rd              hbus_read_write_enum  1     HBUS_WRITE
  wait_between_cycle  integral              32    'h0       
  begin_time          time                  64    146250    
  end_time            time                  64    146350    
------------------------------------------------------------

UVM_INFO ../../hbus/sv/hbus_monitor.sv(109) @ 146550: uvm_test_top.tb.hbus.monitor [hbus_monitor] transaction collected :
------------------------------------------------------------
Name                  Type                  Size  Value     
------------------------------------------------------------
tr_collect            hbus_transaction      -     @11437    
  haddr               integral              16    'h11d1    
  hdata               integral              8     'h2e      
  hwr_rd              hbus_read_write_enum  1     HBUS_WRITE
  wait_between_cycle  integral              32    'h0       
  begin_time          time                  64    146450    
  end_time            time                  64    146550    
------------------------------------------------------------

UVM_INFO ../../hbus/sv/hbus_monitor.sv(109) @ 146850: uvm_test_top.tb.hbus.monitor [hbus_monitor] transaction collected :
-----------------------------------------------------------
Name                  Type                  Size  Value    
-----------------------------------------------------------
tr_collect            hbus_transaction      -     @11437   
  haddr               integral              16    'h11d0   
  hdata               integral              8     'h2f     
  hwr_rd              hbus_read_write_enum  1     HBUS_READ
  wait_between_cycle  integral              32    'h0      
  begin_time          time                  64    146650   
  end_time            time                  64    146850   
-----------------------------------------------------------

UVM_INFO ../../hbus/sv/hbus_monitor.sv(109) @ 147050: uvm_test_top.tb.hbus.monitor [hbus_monitor] transaction collected :
------------------------------------------------------------
Name                  Type                  Size  Value     
------------------------------------------------------------
tr_collect            hbus_transaction      -     @11437    
  haddr               integral              16    'h11d0    
  hdata               integral              8     'hd0      
  hwr_rd              hbus_read_write_enum  1     HBUS_WRITE
  wait_between_cycle  integral              32    'h0       
  begin_time          time                  64    146950    
  end_time            time                  64    147050    
------------------------------------------------------------

UVM_INFO ../../hbus/sv/hbus_monitor.sv(109) @ 147250: uvm_test_top.tb.hbus.monitor [hbus_monitor] transaction collected :
------------------------------------------------------------
Name                  Type                  Size  Value     
------------------------------------------------------------
tr_collect            hbus_transaction      -     @11437    
  haddr               integral              16    'h11d2    
  hdata               integral              8     'h2d      
  hwr_rd              hbus_read_write_enum  1     HBUS_WRITE
  wait_between_cycle  integral              32    'h0       
  begin_time          time                  64    147150    
  end_time            time                  64    147250    
------------------------------------------------------------

UVM_INFO ../../hbus/sv/hbus_monitor.sv(109) @ 147550: uvm_test_top.tb.hbus.monitor [hbus_monitor] transaction collected :
-----------------------------------------------------------
Name                  Type                  Size  Value    
-----------------------------------------------------------
tr_collect            hbus_transaction      -     @11437   
  haddr               integral              16    'h11d1   
  hdata               integral              8     'h2e     
  hwr_rd              hbus_read_write_enum  1     HBUS_READ
  wait_between_cycle  integral              32    'h0      
  begin_time          time                  64    147350   
  end_time            time                  64    147550   
-----------------------------------------------------------

UVM_INFO ../../hbus/sv/hbus_monitor.sv(109) @ 147750: uvm_test_top.tb.hbus.monitor [hbus_monitor] transaction collected :
------------------------------------------------------------
Name                  Type                  Size  Value     
------------------------------------------------------------
tr_collect            hbus_transaction      -     @11437    
  haddr               integral              16    'h11d1    
  hdata               integral              8     'hd1      
  hwr_rd              hbus_read_write_enum  1     HBUS_WRITE
  wait_between_cycle  integral              32    'h0       
  begin_time          time                  64    147650    
  end_time            time                  64    147750    
------------------------------------------------------------

UVM_INFO ../../hbus/sv/hbus_monitor.sv(109) @ 147950: uvm_test_top.tb.hbus.monitor [hbus_monitor] transaction collected :
------------------------------------------------------------
Name                  Type                  Size  Value     
------------------------------------------------------------
tr_collect            hbus_transaction      -     @11437    
  haddr               integral              16    'h11d3    
  hdata               integral              8     'h2c      
  hwr_rd              hbus_read_write_enum  1     HBUS_WRITE
  wait_between_cycle  integral              32    'h0       
  begin_time          time                  64    147850    
  end_time            time                  64    147950    
------------------------------------------------------------

UVM_INFO ../../hbus/sv/hbus_monitor.sv(109) @ 148250: uvm_test_top.tb.hbus.monitor [hbus_monitor] transaction collected :
-----------------------------------------------------------
Name                  Type                  Size  Value    
-----------------------------------------------------------
tr_collect            hbus_transaction      -     @11437   
  haddr               integral              16    'h11d2   
  hdata               integral              8     'h2d     
  hwr_rd              hbus_read_write_enum  1     HBUS_READ
  wait_between_cycle  integral              32    'h0      
  begin_time          time                  64    148050   
  end_time            time                  64    148250   
-----------------------------------------------------------

UVM_INFO ../../hbus/sv/hbus_monitor.sv(109) @ 148450: uvm_test_top.tb.hbus.monitor [hbus_monitor] transaction collected :
------------------------------------------------------------
Name                  Type                  Size  Value     
------------------------------------------------------------
tr_collect            hbus_transaction      -     @11437    
  haddr               integral              16    'h11d2    
  hdata               integral              8     'hd2      
  hwr_rd              hbus_read_write_enum  1     HBUS_WRITE
  wait_between_cycle  integral              32    'h0       
  begin_time          time                  64    148350    
  end_time            time                  64    148450    
------------------------------------------------------------

UVM_INFO ../../hbus/sv/hbus_monitor.sv(109) @ 148650: uvm_test_top.tb.hbus.monitor [hbus_monitor] transaction collected :
------------------------------------------------------------
Name                  Type                  Size  Value     
------------------------------------------------------------
tr_collect            hbus_transaction      -     @11437    
  haddr               integral              16    'h11d4    
  hdata               integral              8     'h2b      
  hwr_rd              hbus_read_write_enum  1     HBUS_WRITE
  wait_between_cycle  integral              32    'h0       
  begin_time          time                  64    148550    
  end_time            time                  64    148650    
------------------------------------------------------------

UVM_INFO ../../hbus/sv/hbus_monitor.sv(109) @ 148950: uvm_test_top.tb.hbus.monitor [hbus_monitor] transaction collected :
-----------------------------------------------------------
Name                  Type                  Size  Value    
-----------------------------------------------------------
tr_collect            hbus_transaction      -     @11437   
  haddr               integral              16    'h11d3   
  hdata               integral              8     'h2c     
  hwr_rd              hbus_read_write_enum  1     HBUS_READ
  wait_between_cycle  integral              32    'h0      
  begin_time          time                  64    148750   
  end_time            time                  64    148950   
-----------------------------------------------------------

UVM_INFO ../../hbus/sv/hbus_monitor.sv(109) @ 149150: uvm_test_top.tb.hbus.monitor [hbus_monitor] transaction collected :
------------------------------------------------------------
Name                  Type                  Size  Value     
------------------------------------------------------------
tr_collect            hbus_transaction      -     @11437    
  haddr               integral              16    'h11d3    
  hdata               integral              8     'hd3      
  hwr_rd              hbus_read_write_enum  1     HBUS_WRITE
  wait_between_cycle  integral              32    'h0       
  begin_time          time                  64    149050    
  end_time            time                  64    149150    
------------------------------------------------------------

UVM_INFO ../../hbus/sv/hbus_monitor.sv(109) @ 149350: uvm_test_top.tb.hbus.monitor [hbus_monitor] transaction collected :
------------------------------------------------------------
Name                  Type                  Size  Value     
------------------------------------------------------------
tr_collect            hbus_transaction      -     @11437    
  haddr               integral              16    'h11d5    
  hdata               integral              8     'h2a      
  hwr_rd              hbus_read_write_enum  1     HBUS_WRITE
  wait_between_cycle  integral              32    'h0       
  begin_time          time                  64    149250    
  end_time            time                  64    149350    
------------------------------------------------------------

UVM_INFO ../../hbus/sv/hbus_monitor.sv(109) @ 149650: uvm_test_top.tb.hbus.monitor [hbus_monitor] transaction collected :
-----------------------------------------------------------
Name                  Type                  Size  Value    
-----------------------------------------------------------
tr_collect            hbus_transaction      -     @11437   
  haddr               integral              16    'h11d4   
  hdata               integral              8     'h2b     
  hwr_rd              hbus_read_write_enum  1     HBUS_READ
  wait_between_cycle  integral              32    'h0      
  begin_time          time                  64    149450   
  end_time            time                  64    149650   
-----------------------------------------------------------

UVM_INFO ../../hbus/sv/hbus_monitor.sv(109) @ 149850: uvm_test_top.tb.hbus.monitor [hbus_monitor] transaction collected :
------------------------------------------------------------
Name                  Type                  Size  Value     
------------------------------------------------------------
tr_collect            hbus_transaction      -     @11437    
  haddr               integral              16    'h11d4    
  hdata               integral              8     'hd4      
  hwr_rd              hbus_read_write_enum  1     HBUS_WRITE
  wait_between_cycle  integral              32    'h0       
  begin_time          time                  64    149750    
  end_time            time                  64    149850    
------------------------------------------------------------

UVM_INFO ../../hbus/sv/hbus_monitor.sv(109) @ 150050: uvm_test_top.tb.hbus.monitor [hbus_monitor] transaction collected :
------------------------------------------------------------
Name                  Type                  Size  Value     
------------------------------------------------------------
tr_collect            hbus_transaction      -     @11437    
  haddr               integral              16    'h11d6    
  hdata               integral              8     'h29      
  hwr_rd              hbus_read_write_enum  1     HBUS_WRITE
  wait_between_cycle  integral              32    'h0       
  begin_time          time                  64    149950    
  end_time            time                  64    150050    
------------------------------------------------------------

UVM_INFO ../../hbus/sv/hbus_monitor.sv(109) @ 150350: uvm_test_top.tb.hbus.monitor [hbus_monitor] transaction collected :
-----------------------------------------------------------
Name                  Type                  Size  Value    
-----------------------------------------------------------
tr_collect            hbus_transaction      -     @11437   
  haddr               integral              16    'h11d5   
  hdata               integral              8     'h2a     
  hwr_rd              hbus_read_write_enum  1     HBUS_READ
  wait_between_cycle  integral              32    'h0      
  begin_time          time                  64    150150   
  end_time            time                  64    150350   
-----------------------------------------------------------

UVM_INFO ../../hbus/sv/hbus_monitor.sv(109) @ 150550: uvm_test_top.tb.hbus.monitor [hbus_monitor] transaction collected :
------------------------------------------------------------
Name                  Type                  Size  Value     
------------------------------------------------------------
tr_collect            hbus_transaction      -     @11437    
  haddr               integral              16    'h11d5    
  hdata               integral              8     'hd5      
  hwr_rd              hbus_read_write_enum  1     HBUS_WRITE
  wait_between_cycle  integral              32    'h0       
  begin_time          time                  64    150450    
  end_time            time                  64    150550    
------------------------------------------------------------

UVM_INFO ../../hbus/sv/hbus_monitor.sv(109) @ 150750: uvm_test_top.tb.hbus.monitor [hbus_monitor] transaction collected :
------------------------------------------------------------
Name                  Type                  Size  Value     
------------------------------------------------------------
tr_collect            hbus_transaction      -     @11437    
  haddr               integral              16    'h11d7    
  hdata               integral              8     'h28      
  hwr_rd              hbus_read_write_enum  1     HBUS_WRITE
  wait_between_cycle  integral              32    'h0       
  begin_time          time                  64    150650    
  end_time            time                  64    150750    
------------------------------------------------------------

UVM_INFO ../../hbus/sv/hbus_monitor.sv(109) @ 151050: uvm_test_top.tb.hbus.monitor [hbus_monitor] transaction collected :
-----------------------------------------------------------
Name                  Type                  Size  Value    
-----------------------------------------------------------
tr_collect            hbus_transaction      -     @11437   
  haddr               integral              16    'h11d6   
  hdata               integral              8     'h29     
  hwr_rd              hbus_read_write_enum  1     HBUS_READ
  wait_between_cycle  integral              32    'h0      
  begin_time          time                  64    150850   
  end_time            time                  64    151050   
-----------------------------------------------------------

UVM_INFO ../../hbus/sv/hbus_monitor.sv(109) @ 151250: uvm_test_top.tb.hbus.monitor [hbus_monitor] transaction collected :
------------------------------------------------------------
Name                  Type                  Size  Value     
------------------------------------------------------------
tr_collect            hbus_transaction      -     @11437    
  haddr               integral              16    'h11d6    
  hdata               integral              8     'hd6      
  hwr_rd              hbus_read_write_enum  1     HBUS_WRITE
  wait_between_cycle  integral              32    'h0       
  begin_time          time                  64    151150    
  end_time            time                  64    151250    
------------------------------------------------------------

UVM_INFO ../../hbus/sv/hbus_monitor.sv(109) @ 151450: uvm_test_top.tb.hbus.monitor [hbus_monitor] transaction collected :
------------------------------------------------------------
Name                  Type                  Size  Value     
------------------------------------------------------------
tr_collect            hbus_transaction      -     @11437    
  haddr               integral              16    'h11d8    
  hdata               integral              8     'h27      
  hwr_rd              hbus_read_write_enum  1     HBUS_WRITE
  wait_between_cycle  integral              32    'h0       
  begin_time          time                  64    151350    
  end_time            time                  64    151450    
------------------------------------------------------------

UVM_INFO ../../hbus/sv/hbus_monitor.sv(109) @ 151750: uvm_test_top.tb.hbus.monitor [hbus_monitor] transaction collected :
-----------------------------------------------------------
Name                  Type                  Size  Value    
-----------------------------------------------------------
tr_collect            hbus_transaction      -     @11437   
  haddr               integral              16    'h11d7   
  hdata               integral              8     'h28     
  hwr_rd              hbus_read_write_enum  1     HBUS_READ
  wait_between_cycle  integral              32    'h0      
  begin_time          time                  64    151550   
  end_time            time                  64    151750   
-----------------------------------------------------------

UVM_INFO ../../hbus/sv/hbus_monitor.sv(109) @ 151950: uvm_test_top.tb.hbus.monitor [hbus_monitor] transaction collected :
------------------------------------------------------------
Name                  Type                  Size  Value     
------------------------------------------------------------
tr_collect            hbus_transaction      -     @11437    
  haddr               integral              16    'h11d7    
  hdata               integral              8     'hd7      
  hwr_rd              hbus_read_write_enum  1     HBUS_WRITE
  wait_between_cycle  integral              32    'h0       
  begin_time          time                  64    151850    
  end_time            time                  64    151950    
------------------------------------------------------------

UVM_INFO ../../hbus/sv/hbus_monitor.sv(109) @ 152150: uvm_test_top.tb.hbus.monitor [hbus_monitor] transaction collected :
------------------------------------------------------------
Name                  Type                  Size  Value     
------------------------------------------------------------
tr_collect            hbus_transaction      -     @11437    
  haddr               integral              16    'h11d9    
  hdata               integral              8     'h26      
  hwr_rd              hbus_read_write_enum  1     HBUS_WRITE
  wait_between_cycle  integral              32    'h0       
  begin_time          time                  64    152050    
  end_time            time                  64    152150    
------------------------------------------------------------

UVM_INFO ../../hbus/sv/hbus_monitor.sv(109) @ 152450: uvm_test_top.tb.hbus.monitor [hbus_monitor] transaction collected :
-----------------------------------------------------------
Name                  Type                  Size  Value    
-----------------------------------------------------------
tr_collect            hbus_transaction      -     @11437   
  haddr               integral              16    'h11d8   
  hdata               integral              8     'h27     
  hwr_rd              hbus_read_write_enum  1     HBUS_READ
  wait_between_cycle  integral              32    'h0      
  begin_time          time                  64    152250   
  end_time            time                  64    152450   
-----------------------------------------------------------

UVM_INFO ../../hbus/sv/hbus_monitor.sv(109) @ 152650: uvm_test_top.tb.hbus.monitor [hbus_monitor] transaction collected :
------------------------------------------------------------
Name                  Type                  Size  Value     
------------------------------------------------------------
tr_collect            hbus_transaction      -     @11437    
  haddr               integral              16    'h11d8    
  hdata               integral              8     'hd8      
  hwr_rd              hbus_read_write_enum  1     HBUS_WRITE
  wait_between_cycle  integral              32    'h0       
  begin_time          time                  64    152550    
  end_time            time                  64    152650    
------------------------------------------------------------

UVM_INFO ../../hbus/sv/hbus_monitor.sv(109) @ 152850: uvm_test_top.tb.hbus.monitor [hbus_monitor] transaction collected :
------------------------------------------------------------
Name                  Type                  Size  Value     
------------------------------------------------------------
tr_collect            hbus_transaction      -     @11437    
  haddr               integral              16    'h11da    
  hdata               integral              8     'h25      
  hwr_rd              hbus_read_write_enum  1     HBUS_WRITE
  wait_between_cycle  integral              32    'h0       
  begin_time          time                  64    152750    
  end_time            time                  64    152850    
------------------------------------------------------------

UVM_INFO ../../hbus/sv/hbus_monitor.sv(109) @ 153150: uvm_test_top.tb.hbus.monitor [hbus_monitor] transaction collected :
-----------------------------------------------------------
Name                  Type                  Size  Value    
-----------------------------------------------------------
tr_collect            hbus_transaction      -     @11437   
  haddr               integral              16    'h11d9   
  hdata               integral              8     'h26     
  hwr_rd              hbus_read_write_enum  1     HBUS_READ
  wait_between_cycle  integral              32    'h0      
  begin_time          time                  64    152950   
  end_time            time                  64    153150   
-----------------------------------------------------------

UVM_INFO ../../hbus/sv/hbus_monitor.sv(109) @ 153350: uvm_test_top.tb.hbus.monitor [hbus_monitor] transaction collected :
------------------------------------------------------------
Name                  Type                  Size  Value     
------------------------------------------------------------
tr_collect            hbus_transaction      -     @11437    
  haddr               integral              16    'h11d9    
  hdata               integral              8     'hd9      
  hwr_rd              hbus_read_write_enum  1     HBUS_WRITE
  wait_between_cycle  integral              32    'h0       
  begin_time          time                  64    153250    
  end_time            time                  64    153350    
------------------------------------------------------------

UVM_INFO ../../hbus/sv/hbus_monitor.sv(109) @ 153550: uvm_test_top.tb.hbus.monitor [hbus_monitor] transaction collected :
------------------------------------------------------------
Name                  Type                  Size  Value     
------------------------------------------------------------
tr_collect            hbus_transaction      -     @11437    
  haddr               integral              16    'h11db    
  hdata               integral              8     'h24      
  hwr_rd              hbus_read_write_enum  1     HBUS_WRITE
  wait_between_cycle  integral              32    'h0       
  begin_time          time                  64    153450    
  end_time            time                  64    153550    
------------------------------------------------------------

UVM_INFO ../../hbus/sv/hbus_monitor.sv(109) @ 153850: uvm_test_top.tb.hbus.monitor [hbus_monitor] transaction collected :
-----------------------------------------------------------
Name                  Type                  Size  Value    
-----------------------------------------------------------
tr_collect            hbus_transaction      -     @11437   
  haddr               integral              16    'h11da   
  hdata               integral              8     'h25     
  hwr_rd              hbus_read_write_enum  1     HBUS_READ
  wait_between_cycle  integral              32    'h0      
  begin_time          time                  64    153650   
  end_time            time                  64    153850   
-----------------------------------------------------------

UVM_INFO ../../hbus/sv/hbus_monitor.sv(109) @ 154050: uvm_test_top.tb.hbus.monitor [hbus_monitor] transaction collected :
------------------------------------------------------------
Name                  Type                  Size  Value     
------------------------------------------------------------
tr_collect            hbus_transaction      -     @11437    
  haddr               integral              16    'h11da    
  hdata               integral              8     'hda      
  hwr_rd              hbus_read_write_enum  1     HBUS_WRITE
  wait_between_cycle  integral              32    'h0       
  begin_time          time                  64    153950    
  end_time            time                  64    154050    
------------------------------------------------------------

UVM_INFO ../../hbus/sv/hbus_monitor.sv(109) @ 154250: uvm_test_top.tb.hbus.monitor [hbus_monitor] transaction collected :
------------------------------------------------------------
Name                  Type                  Size  Value     
------------------------------------------------------------
tr_collect            hbus_transaction      -     @11437    
  haddr               integral              16    'h11dc    
  hdata               integral              8     'h23      
  hwr_rd              hbus_read_write_enum  1     HBUS_WRITE
  wait_between_cycle  integral              32    'h0       
  begin_time          time                  64    154150    
  end_time            time                  64    154250    
------------------------------------------------------------

UVM_INFO ../../hbus/sv/hbus_monitor.sv(109) @ 154550: uvm_test_top.tb.hbus.monitor [hbus_monitor] transaction collected :
-----------------------------------------------------------
Name                  Type                  Size  Value    
-----------------------------------------------------------
tr_collect            hbus_transaction      -     @11437   
  haddr               integral              16    'h11db   
  hdata               integral              8     'h24     
  hwr_rd              hbus_read_write_enum  1     HBUS_READ
  wait_between_cycle  integral              32    'h0      
  begin_time          time                  64    154350   
  end_time            time                  64    154550   
-----------------------------------------------------------

UVM_INFO ../../hbus/sv/hbus_monitor.sv(109) @ 154750: uvm_test_top.tb.hbus.monitor [hbus_monitor] transaction collected :
------------------------------------------------------------
Name                  Type                  Size  Value     
------------------------------------------------------------
tr_collect            hbus_transaction      -     @11437    
  haddr               integral              16    'h11db    
  hdata               integral              8     'hdb      
  hwr_rd              hbus_read_write_enum  1     HBUS_WRITE
  wait_between_cycle  integral              32    'h0       
  begin_time          time                  64    154650    
  end_time            time                  64    154750    
------------------------------------------------------------

UVM_INFO ../../hbus/sv/hbus_monitor.sv(109) @ 154950: uvm_test_top.tb.hbus.monitor [hbus_monitor] transaction collected :
------------------------------------------------------------
Name                  Type                  Size  Value     
------------------------------------------------------------
tr_collect            hbus_transaction      -     @11437    
  haddr               integral              16    'h11dd    
  hdata               integral              8     'h22      
  hwr_rd              hbus_read_write_enum  1     HBUS_WRITE
  wait_between_cycle  integral              32    'h0       
  begin_time          time                  64    154850    
  end_time            time                  64    154950    
------------------------------------------------------------

UVM_INFO ../../hbus/sv/hbus_monitor.sv(109) @ 155250: uvm_test_top.tb.hbus.monitor [hbus_monitor] transaction collected :
-----------------------------------------------------------
Name                  Type                  Size  Value    
-----------------------------------------------------------
tr_collect            hbus_transaction      -     @11437   
  haddr               integral              16    'h11dc   
  hdata               integral              8     'h23     
  hwr_rd              hbus_read_write_enum  1     HBUS_READ
  wait_between_cycle  integral              32    'h0      
  begin_time          time                  64    155050   
  end_time            time                  64    155250   
-----------------------------------------------------------

UVM_INFO ../../hbus/sv/hbus_monitor.sv(109) @ 155450: uvm_test_top.tb.hbus.monitor [hbus_monitor] transaction collected :
------------------------------------------------------------
Name                  Type                  Size  Value     
------------------------------------------------------------
tr_collect            hbus_transaction      -     @11437    
  haddr               integral              16    'h11dc    
  hdata               integral              8     'hdc      
  hwr_rd              hbus_read_write_enum  1     HBUS_WRITE
  wait_between_cycle  integral              32    'h0       
  begin_time          time                  64    155350    
  end_time            time                  64    155450    
------------------------------------------------------------

UVM_INFO ../../hbus/sv/hbus_monitor.sv(109) @ 155650: uvm_test_top.tb.hbus.monitor [hbus_monitor] transaction collected :
------------------------------------------------------------
Name                  Type                  Size  Value     
------------------------------------------------------------
tr_collect            hbus_transaction      -     @11437    
  haddr               integral              16    'h11de    
  hdata               integral              8     'h21      
  hwr_rd              hbus_read_write_enum  1     HBUS_WRITE
  wait_between_cycle  integral              32    'h0       
  begin_time          time                  64    155550    
  end_time            time                  64    155650    
------------------------------------------------------------

UVM_INFO ../../hbus/sv/hbus_monitor.sv(109) @ 155950: uvm_test_top.tb.hbus.monitor [hbus_monitor] transaction collected :
-----------------------------------------------------------
Name                  Type                  Size  Value    
-----------------------------------------------------------
tr_collect            hbus_transaction      -     @11437   
  haddr               integral              16    'h11dd   
  hdata               integral              8     'h22     
  hwr_rd              hbus_read_write_enum  1     HBUS_READ
  wait_between_cycle  integral              32    'h0      
  begin_time          time                  64    155750   
  end_time            time                  64    155950   
-----------------------------------------------------------

UVM_INFO ../../hbus/sv/hbus_monitor.sv(109) @ 156150: uvm_test_top.tb.hbus.monitor [hbus_monitor] transaction collected :
------------------------------------------------------------
Name                  Type                  Size  Value     
------------------------------------------------------------
tr_collect            hbus_transaction      -     @11437    
  haddr               integral              16    'h11dd    
  hdata               integral              8     'hdd      
  hwr_rd              hbus_read_write_enum  1     HBUS_WRITE
  wait_between_cycle  integral              32    'h0       
  begin_time          time                  64    156050    
  end_time            time                  64    156150    
------------------------------------------------------------

UVM_INFO ../../hbus/sv/hbus_monitor.sv(109) @ 156350: uvm_test_top.tb.hbus.monitor [hbus_monitor] transaction collected :
------------------------------------------------------------
Name                  Type                  Size  Value     
------------------------------------------------------------
tr_collect            hbus_transaction      -     @11437    
  haddr               integral              16    'h11df    
  hdata               integral              8     'h20      
  hwr_rd              hbus_read_write_enum  1     HBUS_WRITE
  wait_between_cycle  integral              32    'h0       
  begin_time          time                  64    156250    
  end_time            time                  64    156350    
------------------------------------------------------------

UVM_INFO ../../hbus/sv/hbus_monitor.sv(109) @ 156650: uvm_test_top.tb.hbus.monitor [hbus_monitor] transaction collected :
-----------------------------------------------------------
Name                  Type                  Size  Value    
-----------------------------------------------------------
tr_collect            hbus_transaction      -     @11437   
  haddr               integral              16    'h11de   
  hdata               integral              8     'h21     
  hwr_rd              hbus_read_write_enum  1     HBUS_READ
  wait_between_cycle  integral              32    'h0      
  begin_time          time                  64    156450   
  end_time            time                  64    156650   
-----------------------------------------------------------

UVM_INFO ../../hbus/sv/hbus_monitor.sv(109) @ 156850: uvm_test_top.tb.hbus.monitor [hbus_monitor] transaction collected :
------------------------------------------------------------
Name                  Type                  Size  Value     
------------------------------------------------------------
tr_collect            hbus_transaction      -     @11437    
  haddr               integral              16    'h11de    
  hdata               integral              8     'hde      
  hwr_rd              hbus_read_write_enum  1     HBUS_WRITE
  wait_between_cycle  integral              32    'h0       
  begin_time          time                  64    156750    
  end_time            time                  64    156850    
------------------------------------------------------------

UVM_INFO ../../hbus/sv/hbus_monitor.sv(109) @ 157050: uvm_test_top.tb.hbus.monitor [hbus_monitor] transaction collected :
------------------------------------------------------------
Name                  Type                  Size  Value     
------------------------------------------------------------
tr_collect            hbus_transaction      -     @11437    
  haddr               integral              16    'h11e0    
  hdata               integral              8     'h1f      
  hwr_rd              hbus_read_write_enum  1     HBUS_WRITE
  wait_between_cycle  integral              32    'h0       
  begin_time          time                  64    156950    
  end_time            time                  64    157050    
------------------------------------------------------------

UVM_INFO ../../hbus/sv/hbus_monitor.sv(109) @ 157350: uvm_test_top.tb.hbus.monitor [hbus_monitor] transaction collected :
-----------------------------------------------------------
Name                  Type                  Size  Value    
-----------------------------------------------------------
tr_collect            hbus_transaction      -     @11437   
  haddr               integral              16    'h11df   
  hdata               integral              8     'h20     
  hwr_rd              hbus_read_write_enum  1     HBUS_READ
  wait_between_cycle  integral              32    'h0      
  begin_time          time                  64    157150   
  end_time            time                  64    157350   
-----------------------------------------------------------

UVM_INFO ../../hbus/sv/hbus_monitor.sv(109) @ 157550: uvm_test_top.tb.hbus.monitor [hbus_monitor] transaction collected :
------------------------------------------------------------
Name                  Type                  Size  Value     
------------------------------------------------------------
tr_collect            hbus_transaction      -     @11437    
  haddr               integral              16    'h11df    
  hdata               integral              8     'hdf      
  hwr_rd              hbus_read_write_enum  1     HBUS_WRITE
  wait_between_cycle  integral              32    'h0       
  begin_time          time                  64    157450    
  end_time            time                  64    157550    
------------------------------------------------------------

UVM_INFO ../../hbus/sv/hbus_monitor.sv(109) @ 157750: uvm_test_top.tb.hbus.monitor [hbus_monitor] transaction collected :
------------------------------------------------------------
Name                  Type                  Size  Value     
------------------------------------------------------------
tr_collect            hbus_transaction      -     @11437    
  haddr               integral              16    'h11e1    
  hdata               integral              8     'h1e      
  hwr_rd              hbus_read_write_enum  1     HBUS_WRITE
  wait_between_cycle  integral              32    'h0       
  begin_time          time                  64    157650    
  end_time            time                  64    157750    
------------------------------------------------------------

UVM_INFO ../../hbus/sv/hbus_monitor.sv(109) @ 158050: uvm_test_top.tb.hbus.monitor [hbus_monitor] transaction collected :
-----------------------------------------------------------
Name                  Type                  Size  Value    
-----------------------------------------------------------
tr_collect            hbus_transaction      -     @11437   
  haddr               integral              16    'h11e0   
  hdata               integral              8     'h1f     
  hwr_rd              hbus_read_write_enum  1     HBUS_READ
  wait_between_cycle  integral              32    'h0      
  begin_time          time                  64    157850   
  end_time            time                  64    158050   
-----------------------------------------------------------

UVM_INFO ../../hbus/sv/hbus_monitor.sv(109) @ 158250: uvm_test_top.tb.hbus.monitor [hbus_monitor] transaction collected :
------------------------------------------------------------
Name                  Type                  Size  Value     
------------------------------------------------------------
tr_collect            hbus_transaction      -     @11437    
  haddr               integral              16    'h11e0    
  hdata               integral              8     'he0      
  hwr_rd              hbus_read_write_enum  1     HBUS_WRITE
  wait_between_cycle  integral              32    'h0       
  begin_time          time                  64    158150    
  end_time            time                  64    158250    
------------------------------------------------------------

UVM_INFO ../../hbus/sv/hbus_monitor.sv(109) @ 158450: uvm_test_top.tb.hbus.monitor [hbus_monitor] transaction collected :
------------------------------------------------------------
Name                  Type                  Size  Value     
------------------------------------------------------------
tr_collect            hbus_transaction      -     @11437    
  haddr               integral              16    'h11e2    
  hdata               integral              8     'h1d      
  hwr_rd              hbus_read_write_enum  1     HBUS_WRITE
  wait_between_cycle  integral              32    'h0       
  begin_time          time                  64    158350    
  end_time            time                  64    158450    
------------------------------------------------------------

UVM_INFO ../../hbus/sv/hbus_monitor.sv(109) @ 158750: uvm_test_top.tb.hbus.monitor [hbus_monitor] transaction collected :
-----------------------------------------------------------
Name                  Type                  Size  Value    
-----------------------------------------------------------
tr_collect            hbus_transaction      -     @11437   
  haddr               integral              16    'h11e1   
  hdata               integral              8     'h1e     
  hwr_rd              hbus_read_write_enum  1     HBUS_READ
  wait_between_cycle  integral              32    'h0      
  begin_time          time                  64    158550   
  end_time            time                  64    158750   
-----------------------------------------------------------

UVM_INFO ../../hbus/sv/hbus_monitor.sv(109) @ 158950: uvm_test_top.tb.hbus.monitor [hbus_monitor] transaction collected :
------------------------------------------------------------
Name                  Type                  Size  Value     
------------------------------------------------------------
tr_collect            hbus_transaction      -     @11437    
  haddr               integral              16    'h11e1    
  hdata               integral              8     'he1      
  hwr_rd              hbus_read_write_enum  1     HBUS_WRITE
  wait_between_cycle  integral              32    'h0       
  begin_time          time                  64    158850    
  end_time            time                  64    158950    
------------------------------------------------------------

UVM_INFO ../../hbus/sv/hbus_monitor.sv(109) @ 159150: uvm_test_top.tb.hbus.monitor [hbus_monitor] transaction collected :
------------------------------------------------------------
Name                  Type                  Size  Value     
------------------------------------------------------------
tr_collect            hbus_transaction      -     @11437    
  haddr               integral              16    'h11e3    
  hdata               integral              8     'h1c      
  hwr_rd              hbus_read_write_enum  1     HBUS_WRITE
  wait_between_cycle  integral              32    'h0       
  begin_time          time                  64    159050    
  end_time            time                  64    159150    
------------------------------------------------------------

UVM_INFO ../../hbus/sv/hbus_monitor.sv(109) @ 159450: uvm_test_top.tb.hbus.monitor [hbus_monitor] transaction collected :
-----------------------------------------------------------
Name                  Type                  Size  Value    
-----------------------------------------------------------
tr_collect            hbus_transaction      -     @11437   
  haddr               integral              16    'h11e2   
  hdata               integral              8     'h1d     
  hwr_rd              hbus_read_write_enum  1     HBUS_READ
  wait_between_cycle  integral              32    'h0      
  begin_time          time                  64    159250   
  end_time            time                  64    159450   
-----------------------------------------------------------

UVM_INFO ../../hbus/sv/hbus_monitor.sv(109) @ 159650: uvm_test_top.tb.hbus.monitor [hbus_monitor] transaction collected :
------------------------------------------------------------
Name                  Type                  Size  Value     
------------------------------------------------------------
tr_collect            hbus_transaction      -     @11437    
  haddr               integral              16    'h11e2    
  hdata               integral              8     'he2      
  hwr_rd              hbus_read_write_enum  1     HBUS_WRITE
  wait_between_cycle  integral              32    'h0       
  begin_time          time                  64    159550    
  end_time            time                  64    159650    
------------------------------------------------------------

UVM_INFO ../../hbus/sv/hbus_monitor.sv(109) @ 159850: uvm_test_top.tb.hbus.monitor [hbus_monitor] transaction collected :
------------------------------------------------------------
Name                  Type                  Size  Value     
------------------------------------------------------------
tr_collect            hbus_transaction      -     @11437    
  haddr               integral              16    'h11e4    
  hdata               integral              8     'h1b      
  hwr_rd              hbus_read_write_enum  1     HBUS_WRITE
  wait_between_cycle  integral              32    'h0       
  begin_time          time                  64    159750    
  end_time            time                  64    159850    
------------------------------------------------------------

UVM_INFO ../../hbus/sv/hbus_monitor.sv(109) @ 160150: uvm_test_top.tb.hbus.monitor [hbus_monitor] transaction collected :
-----------------------------------------------------------
Name                  Type                  Size  Value    
-----------------------------------------------------------
tr_collect            hbus_transaction      -     @11437   
  haddr               integral              16    'h11e3   
  hdata               integral              8     'h1c     
  hwr_rd              hbus_read_write_enum  1     HBUS_READ
  wait_between_cycle  integral              32    'h0      
  begin_time          time                  64    159950   
  end_time            time                  64    160150   
-----------------------------------------------------------

UVM_INFO ../../hbus/sv/hbus_monitor.sv(109) @ 160350: uvm_test_top.tb.hbus.monitor [hbus_monitor] transaction collected :
------------------------------------------------------------
Name                  Type                  Size  Value     
------------------------------------------------------------
tr_collect            hbus_transaction      -     @11437    
  haddr               integral              16    'h11e3    
  hdata               integral              8     'he3      
  hwr_rd              hbus_read_write_enum  1     HBUS_WRITE
  wait_between_cycle  integral              32    'h0       
  begin_time          time                  64    160250    
  end_time            time                  64    160350    
------------------------------------------------------------

UVM_INFO ../../hbus/sv/hbus_monitor.sv(109) @ 160550: uvm_test_top.tb.hbus.monitor [hbus_monitor] transaction collected :
------------------------------------------------------------
Name                  Type                  Size  Value     
------------------------------------------------------------
tr_collect            hbus_transaction      -     @11437    
  haddr               integral              16    'h11e5    
  hdata               integral              8     'h1a      
  hwr_rd              hbus_read_write_enum  1     HBUS_WRITE
  wait_between_cycle  integral              32    'h0       
  begin_time          time                  64    160450    
  end_time            time                  64    160550    
------------------------------------------------------------

UVM_INFO ../../hbus/sv/hbus_monitor.sv(109) @ 160850: uvm_test_top.tb.hbus.monitor [hbus_monitor] transaction collected :
-----------------------------------------------------------
Name                  Type                  Size  Value    
-----------------------------------------------------------
tr_collect            hbus_transaction      -     @11437   
  haddr               integral              16    'h11e4   
  hdata               integral              8     'h1b     
  hwr_rd              hbus_read_write_enum  1     HBUS_READ
  wait_between_cycle  integral              32    'h0      
  begin_time          time                  64    160650   
  end_time            time                  64    160850   
-----------------------------------------------------------

UVM_INFO ../../hbus/sv/hbus_monitor.sv(109) @ 161050: uvm_test_top.tb.hbus.monitor [hbus_monitor] transaction collected :
------------------------------------------------------------
Name                  Type                  Size  Value     
------------------------------------------------------------
tr_collect            hbus_transaction      -     @11437    
  haddr               integral              16    'h11e4    
  hdata               integral              8     'he4      
  hwr_rd              hbus_read_write_enum  1     HBUS_WRITE
  wait_between_cycle  integral              32    'h0       
  begin_time          time                  64    160950    
  end_time            time                  64    161050    
------------------------------------------------------------

UVM_INFO ../../hbus/sv/hbus_monitor.sv(109) @ 161250: uvm_test_top.tb.hbus.monitor [hbus_monitor] transaction collected :
------------------------------------------------------------
Name                  Type                  Size  Value     
------------------------------------------------------------
tr_collect            hbus_transaction      -     @11437    
  haddr               integral              16    'h11e6    
  hdata               integral              8     'h19      
  hwr_rd              hbus_read_write_enum  1     HBUS_WRITE
  wait_between_cycle  integral              32    'h0       
  begin_time          time                  64    161150    
  end_time            time                  64    161250    
------------------------------------------------------------

UVM_INFO ../../hbus/sv/hbus_monitor.sv(109) @ 161550: uvm_test_top.tb.hbus.monitor [hbus_monitor] transaction collected :
-----------------------------------------------------------
Name                  Type                  Size  Value    
-----------------------------------------------------------
tr_collect            hbus_transaction      -     @11437   
  haddr               integral              16    'h11e5   
  hdata               integral              8     'h1a     
  hwr_rd              hbus_read_write_enum  1     HBUS_READ
  wait_between_cycle  integral              32    'h0      
  begin_time          time                  64    161350   
  end_time            time                  64    161550   
-----------------------------------------------------------

UVM_INFO ../../hbus/sv/hbus_monitor.sv(109) @ 161750: uvm_test_top.tb.hbus.monitor [hbus_monitor] transaction collected :
------------------------------------------------------------
Name                  Type                  Size  Value     
------------------------------------------------------------
tr_collect            hbus_transaction      -     @11437    
  haddr               integral              16    'h11e5    
  hdata               integral              8     'he5      
  hwr_rd              hbus_read_write_enum  1     HBUS_WRITE
  wait_between_cycle  integral              32    'h0       
  begin_time          time                  64    161650    
  end_time            time                  64    161750    
------------------------------------------------------------

UVM_INFO ../../hbus/sv/hbus_monitor.sv(109) @ 161950: uvm_test_top.tb.hbus.monitor [hbus_monitor] transaction collected :
------------------------------------------------------------
Name                  Type                  Size  Value     
------------------------------------------------------------
tr_collect            hbus_transaction      -     @11437    
  haddr               integral              16    'h11e7    
  hdata               integral              8     'h18      
  hwr_rd              hbus_read_write_enum  1     HBUS_WRITE
  wait_between_cycle  integral              32    'h0       
  begin_time          time                  64    161850    
  end_time            time                  64    161950    
------------------------------------------------------------

UVM_INFO ../../hbus/sv/hbus_monitor.sv(109) @ 162250: uvm_test_top.tb.hbus.monitor [hbus_monitor] transaction collected :
-----------------------------------------------------------
Name                  Type                  Size  Value    
-----------------------------------------------------------
tr_collect            hbus_transaction      -     @11437   
  haddr               integral              16    'h11e6   
  hdata               integral              8     'h19     
  hwr_rd              hbus_read_write_enum  1     HBUS_READ
  wait_between_cycle  integral              32    'h0      
  begin_time          time                  64    162050   
  end_time            time                  64    162250   
-----------------------------------------------------------

UVM_INFO ../../hbus/sv/hbus_monitor.sv(109) @ 162450: uvm_test_top.tb.hbus.monitor [hbus_monitor] transaction collected :
------------------------------------------------------------
Name                  Type                  Size  Value     
------------------------------------------------------------
tr_collect            hbus_transaction      -     @11437    
  haddr               integral              16    'h11e6    
  hdata               integral              8     'he6      
  hwr_rd              hbus_read_write_enum  1     HBUS_WRITE
  wait_between_cycle  integral              32    'h0       
  begin_time          time                  64    162350    
  end_time            time                  64    162450    
------------------------------------------------------------

UVM_INFO ../../hbus/sv/hbus_monitor.sv(109) @ 162650: uvm_test_top.tb.hbus.monitor [hbus_monitor] transaction collected :
------------------------------------------------------------
Name                  Type                  Size  Value     
------------------------------------------------------------
tr_collect            hbus_transaction      -     @11437    
  haddr               integral              16    'h11e8    
  hdata               integral              8     'h17      
  hwr_rd              hbus_read_write_enum  1     HBUS_WRITE
  wait_between_cycle  integral              32    'h0       
  begin_time          time                  64    162550    
  end_time            time                  64    162650    
------------------------------------------------------------

UVM_INFO ../../hbus/sv/hbus_monitor.sv(109) @ 162950: uvm_test_top.tb.hbus.monitor [hbus_monitor] transaction collected :
-----------------------------------------------------------
Name                  Type                  Size  Value    
-----------------------------------------------------------
tr_collect            hbus_transaction      -     @11437   
  haddr               integral              16    'h11e7   
  hdata               integral              8     'h18     
  hwr_rd              hbus_read_write_enum  1     HBUS_READ
  wait_between_cycle  integral              32    'h0      
  begin_time          time                  64    162750   
  end_time            time                  64    162950   
-----------------------------------------------------------

UVM_INFO ../../hbus/sv/hbus_monitor.sv(109) @ 163150: uvm_test_top.tb.hbus.monitor [hbus_monitor] transaction collected :
------------------------------------------------------------
Name                  Type                  Size  Value     
------------------------------------------------------------
tr_collect            hbus_transaction      -     @11437    
  haddr               integral              16    'h11e7    
  hdata               integral              8     'he7      
  hwr_rd              hbus_read_write_enum  1     HBUS_WRITE
  wait_between_cycle  integral              32    'h0       
  begin_time          time                  64    163050    
  end_time            time                  64    163150    
------------------------------------------------------------

UVM_INFO ../../hbus/sv/hbus_monitor.sv(109) @ 163350: uvm_test_top.tb.hbus.monitor [hbus_monitor] transaction collected :
------------------------------------------------------------
Name                  Type                  Size  Value     
------------------------------------------------------------
tr_collect            hbus_transaction      -     @11437    
  haddr               integral              16    'h11e9    
  hdata               integral              8     'h16      
  hwr_rd              hbus_read_write_enum  1     HBUS_WRITE
  wait_between_cycle  integral              32    'h0       
  begin_time          time                  64    163250    
  end_time            time                  64    163350    
------------------------------------------------------------

UVM_INFO ../../hbus/sv/hbus_monitor.sv(109) @ 163650: uvm_test_top.tb.hbus.monitor [hbus_monitor] transaction collected :
-----------------------------------------------------------
Name                  Type                  Size  Value    
-----------------------------------------------------------
tr_collect            hbus_transaction      -     @11437   
  haddr               integral              16    'h11e8   
  hdata               integral              8     'h17     
  hwr_rd              hbus_read_write_enum  1     HBUS_READ
  wait_between_cycle  integral              32    'h0      
  begin_time          time                  64    163450   
  end_time            time                  64    163650   
-----------------------------------------------------------

UVM_INFO ../../hbus/sv/hbus_monitor.sv(109) @ 163850: uvm_test_top.tb.hbus.monitor [hbus_monitor] transaction collected :
------------------------------------------------------------
Name                  Type                  Size  Value     
------------------------------------------------------------
tr_collect            hbus_transaction      -     @11437    
  haddr               integral              16    'h11e8    
  hdata               integral              8     'he8      
  hwr_rd              hbus_read_write_enum  1     HBUS_WRITE
  wait_between_cycle  integral              32    'h0       
  begin_time          time                  64    163750    
  end_time            time                  64    163850    
------------------------------------------------------------

UVM_INFO ../../hbus/sv/hbus_monitor.sv(109) @ 164050: uvm_test_top.tb.hbus.monitor [hbus_monitor] transaction collected :
------------------------------------------------------------
Name                  Type                  Size  Value     
------------------------------------------------------------
tr_collect            hbus_transaction      -     @11437    
  haddr               integral              16    'h11ea    
  hdata               integral              8     'h15      
  hwr_rd              hbus_read_write_enum  1     HBUS_WRITE
  wait_between_cycle  integral              32    'h0       
  begin_time          time                  64    163950    
  end_time            time                  64    164050    
------------------------------------------------------------

UVM_INFO ../../hbus/sv/hbus_monitor.sv(109) @ 164350: uvm_test_top.tb.hbus.monitor [hbus_monitor] transaction collected :
-----------------------------------------------------------
Name                  Type                  Size  Value    
-----------------------------------------------------------
tr_collect            hbus_transaction      -     @11437   
  haddr               integral              16    'h11e9   
  hdata               integral              8     'h16     
  hwr_rd              hbus_read_write_enum  1     HBUS_READ
  wait_between_cycle  integral              32    'h0      
  begin_time          time                  64    164150   
  end_time            time                  64    164350   
-----------------------------------------------------------

UVM_INFO ../../hbus/sv/hbus_monitor.sv(109) @ 164550: uvm_test_top.tb.hbus.monitor [hbus_monitor] transaction collected :
------------------------------------------------------------
Name                  Type                  Size  Value     
------------------------------------------------------------
tr_collect            hbus_transaction      -     @11437    
  haddr               integral              16    'h11e9    
  hdata               integral              8     'he9      
  hwr_rd              hbus_read_write_enum  1     HBUS_WRITE
  wait_between_cycle  integral              32    'h0       
  begin_time          time                  64    164450    
  end_time            time                  64    164550    
------------------------------------------------------------

UVM_INFO ../../hbus/sv/hbus_monitor.sv(109) @ 164750: uvm_test_top.tb.hbus.monitor [hbus_monitor] transaction collected :
------------------------------------------------------------
Name                  Type                  Size  Value     
------------------------------------------------------------
tr_collect            hbus_transaction      -     @11437    
  haddr               integral              16    'h11eb    
  hdata               integral              8     'h14      
  hwr_rd              hbus_read_write_enum  1     HBUS_WRITE
  wait_between_cycle  integral              32    'h0       
  begin_time          time                  64    164650    
  end_time            time                  64    164750    
------------------------------------------------------------

UVM_INFO ../../hbus/sv/hbus_monitor.sv(109) @ 165050: uvm_test_top.tb.hbus.monitor [hbus_monitor] transaction collected :
-----------------------------------------------------------
Name                  Type                  Size  Value    
-----------------------------------------------------------
tr_collect            hbus_transaction      -     @11437   
  haddr               integral              16    'h11ea   
  hdata               integral              8     'h15     
  hwr_rd              hbus_read_write_enum  1     HBUS_READ
  wait_between_cycle  integral              32    'h0      
  begin_time          time                  64    164850   
  end_time            time                  64    165050   
-----------------------------------------------------------

UVM_INFO ../../hbus/sv/hbus_monitor.sv(109) @ 165250: uvm_test_top.tb.hbus.monitor [hbus_monitor] transaction collected :
------------------------------------------------------------
Name                  Type                  Size  Value     
------------------------------------------------------------
tr_collect            hbus_transaction      -     @11437    
  haddr               integral              16    'h11ea    
  hdata               integral              8     'hea      
  hwr_rd              hbus_read_write_enum  1     HBUS_WRITE
  wait_between_cycle  integral              32    'h0       
  begin_time          time                  64    165150    
  end_time            time                  64    165250    
------------------------------------------------------------

UVM_INFO ../../hbus/sv/hbus_monitor.sv(109) @ 165450: uvm_test_top.tb.hbus.monitor [hbus_monitor] transaction collected :
------------------------------------------------------------
Name                  Type                  Size  Value     
------------------------------------------------------------
tr_collect            hbus_transaction      -     @11437    
  haddr               integral              16    'h11ec    
  hdata               integral              8     'h13      
  hwr_rd              hbus_read_write_enum  1     HBUS_WRITE
  wait_between_cycle  integral              32    'h0       
  begin_time          time                  64    165350    
  end_time            time                  64    165450    
------------------------------------------------------------

UVM_INFO ../../hbus/sv/hbus_monitor.sv(109) @ 165750: uvm_test_top.tb.hbus.monitor [hbus_monitor] transaction collected :
-----------------------------------------------------------
Name                  Type                  Size  Value    
-----------------------------------------------------------
tr_collect            hbus_transaction      -     @11437   
  haddr               integral              16    'h11eb   
  hdata               integral              8     'h14     
  hwr_rd              hbus_read_write_enum  1     HBUS_READ
  wait_between_cycle  integral              32    'h0      
  begin_time          time                  64    165550   
  end_time            time                  64    165750   
-----------------------------------------------------------

UVM_INFO ../../hbus/sv/hbus_monitor.sv(109) @ 165950: uvm_test_top.tb.hbus.monitor [hbus_monitor] transaction collected :
------------------------------------------------------------
Name                  Type                  Size  Value     
------------------------------------------------------------
tr_collect            hbus_transaction      -     @11437    
  haddr               integral              16    'h11eb    
  hdata               integral              8     'heb      
  hwr_rd              hbus_read_write_enum  1     HBUS_WRITE
  wait_between_cycle  integral              32    'h0       
  begin_time          time                  64    165850    
  end_time            time                  64    165950    
------------------------------------------------------------

UVM_INFO ../../hbus/sv/hbus_monitor.sv(109) @ 166150: uvm_test_top.tb.hbus.monitor [hbus_monitor] transaction collected :
------------------------------------------------------------
Name                  Type                  Size  Value     
------------------------------------------------------------
tr_collect            hbus_transaction      -     @11437    
  haddr               integral              16    'h11ed    
  hdata               integral              8     'h12      
  hwr_rd              hbus_read_write_enum  1     HBUS_WRITE
  wait_between_cycle  integral              32    'h0       
  begin_time          time                  64    166050    
  end_time            time                  64    166150    
------------------------------------------------------------

UVM_INFO ../../hbus/sv/hbus_monitor.sv(109) @ 166450: uvm_test_top.tb.hbus.monitor [hbus_monitor] transaction collected :
-----------------------------------------------------------
Name                  Type                  Size  Value    
-----------------------------------------------------------
tr_collect            hbus_transaction      -     @11437   
  haddr               integral              16    'h11ec   
  hdata               integral              8     'h13     
  hwr_rd              hbus_read_write_enum  1     HBUS_READ
  wait_between_cycle  integral              32    'h0      
  begin_time          time                  64    166250   
  end_time            time                  64    166450   
-----------------------------------------------------------

UVM_INFO ../../hbus/sv/hbus_monitor.sv(109) @ 166650: uvm_test_top.tb.hbus.monitor [hbus_monitor] transaction collected :
------------------------------------------------------------
Name                  Type                  Size  Value     
------------------------------------------------------------
tr_collect            hbus_transaction      -     @11437    
  haddr               integral              16    'h11ec    
  hdata               integral              8     'hec      
  hwr_rd              hbus_read_write_enum  1     HBUS_WRITE
  wait_between_cycle  integral              32    'h0       
  begin_time          time                  64    166550    
  end_time            time                  64    166650    
------------------------------------------------------------

UVM_INFO ../../hbus/sv/hbus_monitor.sv(109) @ 166850: uvm_test_top.tb.hbus.monitor [hbus_monitor] transaction collected :
------------------------------------------------------------
Name                  Type                  Size  Value     
------------------------------------------------------------
tr_collect            hbus_transaction      -     @11437    
  haddr               integral              16    'h11ee    
  hdata               integral              8     'h11      
  hwr_rd              hbus_read_write_enum  1     HBUS_WRITE
  wait_between_cycle  integral              32    'h0       
  begin_time          time                  64    166750    
  end_time            time                  64    166850    
------------------------------------------------------------

UVM_INFO ../../hbus/sv/hbus_monitor.sv(109) @ 167150: uvm_test_top.tb.hbus.monitor [hbus_monitor] transaction collected :
-----------------------------------------------------------
Name                  Type                  Size  Value    
-----------------------------------------------------------
tr_collect            hbus_transaction      -     @11437   
  haddr               integral              16    'h11ed   
  hdata               integral              8     'h12     
  hwr_rd              hbus_read_write_enum  1     HBUS_READ
  wait_between_cycle  integral              32    'h0      
  begin_time          time                  64    166950   
  end_time            time                  64    167150   
-----------------------------------------------------------

UVM_INFO ../../hbus/sv/hbus_monitor.sv(109) @ 167350: uvm_test_top.tb.hbus.monitor [hbus_monitor] transaction collected :
------------------------------------------------------------
Name                  Type                  Size  Value     
------------------------------------------------------------
tr_collect            hbus_transaction      -     @11437    
  haddr               integral              16    'h11ed    
  hdata               integral              8     'hed      
  hwr_rd              hbus_read_write_enum  1     HBUS_WRITE
  wait_between_cycle  integral              32    'h0       
  begin_time          time                  64    167250    
  end_time            time                  64    167350    
------------------------------------------------------------

UVM_INFO ../../hbus/sv/hbus_monitor.sv(109) @ 167550: uvm_test_top.tb.hbus.monitor [hbus_monitor] transaction collected :
------------------------------------------------------------
Name                  Type                  Size  Value     
------------------------------------------------------------
tr_collect            hbus_transaction      -     @11437    
  haddr               integral              16    'h11ef    
  hdata               integral              8     'h10      
  hwr_rd              hbus_read_write_enum  1     HBUS_WRITE
  wait_between_cycle  integral              32    'h0       
  begin_time          time                  64    167450    
  end_time            time                  64    167550    
------------------------------------------------------------

UVM_INFO ../../hbus/sv/hbus_monitor.sv(109) @ 167850: uvm_test_top.tb.hbus.monitor [hbus_monitor] transaction collected :
-----------------------------------------------------------
Name                  Type                  Size  Value    
-----------------------------------------------------------
tr_collect            hbus_transaction      -     @11437   
  haddr               integral              16    'h11ee   
  hdata               integral              8     'h11     
  hwr_rd              hbus_read_write_enum  1     HBUS_READ
  wait_between_cycle  integral              32    'h0      
  begin_time          time                  64    167650   
  end_time            time                  64    167850   
-----------------------------------------------------------

UVM_INFO ../../hbus/sv/hbus_monitor.sv(109) @ 168050: uvm_test_top.tb.hbus.monitor [hbus_monitor] transaction collected :
------------------------------------------------------------
Name                  Type                  Size  Value     
------------------------------------------------------------
tr_collect            hbus_transaction      -     @11437    
  haddr               integral              16    'h11ee    
  hdata               integral              8     'hee      
  hwr_rd              hbus_read_write_enum  1     HBUS_WRITE
  wait_between_cycle  integral              32    'h0       
  begin_time          time                  64    167950    
  end_time            time                  64    168050    
------------------------------------------------------------

UVM_INFO ../../hbus/sv/hbus_monitor.sv(109) @ 168250: uvm_test_top.tb.hbus.monitor [hbus_monitor] transaction collected :
------------------------------------------------------------
Name                  Type                  Size  Value     
------------------------------------------------------------
tr_collect            hbus_transaction      -     @11437    
  haddr               integral              16    'h11f0    
  hdata               integral              8     'hf       
  hwr_rd              hbus_read_write_enum  1     HBUS_WRITE
  wait_between_cycle  integral              32    'h0       
  begin_time          time                  64    168150    
  end_time            time                  64    168250    
------------------------------------------------------------

UVM_INFO ../../hbus/sv/hbus_monitor.sv(109) @ 168550: uvm_test_top.tb.hbus.monitor [hbus_monitor] transaction collected :
-----------------------------------------------------------
Name                  Type                  Size  Value    
-----------------------------------------------------------
tr_collect            hbus_transaction      -     @11437   
  haddr               integral              16    'h11ef   
  hdata               integral              8     'h10     
  hwr_rd              hbus_read_write_enum  1     HBUS_READ
  wait_between_cycle  integral              32    'h0      
  begin_time          time                  64    168350   
  end_time            time                  64    168550   
-----------------------------------------------------------

UVM_INFO ../../hbus/sv/hbus_monitor.sv(109) @ 168750: uvm_test_top.tb.hbus.monitor [hbus_monitor] transaction collected :
------------------------------------------------------------
Name                  Type                  Size  Value     
------------------------------------------------------------
tr_collect            hbus_transaction      -     @11437    
  haddr               integral              16    'h11ef    
  hdata               integral              8     'hef      
  hwr_rd              hbus_read_write_enum  1     HBUS_WRITE
  wait_between_cycle  integral              32    'h0       
  begin_time          time                  64    168650    
  end_time            time                  64    168750    
------------------------------------------------------------

UVM_INFO ../../hbus/sv/hbus_monitor.sv(109) @ 168950: uvm_test_top.tb.hbus.monitor [hbus_monitor] transaction collected :
------------------------------------------------------------
Name                  Type                  Size  Value     
------------------------------------------------------------
tr_collect            hbus_transaction      -     @11437    
  haddr               integral              16    'h11f1    
  hdata               integral              8     'he       
  hwr_rd              hbus_read_write_enum  1     HBUS_WRITE
  wait_between_cycle  integral              32    'h0       
  begin_time          time                  64    168850    
  end_time            time                  64    168950    
------------------------------------------------------------

UVM_INFO ../../hbus/sv/hbus_monitor.sv(109) @ 169250: uvm_test_top.tb.hbus.monitor [hbus_monitor] transaction collected :
-----------------------------------------------------------
Name                  Type                  Size  Value    
-----------------------------------------------------------
tr_collect            hbus_transaction      -     @11437   
  haddr               integral              16    'h11f0   
  hdata               integral              8     'hf      
  hwr_rd              hbus_read_write_enum  1     HBUS_READ
  wait_between_cycle  integral              32    'h0      
  begin_time          time                  64    169050   
  end_time            time                  64    169250   
-----------------------------------------------------------

UVM_INFO ../../hbus/sv/hbus_monitor.sv(109) @ 169450: uvm_test_top.tb.hbus.monitor [hbus_monitor] transaction collected :
------------------------------------------------------------
Name                  Type                  Size  Value     
------------------------------------------------------------
tr_collect            hbus_transaction      -     @11437    
  haddr               integral              16    'h11f0    
  hdata               integral              8     'hf0      
  hwr_rd              hbus_read_write_enum  1     HBUS_WRITE
  wait_between_cycle  integral              32    'h0       
  begin_time          time                  64    169350    
  end_time            time                  64    169450    
------------------------------------------------------------

UVM_INFO ../../hbus/sv/hbus_monitor.sv(109) @ 169650: uvm_test_top.tb.hbus.monitor [hbus_monitor] transaction collected :
------------------------------------------------------------
Name                  Type                  Size  Value     
------------------------------------------------------------
tr_collect            hbus_transaction      -     @11437    
  haddr               integral              16    'h11f2    
  hdata               integral              8     'hd       
  hwr_rd              hbus_read_write_enum  1     HBUS_WRITE
  wait_between_cycle  integral              32    'h0       
  begin_time          time                  64    169550    
  end_time            time                  64    169650    
------------------------------------------------------------

UVM_INFO ../../hbus/sv/hbus_monitor.sv(109) @ 169950: uvm_test_top.tb.hbus.monitor [hbus_monitor] transaction collected :
-----------------------------------------------------------
Name                  Type                  Size  Value    
-----------------------------------------------------------
tr_collect            hbus_transaction      -     @11437   
  haddr               integral              16    'h11f1   
  hdata               integral              8     'he      
  hwr_rd              hbus_read_write_enum  1     HBUS_READ
  wait_between_cycle  integral              32    'h0      
  begin_time          time                  64    169750   
  end_time            time                  64    169950   
-----------------------------------------------------------

UVM_INFO ../../hbus/sv/hbus_monitor.sv(109) @ 170150: uvm_test_top.tb.hbus.monitor [hbus_monitor] transaction collected :
------------------------------------------------------------
Name                  Type                  Size  Value     
------------------------------------------------------------
tr_collect            hbus_transaction      -     @11437    
  haddr               integral              16    'h11f1    
  hdata               integral              8     'hf1      
  hwr_rd              hbus_read_write_enum  1     HBUS_WRITE
  wait_between_cycle  integral              32    'h0       
  begin_time          time                  64    170050    
  end_time            time                  64    170150    
------------------------------------------------------------

UVM_INFO ../../hbus/sv/hbus_monitor.sv(109) @ 170350: uvm_test_top.tb.hbus.monitor [hbus_monitor] transaction collected :
------------------------------------------------------------
Name                  Type                  Size  Value     
------------------------------------------------------------
tr_collect            hbus_transaction      -     @11437    
  haddr               integral              16    'h11f3    
  hdata               integral              8     'hc       
  hwr_rd              hbus_read_write_enum  1     HBUS_WRITE
  wait_between_cycle  integral              32    'h0       
  begin_time          time                  64    170250    
  end_time            time                  64    170350    
------------------------------------------------------------

UVM_INFO ../../hbus/sv/hbus_monitor.sv(109) @ 170650: uvm_test_top.tb.hbus.monitor [hbus_monitor] transaction collected :
-----------------------------------------------------------
Name                  Type                  Size  Value    
-----------------------------------------------------------
tr_collect            hbus_transaction      -     @11437   
  haddr               integral              16    'h11f2   
  hdata               integral              8     'hd      
  hwr_rd              hbus_read_write_enum  1     HBUS_READ
  wait_between_cycle  integral              32    'h0      
  begin_time          time                  64    170450   
  end_time            time                  64    170650   
-----------------------------------------------------------

UVM_INFO ../../hbus/sv/hbus_monitor.sv(109) @ 170850: uvm_test_top.tb.hbus.monitor [hbus_monitor] transaction collected :
------------------------------------------------------------
Name                  Type                  Size  Value     
------------------------------------------------------------
tr_collect            hbus_transaction      -     @11437    
  haddr               integral              16    'h11f2    
  hdata               integral              8     'hf2      
  hwr_rd              hbus_read_write_enum  1     HBUS_WRITE
  wait_between_cycle  integral              32    'h0       
  begin_time          time                  64    170750    
  end_time            time                  64    170850    
------------------------------------------------------------

UVM_INFO ../../hbus/sv/hbus_monitor.sv(109) @ 171050: uvm_test_top.tb.hbus.monitor [hbus_monitor] transaction collected :
------------------------------------------------------------
Name                  Type                  Size  Value     
------------------------------------------------------------
tr_collect            hbus_transaction      -     @11437    
  haddr               integral              16    'h11f4    
  hdata               integral              8     'hb       
  hwr_rd              hbus_read_write_enum  1     HBUS_WRITE
  wait_between_cycle  integral              32    'h0       
  begin_time          time                  64    170950    
  end_time            time                  64    171050    
------------------------------------------------------------

UVM_INFO ../../hbus/sv/hbus_monitor.sv(109) @ 171350: uvm_test_top.tb.hbus.monitor [hbus_monitor] transaction collected :
-----------------------------------------------------------
Name                  Type                  Size  Value    
-----------------------------------------------------------
tr_collect            hbus_transaction      -     @11437   
  haddr               integral              16    'h11f3   
  hdata               integral              8     'hc      
  hwr_rd              hbus_read_write_enum  1     HBUS_READ
  wait_between_cycle  integral              32    'h0      
  begin_time          time                  64    171150   
  end_time            time                  64    171350   
-----------------------------------------------------------

UVM_INFO ../../hbus/sv/hbus_monitor.sv(109) @ 171550: uvm_test_top.tb.hbus.monitor [hbus_monitor] transaction collected :
------------------------------------------------------------
Name                  Type                  Size  Value     
------------------------------------------------------------
tr_collect            hbus_transaction      -     @11437    
  haddr               integral              16    'h11f3    
  hdata               integral              8     'hf3      
  hwr_rd              hbus_read_write_enum  1     HBUS_WRITE
  wait_between_cycle  integral              32    'h0       
  begin_time          time                  64    171450    
  end_time            time                  64    171550    
------------------------------------------------------------

UVM_INFO ../../hbus/sv/hbus_monitor.sv(109) @ 171750: uvm_test_top.tb.hbus.monitor [hbus_monitor] transaction collected :
------------------------------------------------------------
Name                  Type                  Size  Value     
------------------------------------------------------------
tr_collect            hbus_transaction      -     @11437    
  haddr               integral              16    'h11f5    
  hdata               integral              8     'ha       
  hwr_rd              hbus_read_write_enum  1     HBUS_WRITE
  wait_between_cycle  integral              32    'h0       
  begin_time          time                  64    171650    
  end_time            time                  64    171750    
------------------------------------------------------------

UVM_INFO ../../hbus/sv/hbus_monitor.sv(109) @ 172050: uvm_test_top.tb.hbus.monitor [hbus_monitor] transaction collected :
-----------------------------------------------------------
Name                  Type                  Size  Value    
-----------------------------------------------------------
tr_collect            hbus_transaction      -     @11437   
  haddr               integral              16    'h11f4   
  hdata               integral              8     'hb      
  hwr_rd              hbus_read_write_enum  1     HBUS_READ
  wait_between_cycle  integral              32    'h0      
  begin_time          time                  64    171850   
  end_time            time                  64    172050   
-----------------------------------------------------------

UVM_INFO ../../hbus/sv/hbus_monitor.sv(109) @ 172250: uvm_test_top.tb.hbus.monitor [hbus_monitor] transaction collected :
------------------------------------------------------------
Name                  Type                  Size  Value     
------------------------------------------------------------
tr_collect            hbus_transaction      -     @11437    
  haddr               integral              16    'h11f4    
  hdata               integral              8     'hf4      
  hwr_rd              hbus_read_write_enum  1     HBUS_WRITE
  wait_between_cycle  integral              32    'h0       
  begin_time          time                  64    172150    
  end_time            time                  64    172250    
------------------------------------------------------------

UVM_INFO ../../hbus/sv/hbus_monitor.sv(109) @ 172450: uvm_test_top.tb.hbus.monitor [hbus_monitor] transaction collected :
------------------------------------------------------------
Name                  Type                  Size  Value     
------------------------------------------------------------
tr_collect            hbus_transaction      -     @11437    
  haddr               integral              16    'h11f6    
  hdata               integral              8     'h9       
  hwr_rd              hbus_read_write_enum  1     HBUS_WRITE
  wait_between_cycle  integral              32    'h0       
  begin_time          time                  64    172350    
  end_time            time                  64    172450    
------------------------------------------------------------

UVM_INFO ../../hbus/sv/hbus_monitor.sv(109) @ 172750: uvm_test_top.tb.hbus.monitor [hbus_monitor] transaction collected :
-----------------------------------------------------------
Name                  Type                  Size  Value    
-----------------------------------------------------------
tr_collect            hbus_transaction      -     @11437   
  haddr               integral              16    'h11f5   
  hdata               integral              8     'ha      
  hwr_rd              hbus_read_write_enum  1     HBUS_READ
  wait_between_cycle  integral              32    'h0      
  begin_time          time                  64    172550   
  end_time            time                  64    172750   
-----------------------------------------------------------

UVM_INFO ../../hbus/sv/hbus_monitor.sv(109) @ 172950: uvm_test_top.tb.hbus.monitor [hbus_monitor] transaction collected :
------------------------------------------------------------
Name                  Type                  Size  Value     
------------------------------------------------------------
tr_collect            hbus_transaction      -     @11437    
  haddr               integral              16    'h11f5    
  hdata               integral              8     'hf5      
  hwr_rd              hbus_read_write_enum  1     HBUS_WRITE
  wait_between_cycle  integral              32    'h0       
  begin_time          time                  64    172850    
  end_time            time                  64    172950    
------------------------------------------------------------

UVM_INFO ../../hbus/sv/hbus_monitor.sv(109) @ 173150: uvm_test_top.tb.hbus.monitor [hbus_monitor] transaction collected :
------------------------------------------------------------
Name                  Type                  Size  Value     
------------------------------------------------------------
tr_collect            hbus_transaction      -     @11437    
  haddr               integral              16    'h11f7    
  hdata               integral              8     'h8       
  hwr_rd              hbus_read_write_enum  1     HBUS_WRITE
  wait_between_cycle  integral              32    'h0       
  begin_time          time                  64    173050    
  end_time            time                  64    173150    
------------------------------------------------------------

UVM_INFO ../../hbus/sv/hbus_monitor.sv(109) @ 173450: uvm_test_top.tb.hbus.monitor [hbus_monitor] transaction collected :
-----------------------------------------------------------
Name                  Type                  Size  Value    
-----------------------------------------------------------
tr_collect            hbus_transaction      -     @11437   
  haddr               integral              16    'h11f6   
  hdata               integral              8     'h9      
  hwr_rd              hbus_read_write_enum  1     HBUS_READ
  wait_between_cycle  integral              32    'h0      
  begin_time          time                  64    173250   
  end_time            time                  64    173450   
-----------------------------------------------------------

UVM_INFO ../../hbus/sv/hbus_monitor.sv(109) @ 173650: uvm_test_top.tb.hbus.monitor [hbus_monitor] transaction collected :
------------------------------------------------------------
Name                  Type                  Size  Value     
------------------------------------------------------------
tr_collect            hbus_transaction      -     @11437    
  haddr               integral              16    'h11f6    
  hdata               integral              8     'hf6      
  hwr_rd              hbus_read_write_enum  1     HBUS_WRITE
  wait_between_cycle  integral              32    'h0       
  begin_time          time                  64    173550    
  end_time            time                  64    173650    
------------------------------------------------------------

UVM_INFO ../../hbus/sv/hbus_monitor.sv(109) @ 173850: uvm_test_top.tb.hbus.monitor [hbus_monitor] transaction collected :
------------------------------------------------------------
Name                  Type                  Size  Value     
------------------------------------------------------------
tr_collect            hbus_transaction      -     @11437    
  haddr               integral              16    'h11f8    
  hdata               integral              8     'h7       
  hwr_rd              hbus_read_write_enum  1     HBUS_WRITE
  wait_between_cycle  integral              32    'h0       
  begin_time          time                  64    173750    
  end_time            time                  64    173850    
------------------------------------------------------------

UVM_INFO ../../hbus/sv/hbus_monitor.sv(109) @ 174150: uvm_test_top.tb.hbus.monitor [hbus_monitor] transaction collected :
-----------------------------------------------------------
Name                  Type                  Size  Value    
-----------------------------------------------------------
tr_collect            hbus_transaction      -     @11437   
  haddr               integral              16    'h11f7   
  hdata               integral              8     'h8      
  hwr_rd              hbus_read_write_enum  1     HBUS_READ
  wait_between_cycle  integral              32    'h0      
  begin_time          time                  64    173950   
  end_time            time                  64    174150   
-----------------------------------------------------------

UVM_INFO ../../hbus/sv/hbus_monitor.sv(109) @ 174350: uvm_test_top.tb.hbus.monitor [hbus_monitor] transaction collected :
------------------------------------------------------------
Name                  Type                  Size  Value     
------------------------------------------------------------
tr_collect            hbus_transaction      -     @11437    
  haddr               integral              16    'h11f7    
  hdata               integral              8     'hf7      
  hwr_rd              hbus_read_write_enum  1     HBUS_WRITE
  wait_between_cycle  integral              32    'h0       
  begin_time          time                  64    174250    
  end_time            time                  64    174350    
------------------------------------------------------------

UVM_INFO ../../hbus/sv/hbus_monitor.sv(109) @ 174550: uvm_test_top.tb.hbus.monitor [hbus_monitor] transaction collected :
------------------------------------------------------------
Name                  Type                  Size  Value     
------------------------------------------------------------
tr_collect            hbus_transaction      -     @11437    
  haddr               integral              16    'h11f9    
  hdata               integral              8     'h6       
  hwr_rd              hbus_read_write_enum  1     HBUS_WRITE
  wait_between_cycle  integral              32    'h0       
  begin_time          time                  64    174450    
  end_time            time                  64    174550    
------------------------------------------------------------

UVM_INFO ../../hbus/sv/hbus_monitor.sv(109) @ 174850: uvm_test_top.tb.hbus.monitor [hbus_monitor] transaction collected :
-----------------------------------------------------------
Name                  Type                  Size  Value    
-----------------------------------------------------------
tr_collect            hbus_transaction      -     @11437   
  haddr               integral              16    'h11f8   
  hdata               integral              8     'h7      
  hwr_rd              hbus_read_write_enum  1     HBUS_READ
  wait_between_cycle  integral              32    'h0      
  begin_time          time                  64    174650   
  end_time            time                  64    174850   
-----------------------------------------------------------

UVM_INFO ../../hbus/sv/hbus_monitor.sv(109) @ 175050: uvm_test_top.tb.hbus.monitor [hbus_monitor] transaction collected :
------------------------------------------------------------
Name                  Type                  Size  Value     
------------------------------------------------------------
tr_collect            hbus_transaction      -     @11437    
  haddr               integral              16    'h11f8    
  hdata               integral              8     'hf8      
  hwr_rd              hbus_read_write_enum  1     HBUS_WRITE
  wait_between_cycle  integral              32    'h0       
  begin_time          time                  64    174950    
  end_time            time                  64    175050    
------------------------------------------------------------

UVM_INFO ../../hbus/sv/hbus_monitor.sv(109) @ 175250: uvm_test_top.tb.hbus.monitor [hbus_monitor] transaction collected :
------------------------------------------------------------
Name                  Type                  Size  Value     
------------------------------------------------------------
tr_collect            hbus_transaction      -     @11437    
  haddr               integral              16    'h11fa    
  hdata               integral              8     'h5       
  hwr_rd              hbus_read_write_enum  1     HBUS_WRITE
  wait_between_cycle  integral              32    'h0       
  begin_time          time                  64    175150    
  end_time            time                  64    175250    
------------------------------------------------------------

UVM_INFO ../../hbus/sv/hbus_monitor.sv(109) @ 175550: uvm_test_top.tb.hbus.monitor [hbus_monitor] transaction collected :
-----------------------------------------------------------
Name                  Type                  Size  Value    
-----------------------------------------------------------
tr_collect            hbus_transaction      -     @11437   
  haddr               integral              16    'h11f9   
  hdata               integral              8     'h6      
  hwr_rd              hbus_read_write_enum  1     HBUS_READ
  wait_between_cycle  integral              32    'h0      
  begin_time          time                  64    175350   
  end_time            time                  64    175550   
-----------------------------------------------------------

UVM_INFO ../../hbus/sv/hbus_monitor.sv(109) @ 175750: uvm_test_top.tb.hbus.monitor [hbus_monitor] transaction collected :
------------------------------------------------------------
Name                  Type                  Size  Value     
------------------------------------------------------------
tr_collect            hbus_transaction      -     @11437    
  haddr               integral              16    'h11f9    
  hdata               integral              8     'hf9      
  hwr_rd              hbus_read_write_enum  1     HBUS_WRITE
  wait_between_cycle  integral              32    'h0       
  begin_time          time                  64    175650    
  end_time            time                  64    175750    
------------------------------------------------------------

UVM_INFO ../../hbus/sv/hbus_monitor.sv(109) @ 175950: uvm_test_top.tb.hbus.monitor [hbus_monitor] transaction collected :
------------------------------------------------------------
Name                  Type                  Size  Value     
------------------------------------------------------------
tr_collect            hbus_transaction      -     @11437    
  haddr               integral              16    'h11fb    
  hdata               integral              8     'h4       
  hwr_rd              hbus_read_write_enum  1     HBUS_WRITE
  wait_between_cycle  integral              32    'h0       
  begin_time          time                  64    175850    
  end_time            time                  64    175950    
------------------------------------------------------------

UVM_INFO ../../hbus/sv/hbus_monitor.sv(109) @ 176250: uvm_test_top.tb.hbus.monitor [hbus_monitor] transaction collected :
-----------------------------------------------------------
Name                  Type                  Size  Value    
-----------------------------------------------------------
tr_collect            hbus_transaction      -     @11437   
  haddr               integral              16    'h11fa   
  hdata               integral              8     'h5      
  hwr_rd              hbus_read_write_enum  1     HBUS_READ
  wait_between_cycle  integral              32    'h0      
  begin_time          time                  64    176050   
  end_time            time                  64    176250   
-----------------------------------------------------------

UVM_INFO ../../hbus/sv/hbus_monitor.sv(109) @ 176450: uvm_test_top.tb.hbus.monitor [hbus_monitor] transaction collected :
------------------------------------------------------------
Name                  Type                  Size  Value     
------------------------------------------------------------
tr_collect            hbus_transaction      -     @11437    
  haddr               integral              16    'h11fa    
  hdata               integral              8     'hfa      
  hwr_rd              hbus_read_write_enum  1     HBUS_WRITE
  wait_between_cycle  integral              32    'h0       
  begin_time          time                  64    176350    
  end_time            time                  64    176450    
------------------------------------------------------------

UVM_INFO ../../hbus/sv/hbus_monitor.sv(109) @ 176650: uvm_test_top.tb.hbus.monitor [hbus_monitor] transaction collected :
------------------------------------------------------------
Name                  Type                  Size  Value     
------------------------------------------------------------
tr_collect            hbus_transaction      -     @11437    
  haddr               integral              16    'h11fc    
  hdata               integral              8     'h3       
  hwr_rd              hbus_read_write_enum  1     HBUS_WRITE
  wait_between_cycle  integral              32    'h0       
  begin_time          time                  64    176550    
  end_time            time                  64    176650    
------------------------------------------------------------

UVM_INFO ../../hbus/sv/hbus_monitor.sv(109) @ 176950: uvm_test_top.tb.hbus.monitor [hbus_monitor] transaction collected :
-----------------------------------------------------------
Name                  Type                  Size  Value    
-----------------------------------------------------------
tr_collect            hbus_transaction      -     @11437   
  haddr               integral              16    'h11fb   
  hdata               integral              8     'h4      
  hwr_rd              hbus_read_write_enum  1     HBUS_READ
  wait_between_cycle  integral              32    'h0      
  begin_time          time                  64    176750   
  end_time            time                  64    176950   
-----------------------------------------------------------

UVM_INFO ../../hbus/sv/hbus_monitor.sv(109) @ 177150: uvm_test_top.tb.hbus.monitor [hbus_monitor] transaction collected :
------------------------------------------------------------
Name                  Type                  Size  Value     
------------------------------------------------------------
tr_collect            hbus_transaction      -     @11437    
  haddr               integral              16    'h11fb    
  hdata               integral              8     'hfb      
  hwr_rd              hbus_read_write_enum  1     HBUS_WRITE
  wait_between_cycle  integral              32    'h0       
  begin_time          time                  64    177050    
  end_time            time                  64    177150    
------------------------------------------------------------

UVM_INFO ../../hbus/sv/hbus_monitor.sv(109) @ 177350: uvm_test_top.tb.hbus.monitor [hbus_monitor] transaction collected :
------------------------------------------------------------
Name                  Type                  Size  Value     
------------------------------------------------------------
tr_collect            hbus_transaction      -     @11437    
  haddr               integral              16    'h11fd    
  hdata               integral              8     'h2       
  hwr_rd              hbus_read_write_enum  1     HBUS_WRITE
  wait_between_cycle  integral              32    'h0       
  begin_time          time                  64    177250    
  end_time            time                  64    177350    
------------------------------------------------------------

UVM_INFO ../../hbus/sv/hbus_monitor.sv(109) @ 177650: uvm_test_top.tb.hbus.monitor [hbus_monitor] transaction collected :
-----------------------------------------------------------
Name                  Type                  Size  Value    
-----------------------------------------------------------
tr_collect            hbus_transaction      -     @11437   
  haddr               integral              16    'h11fc   
  hdata               integral              8     'h3      
  hwr_rd              hbus_read_write_enum  1     HBUS_READ
  wait_between_cycle  integral              32    'h0      
  begin_time          time                  64    177450   
  end_time            time                  64    177650   
-----------------------------------------------------------

UVM_INFO ../../hbus/sv/hbus_monitor.sv(109) @ 177850: uvm_test_top.tb.hbus.monitor [hbus_monitor] transaction collected :
------------------------------------------------------------
Name                  Type                  Size  Value     
------------------------------------------------------------
tr_collect            hbus_transaction      -     @11437    
  haddr               integral              16    'h11fc    
  hdata               integral              8     'hfc      
  hwr_rd              hbus_read_write_enum  1     HBUS_WRITE
  wait_between_cycle  integral              32    'h0       
  begin_time          time                  64    177750    
  end_time            time                  64    177850    
------------------------------------------------------------

UVM_INFO ../../hbus/sv/hbus_monitor.sv(109) @ 178050: uvm_test_top.tb.hbus.monitor [hbus_monitor] transaction collected :
------------------------------------------------------------
Name                  Type                  Size  Value     
------------------------------------------------------------
tr_collect            hbus_transaction      -     @11437    
  haddr               integral              16    'h11fe    
  hdata               integral              8     'h1       
  hwr_rd              hbus_read_write_enum  1     HBUS_WRITE
  wait_between_cycle  integral              32    'h0       
  begin_time          time                  64    177950    
  end_time            time                  64    178050    
------------------------------------------------------------

UVM_INFO ../../hbus/sv/hbus_monitor.sv(109) @ 178350: uvm_test_top.tb.hbus.monitor [hbus_monitor] transaction collected :
-----------------------------------------------------------
Name                  Type                  Size  Value    
-----------------------------------------------------------
tr_collect            hbus_transaction      -     @11437   
  haddr               integral              16    'h11fd   
  hdata               integral              8     'h2      
  hwr_rd              hbus_read_write_enum  1     HBUS_READ
  wait_between_cycle  integral              32    'h0      
  begin_time          time                  64    178150   
  end_time            time                  64    178350   
-----------------------------------------------------------

UVM_INFO ../../hbus/sv/hbus_monitor.sv(109) @ 178550: uvm_test_top.tb.hbus.monitor [hbus_monitor] transaction collected :
------------------------------------------------------------
Name                  Type                  Size  Value     
------------------------------------------------------------
tr_collect            hbus_transaction      -     @11437    
  haddr               integral              16    'h11fd    
  hdata               integral              8     'hfd      
  hwr_rd              hbus_read_write_enum  1     HBUS_WRITE
  wait_between_cycle  integral              32    'h0       
  begin_time          time                  64    178450    
  end_time            time                  64    178550    
------------------------------------------------------------

UVM_INFO ../../hbus/sv/hbus_monitor.sv(109) @ 178750: uvm_test_top.tb.hbus.monitor [hbus_monitor] transaction collected :
------------------------------------------------------------
Name                  Type                  Size  Value     
------------------------------------------------------------
tr_collect            hbus_transaction      -     @11437    
  haddr               integral              16    'h11ff    
  hdata               integral              8     'h0       
  hwr_rd              hbus_read_write_enum  1     HBUS_WRITE
  wait_between_cycle  integral              32    'h0       
  begin_time          time                  64    178650    
  end_time            time                  64    178750    
------------------------------------------------------------

UVM_INFO ../../hbus/sv/hbus_monitor.sv(109) @ 179050: uvm_test_top.tb.hbus.monitor [hbus_monitor] transaction collected :
-----------------------------------------------------------
Name                  Type                  Size  Value    
-----------------------------------------------------------
tr_collect            hbus_transaction      -     @11437   
  haddr               integral              16    'h11fe   
  hdata               integral              8     'h1      
  hwr_rd              hbus_read_write_enum  1     HBUS_READ
  wait_between_cycle  integral              32    'h0      
  begin_time          time                  64    178850   
  end_time            time                  64    179050   
-----------------------------------------------------------

UVM_INFO ../../hbus/sv/hbus_monitor.sv(109) @ 179250: uvm_test_top.tb.hbus.monitor [hbus_monitor] transaction collected :
------------------------------------------------------------
Name                  Type                  Size  Value     
------------------------------------------------------------
tr_collect            hbus_transaction      -     @11437    
  haddr               integral              16    'h11fe    
  hdata               integral              8     'hfe      
  hwr_rd              hbus_read_write_enum  1     HBUS_WRITE
  wait_between_cycle  integral              32    'h0       
  begin_time          time                  64    179150    
  end_time            time                  64    179250    
------------------------------------------------------------

UVM_INFO ../../hbus/sv/hbus_monitor.sv(109) @ 179550: uvm_test_top.tb.hbus.monitor [hbus_monitor] transaction collected :
-----------------------------------------------------------
Name                  Type                  Size  Value    
-----------------------------------------------------------
tr_collect            hbus_transaction      -     @11437   
  haddr               integral              16    'h11ff   
  hdata               integral              8     'h0      
  hwr_rd              hbus_read_write_enum  1     HBUS_READ
  wait_between_cycle  integral              32    'h0      
  begin_time          time                  64    179350   
  end_time            time                  64    179550   
-----------------------------------------------------------

UVM_INFO /mnt/hd2/cadmgr/cadence/installs/XCELIUM2103/tools/methodology/UVM/CDNS-1.1d/sv/src/base/uvm_objection.svh(1268) @ 199500: reporter [TEST_DONE] 'run' phase is ready to proceed to the 'extract' phase
UVM_INFO ../../router/sv/router_scoreboard.sv(218) @ 199500: uvm_test_top.tb.router_mod.scoreboard [router_scoreboard] Checking Router Scoreboard
UVM_INFO ../../router/sv/router_scoreboard.sv(222) @ 199500: uvm_test_top.tb.router_mod.scoreboard [router_scoreboard] Check:

   Router Scoreboard Empty!

UVM_INFO ../../channel/sv/channel_rx_driver.sv(94) @ 199500: uvm_test_top.tb.chan0.rx_agent.driver [channel_rx_driver] Report: Channel_0 RX Driver Sent 0 Responses
UVM_INFO ../../channel/sv/channel_rx_monitor.sv(157) @ 199500: uvm_test_top.tb.chan0.rx_agent.monitor [channel_rx_monitor] Report: Channel_0 Monitor Collected 0 Packets
UVM_INFO ../../channel/sv/channel_rx_driver.sv(94) @ 199500: uvm_test_top.tb.chan1.rx_agent.driver [channel_rx_driver] Report: Channel_1 RX Driver Sent 0 Responses
UVM_INFO ../../channel/sv/channel_rx_monitor.sv(157) @ 199500: uvm_test_top.tb.chan1.rx_agent.monitor [channel_rx_monitor] Report: Channel_1 Monitor Collected 0 Packets
UVM_INFO ../../channel/sv/channel_rx_driver.sv(94) @ 199500: uvm_test_top.tb.chan2.rx_agent.driver [channel_rx_driver] Report: Channel_2 RX Driver Sent 0 Responses
UVM_INFO ../../channel/sv/channel_rx_monitor.sv(157) @ 199500: uvm_test_top.tb.chan2.rx_agent.monitor [channel_rx_monitor] Report: Channel_2 Monitor Collected 0 Packets
UVM_INFO ../../hbus/sv/hbus_monitor.sv(132) @ 199500: uvm_test_top.tb.hbus.monitor [hbus_monitor] Report: HBUS Monitor Collected 511 WRITE and 256 READ Transactions
UVM_INFO ../../router/sv/router_reference.sv(52) @ 199500: uvm_test_top.tb.router_mod.reference [router_reference] Report:
   Router Reference: Packet Statistics 
     Packets Dropped:   0
     Packets Forwarded: 0
     Oversized Packets: 0

UVM_INFO ../../router/sv/router_scoreboard.sv(227) @ 199500: uvm_test_top.tb.router_mod.scoreboard [router_scoreboard] Report:

   Scoreboard: Packet Statistics 
     Packets In:   0     Packets Dropped: 0
     Channel 0 Total: 0  Pass: 0  Miscompare: 0  Dropped: 0
     Channel 1 Total: 0  Pass: 0  Miscompare: 0  Dropped: 0
     Channel 2 Total: 0  Pass: 0  Miscompare: 0  Dropped: 0


UVM_INFO ../../router/sv/router_scoreboard.sv(231) @ 199500: uvm_test_top.tb.router_mod.scoreboard [router_scoreboard] Status:

Simulation PASSED

UVM_INFO ../../yapp/sv/yapp_tx_driver.sv(91) @ 199500: uvm_test_top.tb.yapp.tx_agent.driver [yapp_tx_driver] Report: YAPP TX driver sent 0 packets
UVM_INFO ../../yapp/sv/yapp_tx_monitor.sv(74) @ 199500: uvm_test_top.tb.yapp.tx_agent.monitor [yapp_tx_monitor] Report: YAPP Monitor Collected 0 Packets

--- UVM Report catcher Summary ---


Number of demoted UVM_FATAL reports  :    0
Number of demoted UVM_ERROR reports  :    0
Number of demoted UVM_WARNING reports:    0
Number of caught UVM_FATAL reports   :    0
Number of caught UVM_ERROR reports   :    0
Number of caught UVM_WARNING reports :    0

--- UVM Report Summary ---

** Report counts by severity
UVM_INFO :  790
UVM_WARNING :    0
UVM_ERROR :    1
UVM_FATAL :    0
** Report counts by id
[RNTST]     1
[STARTING_SEQ]     1
[TEST_DONE]     1
[UVMTOP]     1
[channel_rx_driver]     3
[channel_rx_monitor]     3
[channel_rx_resp_seq]     3
[clock_and_reset_sequence]     1
[hbus_monitor]   768
[router_reference]     1
[router_scoreboard]     4
[uvm_mem_walk_seq]     2
[yapp_tx_driver]     1
[yapp_tx_monitor]     1
Simulation complete via $finish(1) at time 19950 NS + 46
/mnt/hd2/cadmgr/cadence/installs/XCELIUM2103/tools/methodology/UVM/CDNS-1.1d/sv/src/base/uvm_root.svh:457     $finish;
xcelium> exit
TOOL:	xrun(64)	21.03-s015: Exiting on Oct 14, 2022 at 14:17:07 BST  (total: 00:00:04)
