xrun(64): 22.09-s010: (c) Copyright 1995-2023 Cadence Design Systems, Inc.
TOOL:	xrun(64)	22.09-s010: Started on Mar 23, 2025 at 17:38:13 EDT
xrun
	-f run.f
		-64
		-access rwc
		-uvmhome /software/commercial/cadence/XCELIUM2209/tools/methodology/UVM/CDNS-1.1d
		+UVM_VERBOSITY=UVM_FULL
		+UVM_TESTNAME=check_on_read_test
		+UVM_NO_RELNOTES
		-timescale 1ns/100ps
		-incdir ../sv
		-incdir ../../yapp/sv
		-incdir ../../channel/sv
		-incdir ../../hbus/sv
		-incdir ../../clock_and_reset/sv
		../../yapp/sv/yapp_pkg.sv
		../../yapp/sv/yapp_if.sv
		cdns_uvmreg_utils_pkg.sv
		yapp_router_regs_rdb.sv
		../sv/router_module_pkg.sv
		../../channel/sv/channel_pkg.sv
		../../channel/sv/channel_if.sv
		../../hbus/sv/hbus_pkg.sv
		../../hbus/sv/hbus_if.sv
		../../clock_and_reset/sv/clock_and_reset_pkg.sv
		../../clock_and_reset/sv/clock_and_reset_if.sv
		clkgen.sv
		tb_top.sv
		hw_top.sv
		../../router_rtl/yapp_router.sv

   User defined plus("+") options:
	+UVM_VERBOSITY=UVM_FULL
	+UVM_NO_RELNOTES

Loading snapshot worklib.tb_top:sv .................... Done
SVSEED default: 1
xmsim: *W,DSEM2009: This SystemVerilog design is simulated as per IEEE 1800-2009 SystemVerilog simulation semantics. Use -disable_sem2009 option for turning off SV 2009 simulation semantics.
xcelium> source /software/commercial/cadence/XCELIUM2209/tools/xcelium/files/xmsimrc
xcelium> source /software/commercial/cadence/XCELIUM2209/tools/methodology/UVM/CDNS-1.1d/additions/sv/files/tcl/uvm_sim.tcl
xcelium> run
----------------------------------------------------------------
CDNS-UVM-1.1d (22.09-s010)
(C) 2007-2013 Mentor Graphics Corporation
(C) 2007-2013 Cadence Design Systems, Inc.
(C) 2006-2013 Synopsys, Inc.
(C) 2011-2013 Cypress Semiconductor Corp.
----------------------------------------------------------------
UVM_INFO @ 0: reporter [RNTST] Running test check_on_read_test...
UVM_INFO router_tb.sv(34) @ 0: uvm_test_top.tb [MSG] In the build phase
UVM_INFO ../../channel/sv/channel_rx_monitor.sv(68) @ 0: uvm_test_top.tb.chan0.rx_agent.monitor [NOCOV] Coverage not enabled for: uvm_test_top.tb.chan0.rx_agent.monitor
UVM_INFO ../../channel/sv/channel_rx_monitor.sv(68) @ 0: uvm_test_top.tb.chan1.rx_agent.monitor [NOCOV] Coverage not enabled for: uvm_test_top.tb.chan1.rx_agent.monitor
UVM_INFO ../../channel/sv/channel_rx_monitor.sv(68) @ 0: uvm_test_top.tb.chan2.rx_agent.monitor [NOCOV] Coverage not enabled for: uvm_test_top.tb.chan2.rx_agent.monitor
UVM_INFO @ 0: reporter [UVMTOP] UVM testbench topology:
----------------------------------------------------------------------------------------------------------------------------------------------------------------------
Name                                     Type                                                                               Size  Value                               
----------------------------------------------------------------------------------------------------------------------------------------------------------------------
uvm_test_top                             check_on_read_test                                                                 -     @3186                               
  tb                                     router_tb                                                                          -     @3299                               
    chan0                                channel_env                                                                        -     @3421                               
      rx_agent                           channel_rx_agent                                                                   -     @4739                               
        driver                           channel_rx_driver                                                                  -     @5543                               
          rsp_port                       uvm_analysis_port                                                                  -     @5694                               
            recording_detail             integral                                                                           32    'd1                                 
          seq_item_port                  uvm_seq_item_pull_port                                                             -     @5645                               
            recording_detail             integral                                                                           32    'd1                                 
          channel_id                     integral                                                                           32    'h0                                 
          recording_detail               integral                                                                           32    'd1                                 
        monitor                          channel_rx_monitor                                                                 -     @4736                               
          item_collected_port            uvm_analysis_port                                                                  -     @4927                               
            recording_detail             integral                                                                           32    'd1                                 
          channel_id                     integral                                                                           32    'h0                                 
          checks_enable                  integral                                                                           1     'h1                                 
          coverage_enable                integral                                                                           1     'h1                                 
          recording_detail               integral                                                                           32    'd1                                 
        sequencer                        channel_rx_sequencer                                                               -     @4957                               
          rsp_export                     uvm_analysis_export                                                                -     @5014                               
            recording_detail             integral                                                                           32    'd1                                 
          seq_item_export                uvm_seq_item_pull_imp                                                              -     @5564                               
            recording_detail             integral                                                                           32    'd1                                 
          recording_detail               integral                                                                           32    'd1                                 
          arbitration_queue              array                                                                              0     -                                   
          lock_queue                     array                                                                              0     -                                   
          num_last_reqs                  integral                                                                           32    'd1                                 
          num_last_rsps                  integral                                                                           32    'd1                                 
        is_active                        uvm_active_passive_enum                                                            1     UVM_ACTIVE                          
        recording_detail                 integral                                                                           32    'd1                                 
      channel_id                         integral                                                                           32    'h0                                 
      checks_enable                      integral                                                                           1     'h1                                 
      coverage_enable                    integral                                                                           1     'h1                                 
      recording_detail                   integral                                                                           32    'd1                                 
    chan1                                channel_env                                                                        -     @3398                               
      rx_agent                           channel_rx_agent                                                                   -     @5748                               
        driver                           channel_rx_driver                                                                  -     @6437                               
          rsp_port                       uvm_analysis_port                                                                  -     @6582                               
            recording_detail             integral                                                                           32    'd1                                 
          seq_item_port                  uvm_seq_item_pull_port                                                             -     @6534                               
            recording_detail             integral                                                                           32    'd1                                 
          channel_id                     integral                                                                           32    'h1                                 
          recording_detail               integral                                                                           32    'd1                                 
        monitor                          channel_rx_monitor                                                                 -     @5745                               
          item_collected_port            uvm_analysis_port                                                                  -     @5832                               
            recording_detail             integral                                                                           32    'd1                                 
          channel_id                     integral                                                                           32    'h1                                 
          checks_enable                  integral                                                                           1     'h1                                 
          coverage_enable                integral                                                                           1     'h1                                 
          recording_detail               integral                                                                           32    'd1                                 
        sequencer                        channel_rx_sequencer                                                               -     @5812                               
          rsp_export                     uvm_analysis_export                                                                -     @5917                               
            recording_detail             integral                                                                           32    'd1                                 
          seq_item_export                uvm_seq_item_pull_imp                                                              -     @6457                               
            recording_detail             integral                                                                           32    'd1                                 
          recording_detail               integral                                                                           32    'd1                                 
          arbitration_queue              array                                                                              0     -                                   
          lock_queue                     array                                                                              0     -                                   
          num_last_reqs                  integral                                                                           32    'd1                                 
          num_last_rsps                  integral                                                                           32    'd1                                 
        is_active                        uvm_active_passive_enum                                                            1     UVM_ACTIVE                          
        recording_detail                 integral                                                                           32    'd1                                 
      channel_id                         integral                                                                           32    'h1                                 
      checks_enable                      integral                                                                           1     'h1                                 
      coverage_enable                    integral                                                                           1     'h1                                 
      recording_detail                   integral                                                                           32    'd1                                 
    chan2                                channel_env                                                                        -     @3450                               
      rx_agent                           channel_rx_agent                                                                   -     @6634                               
        driver                           channel_rx_driver                                                                  -     @7323                               
          rsp_port                       uvm_analysis_port                                                                  -     @7468                               
            recording_detail             integral                                                                           32    'd1                                 
          seq_item_port                  uvm_seq_item_pull_port                                                             -     @7420                               
            recording_detail             integral                                                                           32    'd1                                 
          channel_id                     integral                                                                           32    'h2                                 
          recording_detail               integral                                                                           32    'd1                                 
        monitor                          channel_rx_monitor                                                                 -     @6631                               
          item_collected_port            uvm_analysis_port                                                                  -     @6718                               
            recording_detail             integral                                                                           32    'd1                                 
          channel_id                     integral                                                                           32    'h2                                 
          checks_enable                  integral                                                                           1     'h1                                 
          coverage_enable                integral                                                                           1     'h1                                 
          recording_detail               integral                                                                           32    'd1                                 
        sequencer                        channel_rx_sequencer                                                               -     @6698                               
          rsp_export                     uvm_analysis_export                                                                -     @6803                               
            recording_detail             integral                                                                           32    'd1                                 
          seq_item_export                uvm_seq_item_pull_imp                                                              -     @7343                               
            recording_detail             integral                                                                           32    'd1                                 
          recording_detail               integral                                                                           32    'd1                                 
          arbitration_queue              array                                                                              0     -                                   
          lock_queue                     array                                                                              0     -                                   
          num_last_reqs                  integral                                                                           32    'd1                                 
          num_last_rsps                  integral                                                                           32    'd1                                 
        is_active                        uvm_active_passive_enum                                                            1     UVM_ACTIVE                          
        recording_detail                 integral                                                                           32    'd1                                 
      channel_id                         integral                                                                           32    'h2                                 
      checks_enable                      integral                                                                           1     'h1                                 
      coverage_enable                    integral                                                                           1     'h1                                 
      recording_detail                   integral                                                                           32    'd1                                 
    clock_and_reset                      clock_and_reset_env                                                                -     @3338                               
      agent                              clock_and_reset_agent                                                              -     @7519                               
        driver                           clock_and_reset_driver                                                             -     @7550                               
          rsp_port                       uvm_analysis_port                                                                  -     @7651                               
            recording_detail             integral                                                                           32    'd1                                 
          seq_item_port                  uvm_seq_item_pull_port                                                             -     @7600                               
            recording_detail             integral                                                                           32    'd1                                 
          recording_detail               integral                                                                           32    'd1                                 
        sequencer                        clock_and_reset_sequencer                                                          -     @7630                               
          rsp_export                     uvm_analysis_export                                                                -     @7740                               
            recording_detail             integral                                                                           32    'd1                                 
          seq_item_export                uvm_seq_item_pull_imp                                                              -     @8288                               
            recording_detail             integral                                                                           32    'd1                                 
          recording_detail               integral                                                                           32    'd1                                 
          arbitration_queue              array                                                                              0     -                                   
          lock_queue                     array                                                                              0     -                                   
          num_last_reqs                  integral                                                                           32    'd1                                 
          num_last_rsps                  integral                                                                           32    'd1                                 
        recording_detail                 integral                                                                           32    'd1                                 
      recording_detail                   integral                                                                           32    'd1                                 
    hbus                                 hbus_env                                                                           -     @3527                               
      masters[0]                         hbus_master_agent                                                                  -     @8422                               
        driver                           hbus_master_driver                                                                 -     @9041                               
          rsp_port                       uvm_analysis_port                                                                  -     @9192                               
            recording_detail             integral                                                                           32    'd1                                 
          seq_item_port                  uvm_seq_item_pull_port                                                             -     @9143                               
            recording_detail             integral                                                                           32    'd1                                 
          random_delay                   integral                                                                           1     'h0                                 
          master_id                      integral                                                                           32    'h0                                 
          recording_detail               integral                                                                           32    'd1                                 
        sequencer                        hbus_master_sequencer                                                              -     @8454                               
          rsp_export                     uvm_analysis_export                                                                -     @8514                               
            recording_detail             integral                                                                           32    'd1                                 
          seq_item_export                uvm_seq_item_pull_imp                                                              -     @9062                               
            recording_detail             integral                                                                           32    'd1                                 
          recording_detail               integral                                                                           32    'd1                                 
          arbitration_queue              array                                                                              0     -                                   
          lock_queue                     array                                                                              0     -                                   
          num_last_reqs                  integral                                                                           32    'd1                                 
          num_last_rsps                  integral                                                                           32    'd1                                 
        monitor                          hbus_monitor                                                                       -     @8340                               
        is_active                        uvm_active_passive_enum                                                            1     UVM_ACTIVE                          
        master_id                        integral                                                                           32    'h0                                 
        recording_detail                 integral                                                                           32    'd1                                 
      monitor                            hbus_monitor                                                                       -     @8340                               
        item_collected_port              uvm_analysis_port                                                                  -     @8390                               
          recording_detail               integral                                                                           32    'd1                                 
        checks_enable                    integral                                                                           1     'h1                                 
        coverage_enable                  integral                                                                           1     'h1                                 
        recording_detail                 integral                                                                           32    'd1                                 
      num_masters                        integral                                                                           32    'h1                                 
      num_slaves                         integral                                                                           32    'h0                                 
      checks_enable                      integral                                                                           1     'h1                                 
      coverage_enable                    integral                                                                           1     'h1                                 
      recording_detail                   integral                                                                           32    'd1                                 
    mcsequencer                          router_mcsequencer                                                                 -     @3510                               
      rsp_export                         uvm_analysis_export                                                                -     @3617                               
        recording_detail                 integral                                                                           32    'd1                                 
      seq_item_export                    uvm_seq_item_pull_imp                                                              -     @4167                               
        recording_detail                 integral                                                                           32    'd1                                 
      recording_detail                   integral                                                                           32    'd1                                 
      arbitration_queue                  array                                                                              0     -                                   
      lock_queue                         array                                                                              0     -                                   
      num_last_reqs                      integral                                                                           32    'd1                                 
      num_last_rsps                      integral                                                                           32    'd1                                 
    router_mod                           router_env                                                                         -     @4146                               
      reference                          router_reference                                                                   -     @9487                               
        hbus_in                          uvm_analysis_imp_hbus                                                              -     @9536                               
          recording_detail               integral                                                                           32    'd1                                 
        sb_add_out                       uvm_analysis_port                                                                  -     @9634                               
          recording_detail               integral                                                                           32    'd1                                 
        yapp_in                          uvm_analysis_imp_yapp                                                              -     @9585                               
          recording_detail               integral                                                                           32    'd1                                 
        recording_detail                 integral                                                                           32    'd1                                 
      router_chan0                       uvm_analysis_export                                                                -     @4350                               
        recording_detail                 integral                                                                           32    'd1                                 
      router_chan1                       uvm_analysis_export                                                                -     @4401                               
        recording_detail                 integral                                                                           32    'd1                                 
      router_chan2                       uvm_analysis_export                                                                -     @4450                               
        recording_detail                 integral                                                                           32    'd1                                 
      router_hbus                        uvm_analysis_export                                                                -     @4299                               
        recording_detail                 integral                                                                           32    'd1                                 
      router_yapp                        uvm_analysis_export                                                                -     @4248                               
        recording_detail                 integral                                                                           32    'd1                                 
      scoreboard                         router_scoreboard                                                                  -     @9258                               
        sb_chan0                         uvm_analysis_imp_chan0                                                             -     @9359                               
          recording_detail               integral                                                                           32    'd1                                 
        sb_chan1                         uvm_analysis_imp_chan1                                                             -     @9408                               
          recording_detail               integral                                                                           32    'd1                                 
        sb_chan2                         uvm_analysis_imp_chan2                                                             -     @9457                               
          recording_detail               integral                                                                           32    'd1                                 
        sb_yapp_in                       uvm_analysis_imp_yapp                                                              -     @9310                               
          recording_detail               integral                                                                           32    'd1                                 
        compare_policy                   comp_t                                                                             1     UVM                                 
        recording_detail                 integral                                                                           32    'd1                                 
      recording_detail                   integral                                                                           32    'd1                                 
    yapp                                 yapp_env                                                                           -     @3330                               
      tx_agent                           yapp_tx_agent                                                                      -     @9681                               
        driver                           yapp_tx_driver                                                                     -     @10377                              
          rsp_port                       uvm_analysis_port                                                                  -     @10528                              
            recording_detail             integral                                                                           32    'd1                                 
          seq_item_port                  uvm_seq_item_pull_port                                                             -     @10479                              
            recording_detail             integral                                                                           32    'd1                                 
          num_sent                       integral                                                                           32    'h0                                 
          recording_detail               integral                                                                           32    'd1                                 
        monitor                          yapp_tx_monitor                                                                    -     @9716                               
          item_collected_port            uvm_analysis_port                                                                  -     @9763                               
            recording_detail             integral                                                                           32    'd1                                 
          num_pkts                       integral                                                                           32    'h0                                 
          recording_detail               integral                                                                           32    'd1                                 
        sequencer                        yapp_tx_sequencer                                                                  -     @9793                               
          rsp_export                     uvm_analysis_export                                                                -     @9850                               
            recording_detail             integral                                                                           32    'd1                                 
          seq_item_export                uvm_seq_item_pull_imp                                                              -     @10398                              
            recording_detail             integral                                                                           32    'd1                                 
          recording_detail               integral                                                                           32    'd1                                 
          arbitration_queue              array                                                                              0     -                                   
          lock_queue                     array                                                                              0     -                                   
          num_last_reqs                  integral                                                                           32    'd1                                 
          num_last_rsps                  integral                                                                           32    'd1                                 
        is_active                        uvm_active_passive_enum                                                            1     UVM_ACTIVE                          
        recording_detail                 integral                                                                           32    'd1                                 
      recording_detail                   integral                                                                           32    'd1                                 
    yapp_rm                              yapp_router_regs_vendor_Cadence_Design_Systems_library_Yapp_Registers_version_1_5  -     @4480                               
      router_yapp_regs                   yapp_regs_c                                                                        -     @4546                               
        addr0_cnt_reg                    addr0_cnt_reg_c                                                                    -     @161                                
          non_reserved_auto_added_field  uvm_reg_field                                                                      ...    RO addr0_cnt_reg[7:0]=8'h00        
        addr1_cnt_reg                    addr1_cnt_reg_c                                                                    -     @4589                               
          non_reserved_auto_added_field  uvm_reg_field                                                                      ...    RO addr1_cnt_reg[7:0]=8'h00        
        addr2_cnt_reg                    addr2_cnt_reg_c                                                                    -     @4603                               
          non_reserved_auto_added_field  uvm_reg_field                                                                      ...    RO addr2_cnt_reg[7:0]=8'h00        
        addr3_cnt_reg                    illegal_addr_cnt_reg_c                                                             -     @4618                               
          non_reserved_auto_added_field  uvm_reg_field                                                                      ...    RO addr3_cnt_reg[7:0]=8'h00        
        ctrl_reg                         ctrl_reg_c                                                                         -     @4633                               
          plen                           uvm_reg_field                                                                      ...    RW ctrl_reg[5:0]=6'h00             
        en_reg                           en_reg_c                                                                           -     @4648                               
          router_en                      uvm_reg_field                                                                      ...    RW en_reg[0:0]=1'h0                
          parity_err_cnt_en              uvm_reg_field                                                                      ...    RW en_reg[1:1]=1'h0                
          oversized_pkt_cnt_en           uvm_reg_field                                                                      ...    RW en_reg[2:2]=1'h0                
          addr0_cnt_en                   uvm_reg_field                                                                      ...    RW en_reg[4:4]=1'h0                
          addr1_cnt_en                   uvm_reg_field                                                                      ...    RW en_reg[5:5]=1'h0                
          addr2_cnt_en                   uvm_reg_field                                                                      ...    RW en_reg[6:6]=1'h0                
          addr3_cnt_en                   uvm_reg_field                                                                      ...    RW en_reg[7:7]=1'h0                
        mem_size_reg                     mem_size_reg_c                                                                     -     @4663                               
          non_reserved_auto_added_field  uvm_reg_field                                                                      ...    RO mem_size_reg[7:0]=8'h00         
        oversized_pkt_cnt_reg            oversized_pkt_cnt_reg_c                                                            -     @4696                               
          non_reserved_auto_added_field  uvm_reg_field                                                                      ...    RO oversized_pkt_cnt_reg[7:0]=8'h00
        parity_err_cnt_reg               parity_err_cnt_reg_c                                                               -     @4711                               
          non_reserved_auto_added_field  uvm_reg_field                                                                      ...    RO parity_err_cnt_reg[7:0]=8'h00   
      router_yapp_mem                    yapp_mem_c                                                                         -     @4503                               
        n_bits                           integral                                                                           32    'd8                                 
        size                             integral                                                                           32    'd256                               
      router_yapp_pkt_mem                yapp_pkt_mem_c                                                                     -     @4525                               
        n_bits                           integral                                                                           32    'd8                                 
        size                             integral                                                                           32    'd64                                
    recording_detail                     integral                                                                           32    'd1                                 
----------------------------------------------------------------------------------------------------------------------------------------------------------------------

UVM_INFO ../../yapp/sv/yapp_tx_driver.sv(24) @ 0: uvm_test_top.tb.yapp.tx_agent.driver [yapp_tx_driver] 
start of simulation for uvm_test_top.tb.yapp.tx_agent.driver
UVM_INFO ../../yapp/sv/yapp_tx_monitor.sv(28) @ 0: uvm_test_top.tb.yapp.tx_agent.monitor [yapp_tx_monitor] 
start of simulation for uvm_test_top.tb.yapp.tx_agent.monitor
UVM_INFO ../../yapp/sv/yapp_tx_sequencer.sv(16) @ 0: uvm_test_top.tb.yapp.tx_agent.sequencer [yapp_tx_sequencer] start of simulation for uvm_test_top.tb.yapp.tx_agent.sequencer
UVM_INFO ../../yapp/sv/yapp_tx_agent.sv(34) @ 0: uvm_test_top.tb.yapp.tx_agent [yapp_tx_agent] 
start of simulation for uvm_test_top.tb.yapp.tx_agent
UVM_INFO ../../yapp/sv/yapp_env.sv(20) @ 0: uvm_test_top.tb.yapp [yapp_env] 
start of simulation for uvm_test_top.tb.yapp
UVM_INFO router_test_lib.sv(31) @ 0: uvm_test_top [check_on_read_test] start of simulation for uvm_test_top
UVM_INFO /software/commercial/cadence/XCELIUM2209/tools/methodology/UVM/CDNS-1.1d/sv/src/reg/uvm_reg_map.svh(1869) @ 0: reporter [uvm_reg_map] Writing 'h1 at 'h1001 via map "yapp_rm.router_yapp_regs.router_yapp_regs"...
UVM_INFO /software/commercial/cadence/XCELIUM2209/tools/methodology/UVM/CDNS-1.1d/sv/src/seq/uvm_sequencer_base.svh(1385) @ 0: uvm_test_top.tb.yapp.tx_agent.sequencer [PHASESEQ] No default phase sequence for phase 'run'
UVM_INFO /software/commercial/cadence/XCELIUM2209/tools/methodology/UVM/CDNS-1.1d/sv/src/seq/uvm_sequencer_base.svh(1385) @ 0: uvm_test_top.tb.mcsequencer [PHASESEQ] No default phase sequence for phase 'run'
UVM_INFO /software/commercial/cadence/XCELIUM2209/tools/methodology/UVM/CDNS-1.1d/sv/src/seq/uvm_sequencer_base.svh(1385) @ 0: uvm_test_top.tb.hbus.masters[0].sequencer [PHASESEQ] No default phase sequence for phase 'run'
UVM_INFO /software/commercial/cadence/XCELIUM2209/tools/methodology/UVM/CDNS-1.1d/sv/src/seq/uvm_sequencer_base.svh(1391) @ 0: uvm_test_top.tb.clock_and_reset.agent.sequencer [PHASESEQ] Starting default sequence 'clk10_rst5_seq' for phase 'run'
SDI/Verilog Transaction Recording Facility Version 22.09-s010
UVM_INFO /software/commercial/cadence/XCELIUM2209/tools/methodology/UVM/CDNS-1.1d/sv/src/seq/uvm_sequencer_base.svh(1391) @ 0: uvm_test_top.tb.chan2.rx_agent.sequencer [PHASESEQ] Starting default sequence 'channel_rx_resp_seq' for phase 'run'
UVM_INFO ../../channel/sv/channel_rx_monitor.sv(109) @ 0: uvm_test_top.tb.chan2.rx_agent.monitor [channel_rx_monitor] Inside the run() phase
UVM_INFO /software/commercial/cadence/XCELIUM2209/tools/methodology/UVM/CDNS-1.1d/sv/src/seq/uvm_sequencer_base.svh(1391) @ 0: uvm_test_top.tb.chan1.rx_agent.sequencer [PHASESEQ] Starting default sequence 'channel_rx_resp_seq' for phase 'run'
UVM_INFO ../../channel/sv/channel_rx_monitor.sv(109) @ 0: uvm_test_top.tb.chan1.rx_agent.monitor [channel_rx_monitor] Inside the run() phase
UVM_INFO /software/commercial/cadence/XCELIUM2209/tools/methodology/UVM/CDNS-1.1d/sv/src/seq/uvm_sequencer_base.svh(1391) @ 0: uvm_test_top.tb.chan0.rx_agent.sequencer [PHASESEQ] Starting default sequence 'channel_rx_resp_seq' for phase 'run'
UVM_INFO ../../channel/sv/channel_rx_monitor.sv(109) @ 0: uvm_test_top.tb.chan0.rx_agent.monitor [channel_rx_monitor] Inside the run() phase
UVM_INFO ../../clock_and_reset/sv/clock_and_reset_seq.sv(48) @ 0: uvm_test_top.tb.clock_and_reset.agent.sequencer@@clk10_rst5_seq [clk10_rst5_seq] Starting test_sequence sequence body
UVM_INFO ../../channel/sv/channel_rx_seqs.sv(33) @ 0: uvm_test_top.tb.chan2.rx_agent.sequencer@@channel_rx_resp_seq [channel_rx_resp_seq] Executing channel_rx_resp_seq (forever)
UVM_INFO ../../channel/sv/channel_rx_seqs.sv(33) @ 0: uvm_test_top.tb.chan1.rx_agent.sequencer@@channel_rx_resp_seq [channel_rx_resp_seq] Executing channel_rx_resp_seq (forever)
UVM_INFO ../../channel/sv/channel_rx_seqs.sv(33) @ 0: uvm_test_top.tb.chan0.rx_agent.sequencer@@channel_rx_resp_seq [channel_rx_resp_seq] Executing channel_rx_resp_seq (forever)
UVM_INFO ../../clock_and_reset/sv/clock_and_reset_seq.sv(20) @ 0: uvm_test_top.tb.clock_and_reset.agent.sequencer@@clk10_rst5_seq.cr [clock_and_reset_sequence] starting body clock_and_reset_wait_seq
UVM_INFO /software/commercial/cadence/XCELIUM2209/tools/methodology/UVM/CDNS-1.1d/sv/src/seq/uvm_sequencer_base.svh(1385) @ 0: uvm_test_top.tb.yapp.tx_agent.sequencer [PHASESEQ] No default phase sequence for phase 'pre_reset'
UVM_INFO /software/commercial/cadence/XCELIUM2209/tools/methodology/UVM/CDNS-1.1d/sv/src/seq/uvm_sequencer_base.svh(1385) @ 0: uvm_test_top.tb.mcsequencer [PHASESEQ] No default phase sequence for phase 'pre_reset'
UVM_INFO /software/commercial/cadence/XCELIUM2209/tools/methodology/UVM/CDNS-1.1d/sv/src/seq/uvm_sequencer_base.svh(1385) @ 0: uvm_test_top.tb.hbus.masters[0].sequencer [PHASESEQ] No default phase sequence for phase 'pre_reset'
UVM_INFO /software/commercial/cadence/XCELIUM2209/tools/methodology/UVM/CDNS-1.1d/sv/src/seq/uvm_sequencer_base.svh(1385) @ 0: uvm_test_top.tb.clock_and_reset.agent.sequencer [PHASESEQ] No default phase sequence for phase 'pre_reset'
UVM_INFO /software/commercial/cadence/XCELIUM2209/tools/methodology/UVM/CDNS-1.1d/sv/src/seq/uvm_sequencer_base.svh(1385) @ 0: uvm_test_top.tb.chan2.rx_agent.sequencer [PHASESEQ] No default phase sequence for phase 'pre_reset'
UVM_INFO /software/commercial/cadence/XCELIUM2209/tools/methodology/UVM/CDNS-1.1d/sv/src/seq/uvm_sequencer_base.svh(1385) @ 0: uvm_test_top.tb.chan1.rx_agent.sequencer [PHASESEQ] No default phase sequence for phase 'pre_reset'
UVM_INFO /software/commercial/cadence/XCELIUM2209/tools/methodology/UVM/CDNS-1.1d/sv/src/seq/uvm_sequencer_base.svh(1385) @ 0: uvm_test_top.tb.chan0.rx_agent.sequencer [PHASESEQ] No default phase sequence for phase 'pre_reset'
UVM_INFO /software/commercial/cadence/XCELIUM2209/tools/methodology/UVM/CDNS-1.1d/sv/src/seq/uvm_sequencer_base.svh(1385) @ 0: uvm_test_top.tb.yapp.tx_agent.sequencer [PHASESEQ] No default phase sequence for phase 'reset'
UVM_INFO /software/commercial/cadence/XCELIUM2209/tools/methodology/UVM/CDNS-1.1d/sv/src/seq/uvm_sequencer_base.svh(1385) @ 0: uvm_test_top.tb.mcsequencer [PHASESEQ] No default phase sequence for phase 'reset'
UVM_INFO /software/commercial/cadence/XCELIUM2209/tools/methodology/UVM/CDNS-1.1d/sv/src/seq/uvm_sequencer_base.svh(1385) @ 0: uvm_test_top.tb.hbus.masters[0].sequencer [PHASESEQ] No default phase sequence for phase 'reset'
UVM_INFO /software/commercial/cadence/XCELIUM2209/tools/methodology/UVM/CDNS-1.1d/sv/src/seq/uvm_sequencer_base.svh(1385) @ 0: uvm_test_top.tb.clock_and_reset.agent.sequencer [PHASESEQ] No default phase sequence for phase 'reset'
UVM_INFO /software/commercial/cadence/XCELIUM2209/tools/methodology/UVM/CDNS-1.1d/sv/src/seq/uvm_sequencer_base.svh(1385) @ 0: uvm_test_top.tb.chan2.rx_agent.sequencer [PHASESEQ] No default phase sequence for phase 'reset'
UVM_INFO /software/commercial/cadence/XCELIUM2209/tools/methodology/UVM/CDNS-1.1d/sv/src/seq/uvm_sequencer_base.svh(1385) @ 0: uvm_test_top.tb.chan1.rx_agent.sequencer [PHASESEQ] No default phase sequence for phase 'reset'
UVM_INFO /software/commercial/cadence/XCELIUM2209/tools/methodology/UVM/CDNS-1.1d/sv/src/seq/uvm_sequencer_base.svh(1385) @ 0: uvm_test_top.tb.chan0.rx_agent.sequencer [PHASESEQ] No default phase sequence for phase 'reset'
UVM_INFO /software/commercial/cadence/XCELIUM2209/tools/methodology/UVM/CDNS-1.1d/sv/src/seq/uvm_sequencer_base.svh(1385) @ 0: uvm_test_top.tb.yapp.tx_agent.sequencer [PHASESEQ] No default phase sequence for phase 'post_reset'
UVM_INFO /software/commercial/cadence/XCELIUM2209/tools/methodology/UVM/CDNS-1.1d/sv/src/seq/uvm_sequencer_base.svh(1385) @ 0: uvm_test_top.tb.mcsequencer [PHASESEQ] No default phase sequence for phase 'post_reset'
UVM_INFO /software/commercial/cadence/XCELIUM2209/tools/methodology/UVM/CDNS-1.1d/sv/src/seq/uvm_sequencer_base.svh(1385) @ 0: uvm_test_top.tb.hbus.masters[0].sequencer [PHASESEQ] No default phase sequence for phase 'post_reset'
UVM_INFO /software/commercial/cadence/XCELIUM2209/tools/methodology/UVM/CDNS-1.1d/sv/src/seq/uvm_sequencer_base.svh(1385) @ 0: uvm_test_top.tb.clock_and_reset.agent.sequencer [PHASESEQ] No default phase sequence for phase 'post_reset'
UVM_INFO /software/commercial/cadence/XCELIUM2209/tools/methodology/UVM/CDNS-1.1d/sv/src/seq/uvm_sequencer_base.svh(1385) @ 0: uvm_test_top.tb.chan2.rx_agent.sequencer [PHASESEQ] No default phase sequence for phase 'post_reset'
UVM_INFO /software/commercial/cadence/XCELIUM2209/tools/methodology/UVM/CDNS-1.1d/sv/src/seq/uvm_sequencer_base.svh(1385) @ 0: uvm_test_top.tb.chan1.rx_agent.sequencer [PHASESEQ] No default phase sequence for phase 'post_reset'
UVM_INFO /software/commercial/cadence/XCELIUM2209/tools/methodology/UVM/CDNS-1.1d/sv/src/seq/uvm_sequencer_base.svh(1385) @ 0: uvm_test_top.tb.chan0.rx_agent.sequencer [PHASESEQ] No default phase sequence for phase 'post_reset'
UVM_INFO /software/commercial/cadence/XCELIUM2209/tools/methodology/UVM/CDNS-1.1d/sv/src/seq/uvm_sequencer_base.svh(1385) @ 0: uvm_test_top.tb.yapp.tx_agent.sequencer [PHASESEQ] No default phase sequence for phase 'pre_configure'
UVM_INFO /software/commercial/cadence/XCELIUM2209/tools/methodology/UVM/CDNS-1.1d/sv/src/seq/uvm_sequencer_base.svh(1385) @ 0: uvm_test_top.tb.mcsequencer [PHASESEQ] No default phase sequence for phase 'pre_configure'
UVM_INFO /software/commercial/cadence/XCELIUM2209/tools/methodology/UVM/CDNS-1.1d/sv/src/seq/uvm_sequencer_base.svh(1385) @ 0: uvm_test_top.tb.hbus.masters[0].sequencer [PHASESEQ] No default phase sequence for phase 'pre_configure'
UVM_INFO /software/commercial/cadence/XCELIUM2209/tools/methodology/UVM/CDNS-1.1d/sv/src/seq/uvm_sequencer_base.svh(1385) @ 0: uvm_test_top.tb.clock_and_reset.agent.sequencer [PHASESEQ] No default phase sequence for phase 'pre_configure'
UVM_INFO /software/commercial/cadence/XCELIUM2209/tools/methodology/UVM/CDNS-1.1d/sv/src/seq/uvm_sequencer_base.svh(1385) @ 0: uvm_test_top.tb.chan2.rx_agent.sequencer [PHASESEQ] No default phase sequence for phase 'pre_configure'
UVM_INFO /software/commercial/cadence/XCELIUM2209/tools/methodology/UVM/CDNS-1.1d/sv/src/seq/uvm_sequencer_base.svh(1385) @ 0: uvm_test_top.tb.chan1.rx_agent.sequencer [PHASESEQ] No default phase sequence for phase 'pre_configure'
UVM_INFO /software/commercial/cadence/XCELIUM2209/tools/methodology/UVM/CDNS-1.1d/sv/src/seq/uvm_sequencer_base.svh(1385) @ 0: uvm_test_top.tb.chan0.rx_agent.sequencer [PHASESEQ] No default phase sequence for phase 'pre_configure'
UVM_INFO /software/commercial/cadence/XCELIUM2209/tools/methodology/UVM/CDNS-1.1d/sv/src/seq/uvm_sequencer_base.svh(1385) @ 0: uvm_test_top.tb.yapp.tx_agent.sequencer [PHASESEQ] No default phase sequence for phase 'configure'
UVM_INFO /software/commercial/cadence/XCELIUM2209/tools/methodology/UVM/CDNS-1.1d/sv/src/seq/uvm_sequencer_base.svh(1385) @ 0: uvm_test_top.tb.mcsequencer [PHASESEQ] No default phase sequence for phase 'configure'
UVM_INFO /software/commercial/cadence/XCELIUM2209/tools/methodology/UVM/CDNS-1.1d/sv/src/seq/uvm_sequencer_base.svh(1385) @ 0: uvm_test_top.tb.hbus.masters[0].sequencer [PHASESEQ] No default phase sequence for phase 'configure'
UVM_INFO /software/commercial/cadence/XCELIUM2209/tools/methodology/UVM/CDNS-1.1d/sv/src/seq/uvm_sequencer_base.svh(1385) @ 0: uvm_test_top.tb.clock_and_reset.agent.sequencer [PHASESEQ] No default phase sequence for phase 'configure'
UVM_INFO /software/commercial/cadence/XCELIUM2209/tools/methodology/UVM/CDNS-1.1d/sv/src/seq/uvm_sequencer_base.svh(1385) @ 0: uvm_test_top.tb.chan2.rx_agent.sequencer [PHASESEQ] No default phase sequence for phase 'configure'
UVM_INFO /software/commercial/cadence/XCELIUM2209/tools/methodology/UVM/CDNS-1.1d/sv/src/seq/uvm_sequencer_base.svh(1385) @ 0: uvm_test_top.tb.chan1.rx_agent.sequencer [PHASESEQ] No default phase sequence for phase 'configure'
UVM_INFO /software/commercial/cadence/XCELIUM2209/tools/methodology/UVM/CDNS-1.1d/sv/src/seq/uvm_sequencer_base.svh(1385) @ 0: uvm_test_top.tb.chan0.rx_agent.sequencer [PHASESEQ] No default phase sequence for phase 'configure'
UVM_INFO /software/commercial/cadence/XCELIUM2209/tools/methodology/UVM/CDNS-1.1d/sv/src/seq/uvm_sequencer_base.svh(1385) @ 0: uvm_test_top.tb.yapp.tx_agent.sequencer [PHASESEQ] No default phase sequence for phase 'post_configure'
UVM_INFO /software/commercial/cadence/XCELIUM2209/tools/methodology/UVM/CDNS-1.1d/sv/src/seq/uvm_sequencer_base.svh(1385) @ 0: uvm_test_top.tb.mcsequencer [PHASESEQ] No default phase sequence for phase 'post_configure'
UVM_INFO /software/commercial/cadence/XCELIUM2209/tools/methodology/UVM/CDNS-1.1d/sv/src/seq/uvm_sequencer_base.svh(1385) @ 0: uvm_test_top.tb.hbus.masters[0].sequencer [PHASESEQ] No default phase sequence for phase 'post_configure'
UVM_INFO /software/commercial/cadence/XCELIUM2209/tools/methodology/UVM/CDNS-1.1d/sv/src/seq/uvm_sequencer_base.svh(1385) @ 0: uvm_test_top.tb.clock_and_reset.agent.sequencer [PHASESEQ] No default phase sequence for phase 'post_configure'
UVM_INFO /software/commercial/cadence/XCELIUM2209/tools/methodology/UVM/CDNS-1.1d/sv/src/seq/uvm_sequencer_base.svh(1385) @ 0: uvm_test_top.tb.chan2.rx_agent.sequencer [PHASESEQ] No default phase sequence for phase 'post_configure'
UVM_INFO /software/commercial/cadence/XCELIUM2209/tools/methodology/UVM/CDNS-1.1d/sv/src/seq/uvm_sequencer_base.svh(1385) @ 0: uvm_test_top.tb.chan1.rx_agent.sequencer [PHASESEQ] No default phase sequence for phase 'post_configure'
UVM_INFO /software/commercial/cadence/XCELIUM2209/tools/methodology/UVM/CDNS-1.1d/sv/src/seq/uvm_sequencer_base.svh(1385) @ 0: uvm_test_top.tb.chan0.rx_agent.sequencer [PHASESEQ] No default phase sequence for phase 'post_configure'
UVM_INFO /software/commercial/cadence/XCELIUM2209/tools/methodology/UVM/CDNS-1.1d/sv/src/seq/uvm_sequencer_base.svh(1385) @ 0: uvm_test_top.tb.yapp.tx_agent.sequencer [PHASESEQ] No default phase sequence for phase 'pre_main'
UVM_INFO /software/commercial/cadence/XCELIUM2209/tools/methodology/UVM/CDNS-1.1d/sv/src/seq/uvm_sequencer_base.svh(1385) @ 0: uvm_test_top.tb.mcsequencer [PHASESEQ] No default phase sequence for phase 'pre_main'
UVM_INFO /software/commercial/cadence/XCELIUM2209/tools/methodology/UVM/CDNS-1.1d/sv/src/seq/uvm_sequencer_base.svh(1385) @ 0: uvm_test_top.tb.hbus.masters[0].sequencer [PHASESEQ] No default phase sequence for phase 'pre_main'
UVM_INFO /software/commercial/cadence/XCELIUM2209/tools/methodology/UVM/CDNS-1.1d/sv/src/seq/uvm_sequencer_base.svh(1385) @ 0: uvm_test_top.tb.clock_and_reset.agent.sequencer [PHASESEQ] No default phase sequence for phase 'pre_main'
UVM_INFO /software/commercial/cadence/XCELIUM2209/tools/methodology/UVM/CDNS-1.1d/sv/src/seq/uvm_sequencer_base.svh(1385) @ 0: uvm_test_top.tb.chan2.rx_agent.sequencer [PHASESEQ] No default phase sequence for phase 'pre_main'
UVM_INFO /software/commercial/cadence/XCELIUM2209/tools/methodology/UVM/CDNS-1.1d/sv/src/seq/uvm_sequencer_base.svh(1385) @ 0: uvm_test_top.tb.chan1.rx_agent.sequencer [PHASESEQ] No default phase sequence for phase 'pre_main'
UVM_INFO /software/commercial/cadence/XCELIUM2209/tools/methodology/UVM/CDNS-1.1d/sv/src/seq/uvm_sequencer_base.svh(1385) @ 0: uvm_test_top.tb.chan0.rx_agent.sequencer [PHASESEQ] No default phase sequence for phase 'pre_main'
UVM_INFO /software/commercial/cadence/XCELIUM2209/tools/methodology/UVM/CDNS-1.1d/sv/src/seq/uvm_sequencer_base.svh(1385) @ 0: uvm_test_top.tb.yapp.tx_agent.sequencer [PHASESEQ] No default phase sequence for phase 'main'
UVM_INFO /software/commercial/cadence/XCELIUM2209/tools/methodology/UVM/CDNS-1.1d/sv/src/seq/uvm_sequencer_base.svh(1385) @ 0: uvm_test_top.tb.mcsequencer [PHASESEQ] No default phase sequence for phase 'main'
UVM_INFO /software/commercial/cadence/XCELIUM2209/tools/methodology/UVM/CDNS-1.1d/sv/src/seq/uvm_sequencer_base.svh(1385) @ 0: uvm_test_top.tb.hbus.masters[0].sequencer [PHASESEQ] No default phase sequence for phase 'main'
UVM_INFO /software/commercial/cadence/XCELIUM2209/tools/methodology/UVM/CDNS-1.1d/sv/src/seq/uvm_sequencer_base.svh(1385) @ 0: uvm_test_top.tb.clock_and_reset.agent.sequencer [PHASESEQ] No default phase sequence for phase 'main'
UVM_INFO /software/commercial/cadence/XCELIUM2209/tools/methodology/UVM/CDNS-1.1d/sv/src/seq/uvm_sequencer_base.svh(1385) @ 0: uvm_test_top.tb.chan2.rx_agent.sequencer [PHASESEQ] No default phase sequence for phase 'main'
UVM_INFO /software/commercial/cadence/XCELIUM2209/tools/methodology/UVM/CDNS-1.1d/sv/src/seq/uvm_sequencer_base.svh(1385) @ 0: uvm_test_top.tb.chan1.rx_agent.sequencer [PHASESEQ] No default phase sequence for phase 'main'
UVM_INFO /software/commercial/cadence/XCELIUM2209/tools/methodology/UVM/CDNS-1.1d/sv/src/seq/uvm_sequencer_base.svh(1385) @ 0: uvm_test_top.tb.chan0.rx_agent.sequencer [PHASESEQ] No default phase sequence for phase 'main'
UVM_INFO /software/commercial/cadence/XCELIUM2209/tools/methodology/UVM/CDNS-1.1d/sv/src/seq/uvm_sequencer_base.svh(1385) @ 0: uvm_test_top.tb.yapp.tx_agent.sequencer [PHASESEQ] No default phase sequence for phase 'post_main'
UVM_INFO /software/commercial/cadence/XCELIUM2209/tools/methodology/UVM/CDNS-1.1d/sv/src/seq/uvm_sequencer_base.svh(1385) @ 0: uvm_test_top.tb.mcsequencer [PHASESEQ] No default phase sequence for phase 'post_main'
UVM_INFO /software/commercial/cadence/XCELIUM2209/tools/methodology/UVM/CDNS-1.1d/sv/src/seq/uvm_sequencer_base.svh(1385) @ 0: uvm_test_top.tb.hbus.masters[0].sequencer [PHASESEQ] No default phase sequence for phase 'post_main'
UVM_INFO /software/commercial/cadence/XCELIUM2209/tools/methodology/UVM/CDNS-1.1d/sv/src/seq/uvm_sequencer_base.svh(1385) @ 0: uvm_test_top.tb.clock_and_reset.agent.sequencer [PHASESEQ] No default phase sequence for phase 'post_main'
UVM_INFO /software/commercial/cadence/XCELIUM2209/tools/methodology/UVM/CDNS-1.1d/sv/src/seq/uvm_sequencer_base.svh(1385) @ 0: uvm_test_top.tb.chan2.rx_agent.sequencer [PHASESEQ] No default phase sequence for phase 'post_main'
UVM_INFO /software/commercial/cadence/XCELIUM2209/tools/methodology/UVM/CDNS-1.1d/sv/src/seq/uvm_sequencer_base.svh(1385) @ 0: uvm_test_top.tb.chan1.rx_agent.sequencer [PHASESEQ] No default phase sequence for phase 'post_main'
UVM_INFO /software/commercial/cadence/XCELIUM2209/tools/methodology/UVM/CDNS-1.1d/sv/src/seq/uvm_sequencer_base.svh(1385) @ 0: uvm_test_top.tb.chan0.rx_agent.sequencer [PHASESEQ] No default phase sequence for phase 'post_main'
UVM_INFO /software/commercial/cadence/XCELIUM2209/tools/methodology/UVM/CDNS-1.1d/sv/src/seq/uvm_sequencer_base.svh(1385) @ 0: uvm_test_top.tb.yapp.tx_agent.sequencer [PHASESEQ] No default phase sequence for phase 'pre_shutdown'
UVM_INFO /software/commercial/cadence/XCELIUM2209/tools/methodology/UVM/CDNS-1.1d/sv/src/seq/uvm_sequencer_base.svh(1385) @ 0: uvm_test_top.tb.mcsequencer [PHASESEQ] No default phase sequence for phase 'pre_shutdown'
UVM_INFO /software/commercial/cadence/XCELIUM2209/tools/methodology/UVM/CDNS-1.1d/sv/src/seq/uvm_sequencer_base.svh(1385) @ 0: uvm_test_top.tb.hbus.masters[0].sequencer [PHASESEQ] No default phase sequence for phase 'pre_shutdown'
UVM_INFO /software/commercial/cadence/XCELIUM2209/tools/methodology/UVM/CDNS-1.1d/sv/src/seq/uvm_sequencer_base.svh(1385) @ 0: uvm_test_top.tb.clock_and_reset.agent.sequencer [PHASESEQ] No default phase sequence for phase 'pre_shutdown'
UVM_INFO /software/commercial/cadence/XCELIUM2209/tools/methodology/UVM/CDNS-1.1d/sv/src/seq/uvm_sequencer_base.svh(1385) @ 0: uvm_test_top.tb.chan2.rx_agent.sequencer [PHASESEQ] No default phase sequence for phase 'pre_shutdown'
UVM_INFO /software/commercial/cadence/XCELIUM2209/tools/methodology/UVM/CDNS-1.1d/sv/src/seq/uvm_sequencer_base.svh(1385) @ 0: uvm_test_top.tb.chan1.rx_agent.sequencer [PHASESEQ] No default phase sequence for phase 'pre_shutdown'
UVM_INFO /software/commercial/cadence/XCELIUM2209/tools/methodology/UVM/CDNS-1.1d/sv/src/seq/uvm_sequencer_base.svh(1385) @ 0: uvm_test_top.tb.chan0.rx_agent.sequencer [PHASESEQ] No default phase sequence for phase 'pre_shutdown'
UVM_INFO /software/commercial/cadence/XCELIUM2209/tools/methodology/UVM/CDNS-1.1d/sv/src/seq/uvm_sequencer_base.svh(1385) @ 0: uvm_test_top.tb.yapp.tx_agent.sequencer [PHASESEQ] No default phase sequence for phase 'shutdown'
UVM_INFO /software/commercial/cadence/XCELIUM2209/tools/methodology/UVM/CDNS-1.1d/sv/src/seq/uvm_sequencer_base.svh(1385) @ 0: uvm_test_top.tb.mcsequencer [PHASESEQ] No default phase sequence for phase 'shutdown'
UVM_INFO /software/commercial/cadence/XCELIUM2209/tools/methodology/UVM/CDNS-1.1d/sv/src/seq/uvm_sequencer_base.svh(1385) @ 0: uvm_test_top.tb.hbus.masters[0].sequencer [PHASESEQ] No default phase sequence for phase 'shutdown'
UVM_INFO /software/commercial/cadence/XCELIUM2209/tools/methodology/UVM/CDNS-1.1d/sv/src/seq/uvm_sequencer_base.svh(1385) @ 0: uvm_test_top.tb.clock_and_reset.agent.sequencer [PHASESEQ] No default phase sequence for phase 'shutdown'
UVM_INFO /software/commercial/cadence/XCELIUM2209/tools/methodology/UVM/CDNS-1.1d/sv/src/seq/uvm_sequencer_base.svh(1385) @ 0: uvm_test_top.tb.chan2.rx_agent.sequencer [PHASESEQ] No default phase sequence for phase 'shutdown'
UVM_INFO /software/commercial/cadence/XCELIUM2209/tools/methodology/UVM/CDNS-1.1d/sv/src/seq/uvm_sequencer_base.svh(1385) @ 0: uvm_test_top.tb.chan1.rx_agent.sequencer [PHASESEQ] No default phase sequence for phase 'shutdown'
UVM_INFO /software/commercial/cadence/XCELIUM2209/tools/methodology/UVM/CDNS-1.1d/sv/src/seq/uvm_sequencer_base.svh(1385) @ 0: uvm_test_top.tb.chan0.rx_agent.sequencer [PHASESEQ] No default phase sequence for phase 'shutdown'
UVM_INFO /software/commercial/cadence/XCELIUM2209/tools/methodology/UVM/CDNS-1.1d/sv/src/seq/uvm_sequencer_base.svh(1385) @ 0: uvm_test_top.tb.yapp.tx_agent.sequencer [PHASESEQ] No default phase sequence for phase 'post_shutdown'
UVM_INFO /software/commercial/cadence/XCELIUM2209/tools/methodology/UVM/CDNS-1.1d/sv/src/seq/uvm_sequencer_base.svh(1385) @ 0: uvm_test_top.tb.mcsequencer [PHASESEQ] No default phase sequence for phase 'post_shutdown'
UVM_INFO /software/commercial/cadence/XCELIUM2209/tools/methodology/UVM/CDNS-1.1d/sv/src/seq/uvm_sequencer_base.svh(1385) @ 0: uvm_test_top.tb.hbus.masters[0].sequencer [PHASESEQ] No default phase sequence for phase 'post_shutdown'
UVM_INFO /software/commercial/cadence/XCELIUM2209/tools/methodology/UVM/CDNS-1.1d/sv/src/seq/uvm_sequencer_base.svh(1385) @ 0: uvm_test_top.tb.clock_and_reset.agent.sequencer [PHASESEQ] No default phase sequence for phase 'post_shutdown'
UVM_INFO /software/commercial/cadence/XCELIUM2209/tools/methodology/UVM/CDNS-1.1d/sv/src/seq/uvm_sequencer_base.svh(1385) @ 0: uvm_test_top.tb.chan2.rx_agent.sequencer [PHASESEQ] No default phase sequence for phase 'post_shutdown'
UVM_INFO /software/commercial/cadence/XCELIUM2209/tools/methodology/UVM/CDNS-1.1d/sv/src/seq/uvm_sequencer_base.svh(1385) @ 0: uvm_test_top.tb.chan1.rx_agent.sequencer [PHASESEQ] No default phase sequence for phase 'post_shutdown'
UVM_INFO /software/commercial/cadence/XCELIUM2209/tools/methodology/UVM/CDNS-1.1d/sv/src/seq/uvm_sequencer_base.svh(1385) @ 0: uvm_test_top.tb.chan0.rx_agent.sequencer [PHASESEQ] No default phase sequence for phase 'post_shutdown'
UVM_INFO ../../hbus/sv/hbus_if.sv(41) @ 50: reporter [HBUS_IF] Master Observed Reset
UVM_INFO ../../hbus/sv/hbus_monitor.sv(91) @ 50: uvm_test_top.tb.hbus.monitor [hbus_monitor] Reset Active
UVM_INFO ../../hbus/sv/hbus_monitor.sv(93) @ 550: uvm_test_top.tb.hbus.monitor [hbus_monitor] Reset Deasserted
UVM_INFO ../../hbus/sv/hbus_master_driver.sv(57) @ 550: uvm_test_top.tb.hbus.masters[0].driver [hbus_master_driver] Reset Dropped
UVM_INFO ../../channel/sv/channel_rx_monitor.sv(113) @ 550: uvm_test_top.tb.chan2.rx_agent.monitor [channel_rx_monitor] Detected Reset Done
UVM_INFO ../../channel/sv/channel_rx_driver.sv(72) @ 550: uvm_test_top.tb.chan2.rx_agent.driver [channel_rx_driver] Reset Dropped
UVM_INFO ../../channel/sv/channel_rx_monitor.sv(113) @ 550: uvm_test_top.tb.chan1.rx_agent.monitor [channel_rx_monitor] Detected Reset Done
UVM_INFO ../../channel/sv/channel_rx_driver.sv(72) @ 550: uvm_test_top.tb.chan1.rx_agent.driver [channel_rx_driver] Reset Dropped
UVM_INFO ../../channel/sv/channel_rx_monitor.sv(113) @ 550: uvm_test_top.tb.chan0.rx_agent.monitor [channel_rx_monitor] Detected Reset Done
UVM_INFO ../../channel/sv/channel_rx_driver.sv(72) @ 550: uvm_test_top.tb.chan0.rx_agent.driver [channel_rx_driver] Reset Dropped
UVM_INFO ../../yapp/sv/yapp_tx_monitor.sv(34) @ 550: uvm_test_top.tb.yapp.tx_agent.monitor [yapp_tx_monitor] 
Detected Reset Done

UVM_INFO ../../yapp/sv/yapp_tx_driver.sv(38) @ 550: uvm_test_top.tb.yapp.tx_agent.driver [yapp_tx_driver] Reset dropped
UVM_INFO ../../hbus/sv/hbus_if.sv(74) @ 600: reporter [HBUS_IF] Master writes 01 to 1001
UVM_INFO ../../hbus/sv/hbus_master_driver.sv(67) @ 600: uvm_test_top.tb.hbus.masters[0].driver [hbus_master_driver] Driving transaction :
----------------------------------------------------------------------------------------------------
Name                           Type                  Size  Value                                    
----------------------------------------------------------------------------------------------------
tr                             hbus_transaction      -     @11521                                   
  haddr                        integral              16    'h1001                                   
  hdata                        integral              8     'h1                                      
  hwr_rd                       hbus_read_write_enum  1     HBUS_WRITE                               
  wait_between_cycle           integral              32    'h0                                      
  begin_time                   time                  64    600                                      
  depth                        int                   32    'd2                                      
  parent sequence (name)       string                18    default_parent_seq                       
  parent sequence (full name)  string                18    default_parent_seq                       
  sequencer                    string                41    uvm_test_top.tb.hbus.masters[0].sequencer
----------------------------------------------------------------------------------------------------

UVM_INFO ../../hbus/sv/hbus_if.sv(148) @ 650: reporter [HBUS_IF] Monitor Write Transaction
UVM_INFO ../../hbus/sv/hbus_monitor.sv(101) @ 650: uvm_test_top.tb.hbus.monitor [hbus_monitor] Collecting Transaction
UVM_INFO /software/commercial/cadence/XCELIUM2209/tools/methodology/UVM/CDNS-1.1d/sv/src/reg/uvm_reg_map.svh(1916) @ 700: reporter [uvm_reg_map] Wrote 'h1 at 'h1001 via map "yapp_rm.router_yapp_regs.router_yapp_regs": UVM_IS_OK...
UVM_INFO @ 700: reporter [RegModel] Wrote register via map yapp_rm.router_yapp_regs.router_yapp_regs: yapp_rm.router_yapp_regs.en_reg=0x1
UVM_INFO router_test_lib.sv(440) @ 700: uvm_test_top [REG_SEQ] Wrote 8'h01 to en_reg
UVM_INFO /software/commercial/cadence/XCELIUM2209/tools/methodology/UVM/CDNS-1.1d/sv/src/reg/uvm_reg_map.svh(1996) @ 700: reporter [uvm_reg_map] Reading address 'h1001 via map "yapp_rm.router_yapp_regs.router_yapp_regs"...
UVM_INFO ../../hbus/sv/hbus_monitor.sv(109) @ 750: uvm_test_top.tb.hbus.monitor [hbus_monitor] transaction collected :
------------------------------------------------------------
Name                  Type                  Size  Value     
------------------------------------------------------------
tr_collect            hbus_transaction      -     @11494    
  haddr               integral              16    'h1001    
  hdata               integral              8     'h1       
  hwr_rd              hbus_read_write_enum  1     HBUS_WRITE
  wait_between_cycle  integral              32    'h0       
  begin_time          time                  64    650       
  end_time            time                  64    750       
------------------------------------------------------------

UVM_INFO ../sv/router_reference.sv(48) @ 750: uvm_test_top.tb.router_mod.reference [router_reference] Received HBUS Transaction: 
------------------------------------------------------------
Name                  Type                  Size  Value     
------------------------------------------------------------
tr_collect            hbus_transaction      -     @11494    
  haddr               integral              16    'h1001    
  hdata               integral              8     'h1       
  hwr_rd              hbus_read_write_enum  1     HBUS_WRITE
  wait_between_cycle  integral              32    'h0       
  begin_time          time                  64    650       
  end_time            time                  64    750       
------------------------------------------------------------

UVM_INFO ../../hbus/sv/hbus_master_driver.sv(67) @ 800: uvm_test_top.tb.hbus.masters[0].driver [hbus_master_driver] Driving transaction :
----------------------------------------------------------------------------------------------------
Name                           Type                  Size  Value                                    
----------------------------------------------------------------------------------------------------
tr                             hbus_transaction      -     @11110                                   
  haddr                        integral              16    'h1001                                   
  hdata                        integral              8     'h0                                      
  hwr_rd                       hbus_read_write_enum  1     HBUS_READ                                
  wait_between_cycle           integral              32    'h0                                      
  begin_time                   time                  64    800                                      
  depth                        int                   32    'd2                                      
  parent sequence (name)       string                18    default_parent_seq                       
  parent sequence (full name)  string                18    default_parent_seq                       
  sequencer                    string                41    uvm_test_top.tb.hbus.masters[0].sequencer
----------------------------------------------------------------------------------------------------

UVM_INFO ../../hbus/sv/hbus_if.sv(155) @ 850: reporter [HBUS_IF] Monitor Read Transaction
UVM_INFO ../../hbus/sv/hbus_monitor.sv(101) @ 850: uvm_test_top.tb.hbus.monitor [hbus_monitor] Collecting Transaction
UVM_INFO ../../hbus/sv/hbus_if.sv(89) @ 1000: reporter [HBUS_IF] Master reads 01 from 1001
UVM_INFO /software/commercial/cadence/XCELIUM2209/tools/methodology/UVM/CDNS-1.1d/sv/src/reg/uvm_reg_map.svh(2044) @ 1000: reporter [uvm_reg_map] Read 'h1 at 'h1001 via map "yapp_rm.router_yapp_regs.router_yapp_regs": UVM_IS_OK...
UVM_INFO @ 1000: reporter [RegModel] Read  register via map yapp_rm.router_yapp_regs.router_yapp_regs: yapp_rm.router_yapp_regs.en_reg=1
UVM_INFO ../../yapp/sv/yapp_tx_seqs.sv(112) @ 1000: uvm_test_top.tb.yapp.tx_agent.sequencer@@yapp012 [yapp_012_seq] 
executing yapp_012_seq

UVM_INFO ../../yapp/sv/yapp_tx_driver.sv(41) @ 1000: uvm_test_top.tb.yapp.tx_agent.driver [yapp_tx_driver] Sending Packet :
--------------------------------------------------------------------------------------------------
Name                           Type          Size  Value                                          
--------------------------------------------------------------------------------------------------
req                            yapp_packet   -     @11086                                         
  length                       integral      6     'h3e                                           
  addr                         integral      2     'h0                                            
  payload                      da(integral)  62    -                                              
    [0]                        integral      8     'h37                                           
    [1]                        integral      8     'hd8                                           
    [2]                        integral      8     'h89                                           
    [3]                        integral      8     'h6d                                           
    [4]                        integral      8     'h73                                           
    ...                        ...           ...   ...                                            
    [57]                       integral      8     'he1                                           
    [58]                       integral      8     'h43                                           
    [59]                       integral      8     'h5c                                           
    [60]                       integral      8     'h67                                           
    [61]                       integral      8     'haa                                           
  parity                       integral      8     'h90                                           
  parity_type                  parity_t      1     BAD_PARITY                                     
  packet_delay                 integral      32    'd14                                           
  begin_time                   time          64    1000                                           
  depth                        int           32    'd2                                            
  parent sequence (name)       string        7     yapp012                                        
  parent sequence (full name)  string        47    uvm_test_top.tb.yapp.tx_agent.sequencer.yapp012
  sequencer                    string        39    uvm_test_top.tb.yapp.tx_agent.sequencer        
--------------------------------------------------------------------------------------------------

UVM_INFO ../../hbus/sv/hbus_monitor.sv(109) @ 1050: uvm_test_top.tb.hbus.monitor [hbus_monitor] transaction collected :
-----------------------------------------------------------
Name                  Type                  Size  Value    
-----------------------------------------------------------
tr_collect            hbus_transaction      -     @11494   
  haddr               integral              16    'h1001   
  hdata               integral              8     'h1      
  hwr_rd              hbus_read_write_enum  1     HBUS_READ
  wait_between_cycle  integral              32    'h0      
  begin_time          time                  64    850      
  end_time            time                  64    1050     
-----------------------------------------------------------

UVM_INFO ../sv/router_reference.sv(48) @ 1050: uvm_test_top.tb.router_mod.reference [router_reference] Received HBUS Transaction: 
-----------------------------------------------------------
Name                  Type                  Size  Value    
-----------------------------------------------------------
tr_collect            hbus_transaction      -     @11494   
  haddr               integral              16    'h1001   
  hdata               integral              8     'h1      
  hwr_rd              hbus_read_write_enum  1     HBUS_READ
  wait_between_cycle  integral              32    'h0      
  begin_time          time                  64    850      
  end_time            time                  64    1050     
-----------------------------------------------------------

UVM_INFO ../../yapp/sv/yapp_if.sv(89) @ 2550: reporter [YAPP_IF] collect packets
UVM_INFO ../../yapp/sv/yapp_tx_monitor.sv(45) @ 8850: uvm_test_top.tb.yapp.tx_agent.monitor [yapp_tx_monitor] 
Packet Collected :
----------------------------------------------
Name            Type          Size  Value     
----------------------------------------------
pkt             yapp_packet   -     @11245    
  length        integral      6     'h3e      
  addr          integral      2     'h0       
  payload       da(integral)  62    -         
    [0]         integral      8     'h37      
    [1]         integral      8     'hd8      
    [2]         integral      8     'h89      
    [3]         integral      8     'h6d      
    [4]         integral      8     'h73      
    ...         ...           ...   ...       
    [57]        integral      8     'he1      
    [58]        integral      8     'h43      
    [59]        integral      8     'h5c      
    [60]        integral      8     'h67      
    [61]        integral      8     'haa      
  parity        integral      8     'h90      
  parity_type   parity_t      1     BAD_PARITY
  packet_delay  integral      32    'd0       
  begin_time    time          64    2550      
  end_time      time          64    8850      
----------------------------------------------

UVM_INFO ../sv/router_reference.sv(61) @ 8850: uvm_test_top.tb.router_mod.reference [router_reference] Received Input YAPP Packet: 
----------------------------------------------
Name            Type          Size  Value     
----------------------------------------------
pkt             yapp_packet   -     @11245    
  length        integral      6     'h3e      
  addr          integral      2     'h0       
  payload       da(integral)  62    -         
    [0]         integral      8     'h37      
    [1]         integral      8     'hd8      
    [2]         integral      8     'h89      
    [3]         integral      8     'h6d      
    [4]         integral      8     'h73      
    ...         ...           ...   ...       
    [57]        integral      8     'he1      
    [58]        integral      8     'h43      
    [59]        integral      8     'h5c      
    [60]        integral      8     'h67      
    [61]        integral      8     'haa      
  parity        integral      8     'h90      
  parity_type   parity_t      1     BAD_PARITY
  packet_delay  integral      32    'd0       
  begin_time    time          64    2550      
  end_time      time          64    8850      
----------------------------------------------

UVM_INFO ../sv/router_scoreboard.sv(93) @ 8850: uvm_test_top.tb.router_mod.scoreboard [router_scoreboard] Added packet to Scoreboard Queue 0
UVM_INFO ../sv/router_reference.sv(74) @ 8850: uvm_test_top.tb.router_mod.reference [router_reference] Sent YAPP Packet to Scoreboard
*** ROUTER (DUT) Parity Error Identified: Expected:90 Computed:8f ***
UVM_INFO ../../yapp/sv/yapp_tx_driver.sv(41) @ 8900: uvm_test_top.tb.yapp.tx_agent.driver [yapp_tx_driver] Sending Packet :
--------------------------------------------------------------------------------------------------
Name                           Type          Size  Value                                          
--------------------------------------------------------------------------------------------------
req                            yapp_packet   -     @11046                                         
  length                       integral      6     'h3a                                           
  addr                         integral      2     'h1                                            
  payload                      da(integral)  58    -                                              
    [0]                        integral      8     'h79                                           
    [1]                        integral      8     'had                                           
    [2]                        integral      8     'h17                                           
    [3]                        integral      8     'h98                                           
    [4]                        integral      8     'h33                                           
    ...                        ...           ...   ...                                            
    [53]                       integral      8     'h8a                                           
    [54]                       integral      8     'ha6                                           
    [55]                       integral      8     'he                                            
    [56]                       integral      8     'h74                                           
    [57]                       integral      8     'hf1                                           
  parity                       integral      8     'hd9                                           
  parity_type                  parity_t      1     GOOD_PARITY                                    
  packet_delay                 integral      32    'd18                                           
  begin_time                   time          64    8900                                           
  depth                        int           32    'd2                                            
  parent sequence (name)       string        7     yapp012                                        
  parent sequence (full name)  string        47    uvm_test_top.tb.yapp.tx_agent.sequencer.yapp012
  sequencer                    string        39    uvm_test_top.tb.yapp.tx_agent.sequencer        
--------------------------------------------------------------------------------------------------

UVM_INFO ../../channel/sv/channel_rx_monitor.sv(144) @ 9950: uvm_test_top.tb.chan0.rx_agent.monitor [channel_rx_monitor] Channel_0 Packet collected :
--------------------------------------------------
Name              Type            Size  Value     
--------------------------------------------------
packet_collected  channel_packet  -     @11220    
  length          integral        6     'h3e      
  addr            integral        2     'h0       
  payload         da(integral)    62    -         
    [0]           integral        8     'h37      
    [1]           integral        8     'hd8      
    [2]           integral        8     'h89      
    [3]           integral        8     'h6d      
    [4]           integral        8     'h73      
    ...           ...             ...   ...       
    [57]          integral        8     'he1      
    [58]          integral        8     'h43      
    [59]          integral        8     'h5c      
    [60]          integral        8     'h67      
    [61]          integral        8     'haa      
  parity          integral        8     'h90      
  parity_type     parity_e        1     BAD_PARITY
  packet_delay    integral        32    'd0       
  begin_time      time            64    3550      
  end_time        time            64    9950      
--------------------------------------------------

UVM_INFO ../sv/router_scoreboard.sv(132) @ 9950: uvm_test_top.tb.router_mod.scoreboard [router_scoreboard] Scoreboard Compare Match: Channel_0 Packet
--------------------------------------------------
Name              Type            Size  Value     
--------------------------------------------------
packet_collected  channel_packet  -     @11220    
  length          integral        6     'h3e      
  addr            integral        2     'h0       
  payload         da(integral)    62    -         
    [0]           integral        8     'h37      
    [1]           integral        8     'hd8      
    [2]           integral        8     'h89      
    [3]           integral        8     'h6d      
    [4]           integral        8     'h73      
    ...           ...             ...   ...       
    [57]          integral        8     'he1      
    [58]          integral        8     'h43      
    [59]          integral        8     'h5c      
    [60]          integral        8     'h67      
    [61]          integral        8     'haa      
  parity          integral        8     'h90      
  parity_type     parity_e        1     BAD_PARITY
  packet_delay    integral        32    'd0       
  begin_time      time            64    3550      
  end_time        time            64    9950      
--------------------------------------------------

UVM_INFO ../../yapp/sv/yapp_if.sv(89) @ 10850: reporter [YAPP_IF] collect packets
UVM_INFO ../../yapp/sv/yapp_tx_monitor.sv(45) @ 16750: uvm_test_top.tb.yapp.tx_agent.monitor [yapp_tx_monitor] 
Packet Collected :
-----------------------------------------------
Name            Type          Size  Value      
-----------------------------------------------
pkt             yapp_packet   -     @11077     
  length        integral      6     'h3a       
  addr          integral      2     'h1        
  payload       da(integral)  58    -          
    [0]         integral      8     'h79       
    [1]         integral      8     'had       
    [2]         integral      8     'h17       
    [3]         integral      8     'h98       
    [4]         integral      8     'h33       
    ...         ...           ...   ...        
    [53]        integral      8     'h8a       
    [54]        integral      8     'ha6       
    [55]        integral      8     'he        
    [56]        integral      8     'h74       
    [57]        integral      8     'hf1       
  parity        integral      8     'hd9       
  parity_type   parity_t      1     GOOD_PARITY
  packet_delay  integral      32    'd0        
  begin_time    time          64    10850      
  end_time      time          64    16750      
-----------------------------------------------

UVM_INFO ../sv/router_reference.sv(61) @ 16750: uvm_test_top.tb.router_mod.reference [router_reference] Received Input YAPP Packet: 
-----------------------------------------------
Name            Type          Size  Value      
-----------------------------------------------
pkt             yapp_packet   -     @11077     
  length        integral      6     'h3a       
  addr          integral      2     'h1        
  payload       da(integral)  58    -          
    [0]         integral      8     'h79       
    [1]         integral      8     'had       
    [2]         integral      8     'h17       
    [3]         integral      8     'h98       
    [4]         integral      8     'h33       
    ...         ...           ...   ...        
    [53]        integral      8     'h8a       
    [54]        integral      8     'ha6       
    [55]        integral      8     'he        
    [56]        integral      8     'h74       
    [57]        integral      8     'hf1       
  parity        integral      8     'hd9       
  parity_type   parity_t      1     GOOD_PARITY
  packet_delay  integral      32    'd0        
  begin_time    time          64    10850      
  end_time      time          64    16750      
-----------------------------------------------

UVM_INFO ../sv/router_scoreboard.sv(97) @ 16750: uvm_test_top.tb.router_mod.scoreboard [router_scoreboard] Added packet to Scoreboard Queue 1
UVM_INFO ../sv/router_reference.sv(74) @ 16750: uvm_test_top.tb.router_mod.reference [router_reference] Sent YAPP Packet to Scoreboard
UVM_INFO ../../yapp/sv/yapp_tx_driver.sv(41) @ 16800: uvm_test_top.tb.yapp.tx_agent.driver [yapp_tx_driver] Sending Packet :
--------------------------------------------------------------------------------------------------
Name                           Type          Size  Value                                          
--------------------------------------------------------------------------------------------------
req                            yapp_packet   -     @11192                                         
  length                       integral      6     'h1c                                           
  addr                         integral      2     'h2                                            
  payload                      da(integral)  28    -                                              
    [0]                        integral      8     'haf                                           
    [1]                        integral      8     'hf8                                           
    [2]                        integral      8     'h6c                                           
    [3]                        integral      8     'he9                                           
    [4]                        integral      8     'hff                                           
    ...                        ...           ...   ...                                            
    [23]                       integral      8     'hc3                                           
    [24]                       integral      8     'h8                                            
    [25]                       integral      8     'h59                                           
    [26]                       integral      8     'h1                                            
    [27]                       integral      8     'h4f                                           
  parity                       integral      8     'h92                                           
  parity_type                  parity_t      1     GOOD_PARITY                                    
  packet_delay                 integral      32    'd6                                            
  begin_time                   time          64    16800                                          
  depth                        int           32    'd2                                            
  parent sequence (name)       string        7     yapp012                                        
  parent sequence (full name)  string        47    uvm_test_top.tb.yapp.tx_agent.sequencer.yapp012
  sequencer                    string        39    uvm_test_top.tb.yapp.tx_agent.sequencer        
--------------------------------------------------------------------------------------------------

UVM_INFO ../../yapp/sv/yapp_if.sv(89) @ 17550: reporter [YAPP_IF] collect packets
UVM_INFO ../../channel/sv/channel_rx_monitor.sv(144) @ 17750: uvm_test_top.tb.chan1.rx_agent.monitor [channel_rx_monitor] Channel_1 Packet collected :
---------------------------------------------------
Name              Type            Size  Value      
---------------------------------------------------
packet_collected  channel_packet  -     @11236     
  length          integral        6     'h3a       
  addr            integral        2     'h1        
  payload         da(integral)    58    -          
    [0]           integral        8     'h79       
    [1]           integral        8     'had       
    [2]           integral        8     'h17       
    [3]           integral        8     'h98       
    [4]           integral        8     'h33       
    ...           ...             ...   ...        
    [53]          integral        8     'h8a       
    [54]          integral        8     'ha6       
    [55]          integral        8     'he        
    [56]          integral        8     'h74       
    [57]          integral        8     'hf1       
  parity          integral        8     'hd9       
  parity_type     parity_e        1     GOOD_PARITY
  packet_delay    integral        32    'd0        
  begin_time      time            64    11750      
  end_time        time            64    17750      
---------------------------------------------------

UVM_INFO ../sv/router_scoreboard.sv(163) @ 17750: uvm_test_top.tb.router_mod.scoreboard [router_scoreboard] Scoreboard Compare Match: Channel_1 Packet
---------------------------------------------------
Name              Type            Size  Value      
---------------------------------------------------
packet_collected  channel_packet  -     @11236     
  length          integral        6     'h3a       
  addr            integral        2     'h1        
  payload         da(integral)    58    -          
    [0]           integral        8     'h79       
    [1]           integral        8     'had       
    [2]           integral        8     'h17       
    [3]           integral        8     'h98       
    [4]           integral        8     'h33       
    ...           ...             ...   ...        
    [53]          integral        8     'h8a       
    [54]          integral        8     'ha6       
    [55]          integral        8     'he        
    [56]          integral        8     'h74       
    [57]          integral        8     'hf1       
  parity          integral        8     'hd9       
  parity_type     parity_e        1     GOOD_PARITY
  packet_delay    integral        32    'd0        
  begin_time      time            64    11750      
  end_time        time            64    17750      
---------------------------------------------------

UVM_INFO ../../yapp/sv/yapp_tx_monitor.sv(45) @ 20450: uvm_test_top.tb.yapp.tx_agent.monitor [yapp_tx_monitor] 
Packet Collected :
-----------------------------------------------
Name            Type          Size  Value      
-----------------------------------------------
pkt             yapp_packet   -     @10916     
  length        integral      6     'h1c       
  addr          integral      2     'h2        
  payload       da(integral)  28    -          
    [0]         integral      8     'haf       
    [1]         integral      8     'hf8       
    [2]         integral      8     'h6c       
    [3]         integral      8     'he9       
    [4]         integral      8     'hff       
    ...         ...           ...   ...        
    [23]        integral      8     'hc3       
    [24]        integral      8     'h8        
    [25]        integral      8     'h59       
    [26]        integral      8     'h1        
    [27]        integral      8     'h4f       
  parity        integral      8     'h92       
  parity_type   parity_t      1     GOOD_PARITY
  packet_delay  integral      32    'd0        
  begin_time    time          64    17550      
  end_time      time          64    20450      
-----------------------------------------------

UVM_INFO ../sv/router_reference.sv(61) @ 20450: uvm_test_top.tb.router_mod.reference [router_reference] Received Input YAPP Packet: 
-----------------------------------------------
Name            Type          Size  Value      
-----------------------------------------------
pkt             yapp_packet   -     @10916     
  length        integral      6     'h1c       
  addr          integral      2     'h2        
  payload       da(integral)  28    -          
    [0]         integral      8     'haf       
    [1]         integral      8     'hf8       
    [2]         integral      8     'h6c       
    [3]         integral      8     'he9       
    [4]         integral      8     'hff       
    ...         ...           ...   ...        
    [23]        integral      8     'hc3       
    [24]        integral      8     'h8        
    [25]        integral      8     'h59       
    [26]        integral      8     'h1        
    [27]        integral      8     'h4f       
  parity        integral      8     'h92       
  parity_type   parity_t      1     GOOD_PARITY
  packet_delay  integral      32    'd0        
  begin_time    time          64    17550      
  end_time      time          64    20450      
-----------------------------------------------

UVM_INFO ../sv/router_scoreboard.sv(101) @ 20450: uvm_test_top.tb.router_mod.scoreboard [router_scoreboard] Added packet to Scoreboard Queue 2
UVM_INFO ../sv/router_reference.sv(74) @ 20450: uvm_test_top.tb.router_mod.reference [router_reference] Sent YAPP Packet to Scoreboard
UVM_INFO /software/commercial/cadence/XCELIUM2209/tools/methodology/UVM/CDNS-1.1d/sv/src/reg/uvm_reg_map.svh(1996) @ 20500: reporter [uvm_reg_map] Reading address 'h1009 via map "yapp_rm.router_yapp_regs.router_yapp_regs"...
UVM_INFO ../../hbus/sv/hbus_master_driver.sv(67) @ 20600: uvm_test_top.tb.hbus.masters[0].driver [hbus_master_driver] Driving transaction :
----------------------------------------------------------------------------------------------------
Name                           Type                  Size  Value                                    
----------------------------------------------------------------------------------------------------
tr                             hbus_transaction      -     @10873                                   
  haddr                        integral              16    'h1009                                   
  hdata                        integral              8     'h0                                      
  hwr_rd                       hbus_read_write_enum  1     HBUS_READ                                
  wait_between_cycle           integral              32    'h0                                      
  begin_time                   time                  64    20600                                    
  depth                        int                   32    'd2                                      
  parent sequence (name)       string                18    default_parent_seq                       
  parent sequence (full name)  string                18    default_parent_seq                       
  sequencer                    string                41    uvm_test_top.tb.hbus.masters[0].sequencer
----------------------------------------------------------------------------------------------------

UVM_INFO ../../hbus/sv/hbus_if.sv(155) @ 20650: reporter [HBUS_IF] Monitor Read Transaction
UVM_INFO ../../hbus/sv/hbus_monitor.sv(101) @ 20650: uvm_test_top.tb.hbus.monitor [hbus_monitor] Collecting Transaction
UVM_INFO ../../hbus/sv/hbus_if.sv(89) @ 20800: reporter [HBUS_IF] Master reads 00 from 1009
UVM_INFO /software/commercial/cadence/XCELIUM2209/tools/methodology/UVM/CDNS-1.1d/sv/src/reg/uvm_reg_map.svh(2044) @ 20800: reporter [uvm_reg_map] Read 'h0 at 'h1009 via map "yapp_rm.router_yapp_regs.router_yapp_regs": UVM_IS_OK...
UVM_INFO @ 20800: reporter [RegModel] Read  register via map yapp_rm.router_yapp_regs.router_yapp_regs: yapp_rm.router_yapp_regs.addr0_cnt_reg=0
UVM_INFO /software/commercial/cadence/XCELIUM2209/tools/methodology/UVM/CDNS-1.1d/sv/src/reg/uvm_reg_map.svh(1996) @ 20800: reporter [uvm_reg_map] Reading address 'h100a via map "yapp_rm.router_yapp_regs.router_yapp_regs"...
UVM_INFO ../../hbus/sv/hbus_monitor.sv(109) @ 20850: uvm_test_top.tb.hbus.monitor [hbus_monitor] transaction collected :
-----------------------------------------------------------
Name                  Type                  Size  Value    
-----------------------------------------------------------
tr_collect            hbus_transaction      -     @11494   
  haddr               integral              16    'h1009   
  hdata               integral              8     'h0      
  hwr_rd              hbus_read_write_enum  1     HBUS_READ
  wait_between_cycle  integral              32    'h0      
  begin_time          time                  64    20650    
  end_time            time                  64    20850    
-----------------------------------------------------------

UVM_INFO ../sv/router_reference.sv(48) @ 20850: uvm_test_top.tb.router_mod.reference [router_reference] Received HBUS Transaction: 
-----------------------------------------------------------
Name                  Type                  Size  Value    
-----------------------------------------------------------
tr_collect            hbus_transaction      -     @11494   
  haddr               integral              16    'h1009   
  hdata               integral              8     'h0      
  hwr_rd              hbus_read_write_enum  1     HBUS_READ
  wait_between_cycle  integral              32    'h0      
  begin_time          time                  64    20650    
  end_time            time                  64    20850    
-----------------------------------------------------------

UVM_INFO ../../hbus/sv/hbus_master_driver.sv(67) @ 20900: uvm_test_top.tb.hbus.masters[0].driver [hbus_master_driver] Driving transaction :
----------------------------------------------------------------------------------------------------
Name                           Type                  Size  Value                                    
----------------------------------------------------------------------------------------------------
tr                             hbus_transaction      -     @11142                                   
  haddr                        integral              16    'h100a                                   
  hdata                        integral              8     'h0                                      
  hwr_rd                       hbus_read_write_enum  1     HBUS_READ                                
  wait_between_cycle           integral              32    'h0                                      
  begin_time                   time                  64    20900                                    
  depth                        int                   32    'd2                                      
  parent sequence (name)       string                18    default_parent_seq                       
  parent sequence (full name)  string                18    default_parent_seq                       
  sequencer                    string                41    uvm_test_top.tb.hbus.masters[0].sequencer
----------------------------------------------------------------------------------------------------

UVM_INFO ../../hbus/sv/hbus_if.sv(155) @ 20950: reporter [HBUS_IF] Monitor Read Transaction
UVM_INFO ../../hbus/sv/hbus_monitor.sv(101) @ 20950: uvm_test_top.tb.hbus.monitor [hbus_monitor] Collecting Transaction
UVM_INFO ../../hbus/sv/hbus_if.sv(89) @ 21100: reporter [HBUS_IF] Master reads 00 from 100a
UVM_INFO /software/commercial/cadence/XCELIUM2209/tools/methodology/UVM/CDNS-1.1d/sv/src/reg/uvm_reg_map.svh(2044) @ 21100: reporter [uvm_reg_map] Read 'h0 at 'h100a via map "yapp_rm.router_yapp_regs.router_yapp_regs": UVM_IS_OK...
UVM_INFO @ 21100: reporter [RegModel] Read  register via map yapp_rm.router_yapp_regs.router_yapp_regs: yapp_rm.router_yapp_regs.addr1_cnt_reg=0
UVM_INFO /software/commercial/cadence/XCELIUM2209/tools/methodology/UVM/CDNS-1.1d/sv/src/reg/uvm_reg_map.svh(1996) @ 21100: reporter [uvm_reg_map] Reading address 'h100b via map "yapp_rm.router_yapp_regs.router_yapp_regs"...
UVM_INFO ../../hbus/sv/hbus_monitor.sv(109) @ 21150: uvm_test_top.tb.hbus.monitor [hbus_monitor] transaction collected :
-----------------------------------------------------------
Name                  Type                  Size  Value    
-----------------------------------------------------------
tr_collect            hbus_transaction      -     @11494   
  haddr               integral              16    'h100a   
  hdata               integral              8     'h0      
  hwr_rd              hbus_read_write_enum  1     HBUS_READ
  wait_between_cycle  integral              32    'h0      
  begin_time          time                  64    20950    
  end_time            time                  64    21150    
-----------------------------------------------------------

UVM_INFO ../sv/router_reference.sv(48) @ 21150: uvm_test_top.tb.router_mod.reference [router_reference] Received HBUS Transaction: 
-----------------------------------------------------------
Name                  Type                  Size  Value    
-----------------------------------------------------------
tr_collect            hbus_transaction      -     @11494   
  haddr               integral              16    'h100a   
  hdata               integral              8     'h0      
  hwr_rd              hbus_read_write_enum  1     HBUS_READ
  wait_between_cycle  integral              32    'h0      
  begin_time          time                  64    20950    
  end_time            time                  64    21150    
-----------------------------------------------------------

UVM_INFO ../../channel/sv/channel_rx_monitor.sv(144) @ 21150: uvm_test_top.tb.chan2.rx_agent.monitor [channel_rx_monitor] Channel_2 Packet collected :
---------------------------------------------------
Name              Type            Size  Value      
---------------------------------------------------
packet_collected  channel_packet  -     @11267     
  length          integral        6     'h1c       
  addr            integral        2     'h2        
  payload         da(integral)    28    -          
    [0]           integral        8     'haf       
    [1]           integral        8     'hf8       
    [2]           integral        8     'h6c       
    [3]           integral        8     'he9       
    [4]           integral        8     'hff       
    ...           ...             ...   ...        
    [23]          integral        8     'hc3       
    [24]          integral        8     'h8        
    [25]          integral        8     'h59       
    [26]          integral        8     'h1        
    [27]          integral        8     'h4f       
  parity          integral        8     'h92       
  parity_type     parity_e        1     GOOD_PARITY
  packet_delay    integral        32    'd0        
  begin_time      time            64    18150      
  end_time        time            64    21150      
---------------------------------------------------

UVM_INFO ../sv/router_scoreboard.sv(194) @ 21150: uvm_test_top.tb.router_mod.scoreboard [router_scoreboard] Scoreboard Compare Match: Channel_2 Packet
---------------------------------------------------
Name              Type            Size  Value      
---------------------------------------------------
packet_collected  channel_packet  -     @11267     
  length          integral        6     'h1c       
  addr            integral        2     'h2        
  payload         da(integral)    28    -          
    [0]           integral        8     'haf       
    [1]           integral        8     'hf8       
    [2]           integral        8     'h6c       
    [3]           integral        8     'he9       
    [4]           integral        8     'hff       
    ...           ...             ...   ...        
    [23]          integral        8     'hc3       
    [24]          integral        8     'h8        
    [25]          integral        8     'h59       
    [26]          integral        8     'h1        
    [27]          integral        8     'h4f       
  parity          integral        8     'h92       
  parity_type     parity_e        1     GOOD_PARITY
  packet_delay    integral        32    'd0        
  begin_time      time            64    18150      
  end_time        time            64    21150      
---------------------------------------------------

UVM_INFO ../../hbus/sv/hbus_master_driver.sv(67) @ 21200: uvm_test_top.tb.hbus.masters[0].driver [hbus_master_driver] Driving transaction :
----------------------------------------------------------------------------------------------------
Name                           Type                  Size  Value                                    
----------------------------------------------------------------------------------------------------
tr                             hbus_transaction      -     @11168                                   
  haddr                        integral              16    'h100b                                   
  hdata                        integral              8     'h0                                      
  hwr_rd                       hbus_read_write_enum  1     HBUS_READ                                
  wait_between_cycle           integral              32    'h0                                      
  begin_time                   time                  64    21200                                    
  depth                        int                   32    'd2                                      
  parent sequence (name)       string                18    default_parent_seq                       
  parent sequence (full name)  string                18    default_parent_seq                       
  sequencer                    string                41    uvm_test_top.tb.hbus.masters[0].sequencer
----------------------------------------------------------------------------------------------------

UVM_INFO ../../hbus/sv/hbus_if.sv(155) @ 21250: reporter [HBUS_IF] Monitor Read Transaction
UVM_INFO ../../hbus/sv/hbus_monitor.sv(101) @ 21250: uvm_test_top.tb.hbus.monitor [hbus_monitor] Collecting Transaction
UVM_INFO ../../hbus/sv/hbus_if.sv(89) @ 21400: reporter [HBUS_IF] Master reads 00 from 100b
UVM_INFO /software/commercial/cadence/XCELIUM2209/tools/methodology/UVM/CDNS-1.1d/sv/src/reg/uvm_reg_map.svh(2044) @ 21400: reporter [uvm_reg_map] Read 'h0 at 'h100b via map "yapp_rm.router_yapp_regs.router_yapp_regs": UVM_IS_OK...
UVM_INFO @ 21400: reporter [RegModel] Read  register via map yapp_rm.router_yapp_regs.router_yapp_regs: yapp_rm.router_yapp_regs.addr2_cnt_reg=0
UVM_INFO /software/commercial/cadence/XCELIUM2209/tools/methodology/UVM/CDNS-1.1d/sv/src/reg/uvm_reg_map.svh(1996) @ 21400: reporter [uvm_reg_map] Reading address 'h1006 via map "yapp_rm.router_yapp_regs.router_yapp_regs"...
UVM_INFO ../../hbus/sv/hbus_monitor.sv(109) @ 21450: uvm_test_top.tb.hbus.monitor [hbus_monitor] transaction collected :
-----------------------------------------------------------
Name                  Type                  Size  Value    
-----------------------------------------------------------
tr_collect            hbus_transaction      -     @11494   
  haddr               integral              16    'h100b   
  hdata               integral              8     'h0      
  hwr_rd              hbus_read_write_enum  1     HBUS_READ
  wait_between_cycle  integral              32    'h0      
  begin_time          time                  64    21250    
  end_time            time                  64    21450    
-----------------------------------------------------------

UVM_INFO ../sv/router_reference.sv(48) @ 21450: uvm_test_top.tb.router_mod.reference [router_reference] Received HBUS Transaction: 
-----------------------------------------------------------
Name                  Type                  Size  Value    
-----------------------------------------------------------
tr_collect            hbus_transaction      -     @11494   
  haddr               integral              16    'h100b   
  hdata               integral              8     'h0      
  hwr_rd              hbus_read_write_enum  1     HBUS_READ
  wait_between_cycle  integral              32    'h0      
  begin_time          time                  64    21250    
  end_time            time                  64    21450    
-----------------------------------------------------------

UVM_INFO ../../hbus/sv/hbus_master_driver.sv(67) @ 21500: uvm_test_top.tb.hbus.masters[0].driver [hbus_master_driver] Driving transaction :
----------------------------------------------------------------------------------------------------
Name                           Type                  Size  Value                                    
----------------------------------------------------------------------------------------------------
tr                             hbus_transaction      -     @10840                                   
  haddr                        integral              16    'h1006                                   
  hdata                        integral              8     'h0                                      
  hwr_rd                       hbus_read_write_enum  1     HBUS_READ                                
  wait_between_cycle           integral              32    'h0                                      
  begin_time                   time                  64    21500                                    
  depth                        int                   32    'd2                                      
  parent sequence (name)       string                18    default_parent_seq                       
  parent sequence (full name)  string                18    default_parent_seq                       
  sequencer                    string                41    uvm_test_top.tb.hbus.masters[0].sequencer
----------------------------------------------------------------------------------------------------

UVM_INFO ../../hbus/sv/hbus_if.sv(155) @ 21550: reporter [HBUS_IF] Monitor Read Transaction
UVM_INFO ../../hbus/sv/hbus_monitor.sv(101) @ 21550: uvm_test_top.tb.hbus.monitor [hbus_monitor] Collecting Transaction
UVM_INFO ../../hbus/sv/hbus_if.sv(89) @ 21700: reporter [HBUS_IF] Master reads 00 from 1006
UVM_INFO /software/commercial/cadence/XCELIUM2209/tools/methodology/UVM/CDNS-1.1d/sv/src/reg/uvm_reg_map.svh(2044) @ 21700: reporter [uvm_reg_map] Read 'h0 at 'h1006 via map "yapp_rm.router_yapp_regs.router_yapp_regs": UVM_IS_OK...
UVM_INFO @ 21700: reporter [RegModel] Read  register via map yapp_rm.router_yapp_regs.router_yapp_regs: yapp_rm.router_yapp_regs.addr3_cnt_reg=0
UVM_INFO /software/commercial/cadence/XCELIUM2209/tools/methodology/UVM/CDNS-1.1d/sv/src/reg/uvm_reg_map.svh(1869) @ 21700: reporter [uvm_reg_map] Writing 'hff at 'h1001 via map "yapp_rm.router_yapp_regs.router_yapp_regs"...
UVM_INFO ../../hbus/sv/hbus_monitor.sv(109) @ 21750: uvm_test_top.tb.hbus.monitor [hbus_monitor] transaction collected :
-----------------------------------------------------------
Name                  Type                  Size  Value    
-----------------------------------------------------------
tr_collect            hbus_transaction      -     @11494   
  haddr               integral              16    'h1006   
  hdata               integral              8     'h0      
  hwr_rd              hbus_read_write_enum  1     HBUS_READ
  wait_between_cycle  integral              32    'h0      
  begin_time          time                  64    21550    
  end_time            time                  64    21750    
-----------------------------------------------------------

UVM_INFO ../sv/router_reference.sv(48) @ 21750: uvm_test_top.tb.router_mod.reference [router_reference] Received HBUS Transaction: 
-----------------------------------------------------------
Name                  Type                  Size  Value    
-----------------------------------------------------------
tr_collect            hbus_transaction      -     @11494   
  haddr               integral              16    'h1006   
  hdata               integral              8     'h0      
  hwr_rd              hbus_read_write_enum  1     HBUS_READ
  wait_between_cycle  integral              32    'h0      
  begin_time          time                  64    21550    
  end_time            time                  64    21750    
-----------------------------------------------------------

UVM_INFO ../../hbus/sv/hbus_if.sv(74) @ 21800: reporter [HBUS_IF] Master writes ff to 1001
UVM_INFO ../../hbus/sv/hbus_master_driver.sv(67) @ 21800: uvm_test_top.tb.hbus.masters[0].driver [hbus_master_driver] Driving transaction :
----------------------------------------------------------------------------------------------------
Name                           Type                  Size  Value                                    
----------------------------------------------------------------------------------------------------
tr                             hbus_transaction      -     @11022                                   
  haddr                        integral              16    'h1001                                   
  hdata                        integral              8     'hff                                     
  hwr_rd                       hbus_read_write_enum  1     HBUS_WRITE                               
  wait_between_cycle           integral              32    'h0                                      
  begin_time                   time                  64    21800                                    
  depth                        int                   32    'd2                                      
  parent sequence (name)       string                18    default_parent_seq                       
  parent sequence (full name)  string                18    default_parent_seq                       
  sequencer                    string                41    uvm_test_top.tb.hbus.masters[0].sequencer
----------------------------------------------------------------------------------------------------

UVM_INFO ../../hbus/sv/hbus_if.sv(148) @ 21850: reporter [HBUS_IF] Monitor Write Transaction
UVM_INFO ../../hbus/sv/hbus_monitor.sv(101) @ 21850: uvm_test_top.tb.hbus.monitor [hbus_monitor] Collecting Transaction
UVM_INFO /software/commercial/cadence/XCELIUM2209/tools/methodology/UVM/CDNS-1.1d/sv/src/reg/uvm_reg_map.svh(1916) @ 21900: reporter [uvm_reg_map] Wrote 'hff at 'h1001 via map "yapp_rm.router_yapp_regs.router_yapp_regs": UVM_IS_OK...
UVM_INFO @ 21900: reporter [RegModel] Wrote register via map yapp_rm.router_yapp_regs.router_yapp_regs: yapp_rm.router_yapp_regs.en_reg=0xff
UVM_INFO router_test_lib.sv(459) @ 21900: uvm_test_top [REG_SEQ] Wrote 8'hff to en_reg
UVM_INFO ../../yapp/sv/yapp_tx_seqs.sv(112) @ 21900: uvm_test_top.tb.yapp.tx_agent.sequencer@@yapp012 [yapp_012_seq] 
executing yapp_012_seq

UVM_INFO ../../yapp/sv/yapp_tx_driver.sv(41) @ 21900: uvm_test_top.tb.yapp.tx_agent.driver [yapp_tx_driver] Sending Packet :
--------------------------------------------------------------------------------------------------
Name                           Type          Size  Value                                          
--------------------------------------------------------------------------------------------------
req                            yapp_packet   -     @11152                                         
  length                       integral      6     'h1f                                           
  addr                         integral      2     'h0                                            
  payload                      da(integral)  31    -                                              
    [0]                        integral      8     'h2e                                           
    [1]                        integral      8     'h68                                           
    [2]                        integral      8     'h89                                           
    [3]                        integral      8     'h3                                            
    [4]                        integral      8     'h75                                           
    ...                        ...           ...   ...                                            
    [26]                       integral      8     'hf2                                           
    [27]                       integral      8     'h7a                                           
    [28]                       integral      8     'he6                                           
    [29]                       integral      8     'ha0                                           
    [30]                       integral      8     'h85                                           
  parity                       integral      8     'hf0                                           
  parity_type                  parity_t      1     GOOD_PARITY                                    
  packet_delay                 integral      32    'd6                                            
  begin_time                   time          64    21900                                          
  depth                        int           32    'd2                                            
  parent sequence (name)       string        7     yapp012                                        
  parent sequence (full name)  string        47    uvm_test_top.tb.yapp.tx_agent.sequencer.yapp012
  sequencer                    string        39    uvm_test_top.tb.yapp.tx_agent.sequencer        
--------------------------------------------------------------------------------------------------

UVM_INFO ../../hbus/sv/hbus_monitor.sv(109) @ 21950: uvm_test_top.tb.hbus.monitor [hbus_monitor] transaction collected :
------------------------------------------------------------
Name                  Type                  Size  Value     
------------------------------------------------------------
tr_collect            hbus_transaction      -     @11494    
  haddr               integral              16    'h1001    
  hdata               integral              8     'hff      
  hwr_rd              hbus_read_write_enum  1     HBUS_WRITE
  wait_between_cycle  integral              32    'h0       
  begin_time          time                  64    21850     
  end_time            time                  64    21950     
------------------------------------------------------------

UVM_INFO ../sv/router_reference.sv(48) @ 21950: uvm_test_top.tb.router_mod.reference [router_reference] Received HBUS Transaction: 
------------------------------------------------------------
Name                  Type                  Size  Value     
------------------------------------------------------------
tr_collect            hbus_transaction      -     @11494    
  haddr               integral              16    'h1001    
  hdata               integral              8     'hff      
  hwr_rd              hbus_read_write_enum  1     HBUS_WRITE
  wait_between_cycle  integral              32    'h0       
  begin_time          time                  64    21850     
  end_time            time                  64    21950     
------------------------------------------------------------

UVM_INFO ../../yapp/sv/yapp_if.sv(89) @ 22650: reporter [YAPP_IF] collect packets
UVM_INFO ../../yapp/sv/yapp_tx_monitor.sv(45) @ 25850: uvm_test_top.tb.yapp.tx_agent.monitor [yapp_tx_monitor] 
Packet Collected :
-----------------------------------------------
Name            Type          Size  Value      
-----------------------------------------------
pkt             yapp_packet   -     @10867     
  length        integral      6     'h1f       
  addr          integral      2     'h0        
  payload       da(integral)  31    -          
    [0]         integral      8     'h2e       
    [1]         integral      8     'h68       
    [2]         integral      8     'h89       
    [3]         integral      8     'h3        
    [4]         integral      8     'h75       
    ...         ...           ...   ...        
    [26]        integral      8     'hf2       
    [27]        integral      8     'h7a       
    [28]        integral      8     'he6       
    [29]        integral      8     'ha0       
    [30]        integral      8     'h85       
  parity        integral      8     'hf0       
  parity_type   parity_t      1     GOOD_PARITY
  packet_delay  integral      32    'd0        
  begin_time    time          64    22650      
  end_time      time          64    25850      
-----------------------------------------------

UVM_INFO ../sv/router_reference.sv(61) @ 25850: uvm_test_top.tb.router_mod.reference [router_reference] Received Input YAPP Packet: 
-----------------------------------------------
Name            Type          Size  Value      
-----------------------------------------------
pkt             yapp_packet   -     @10867     
  length        integral      6     'h1f       
  addr          integral      2     'h0        
  payload       da(integral)  31    -          
    [0]         integral      8     'h2e       
    [1]         integral      8     'h68       
    [2]         integral      8     'h89       
    [3]         integral      8     'h3        
    [4]         integral      8     'h75       
    ...         ...           ...   ...        
    [26]        integral      8     'hf2       
    [27]        integral      8     'h7a       
    [28]        integral      8     'he6       
    [29]        integral      8     'ha0       
    [30]        integral      8     'h85       
  parity        integral      8     'hf0       
  parity_type   parity_t      1     GOOD_PARITY
  packet_delay  integral      32    'd0        
  begin_time    time          64    22650      
  end_time      time          64    25850      
-----------------------------------------------

UVM_INFO ../sv/router_scoreboard.sv(93) @ 25850: uvm_test_top.tb.router_mod.scoreboard [router_scoreboard] Added packet to Scoreboard Queue 0
UVM_INFO ../sv/router_reference.sv(74) @ 25850: uvm_test_top.tb.router_mod.reference [router_reference] Sent YAPP Packet to Scoreboard
UVM_INFO ../../yapp/sv/yapp_tx_driver.sv(41) @ 25900: uvm_test_top.tb.yapp.tx_agent.driver [yapp_tx_driver] Sending Packet :
--------------------------------------------------------------------------------------------------
Name                           Type          Size  Value                                          
--------------------------------------------------------------------------------------------------
req                            yapp_packet   -     @11063                                         
  length                       integral      6     'h1f                                           
  addr                         integral      2     'h1                                            
  payload                      da(integral)  31    -                                              
    [0]                        integral      8     'h21                                           
    [1]                        integral      8     'hcd                                           
    [2]                        integral      8     'hb6                                           
    [3]                        integral      8     'hc0                                           
    [4]                        integral      8     'h74                                           
    ...                        ...           ...   ...                                            
    [26]                       integral      8     'h5d                                           
    [27]                       integral      8     'h37                                           
    [28]                       integral      8     'hab                                           
    [29]                       integral      8     'h1b                                           
    [30]                       integral      8     'h31                                           
  parity                       integral      8     'h7e                                           
  parity_type                  parity_t      1     GOOD_PARITY                                    
  packet_delay                 integral      32    'd16                                           
  begin_time                   time          64    25900                                          
  depth                        int           32    'd2                                            
  parent sequence (name)       string        7     yapp012                                        
  parent sequence (full name)  string        47    uvm_test_top.tb.yapp.tx_agent.sequencer.yapp012
  sequencer                    string        39    uvm_test_top.tb.yapp.tx_agent.sequencer        
--------------------------------------------------------------------------------------------------

UVM_INFO ../../channel/sv/channel_rx_monitor.sv(144) @ 26450: uvm_test_top.tb.chan0.rx_agent.monitor [channel_rx_monitor] Channel_0 Packet collected :
---------------------------------------------------
Name              Type            Size  Value      
---------------------------------------------------
packet_collected  channel_packet  -     @10921     
  length          integral        6     'h1f       
  addr            integral        2     'h0        
  payload         da(integral)    31    -          
    [0]           integral        8     'h2e       
    [1]           integral        8     'h68       
    [2]           integral        8     'h89       
    [3]           integral        8     'h3        
    [4]           integral        8     'h75       
    ...           ...             ...   ...        
    [26]          integral        8     'hf2       
    [27]          integral        8     'h7a       
    [28]          integral        8     'he6       
    [29]          integral        8     'ha0       
    [30]          integral        8     'h85       
  parity          integral        8     'hf0       
  parity_type     parity_e        1     GOOD_PARITY
  packet_delay    integral        32    'd0        
  begin_time      time            64    23150      
  end_time        time            64    26450      
---------------------------------------------------

UVM_INFO ../sv/router_scoreboard.sv(132) @ 26450: uvm_test_top.tb.router_mod.scoreboard [router_scoreboard] Scoreboard Compare Match: Channel_0 Packet
---------------------------------------------------
Name              Type            Size  Value      
---------------------------------------------------
packet_collected  channel_packet  -     @10921     
  length          integral        6     'h1f       
  addr            integral        2     'h0        
  payload         da(integral)    31    -          
    [0]           integral        8     'h2e       
    [1]           integral        8     'h68       
    [2]           integral        8     'h89       
    [3]           integral        8     'h3        
    [4]           integral        8     'h75       
    ...           ...             ...   ...        
    [26]          integral        8     'hf2       
    [27]          integral        8     'h7a       
    [28]          integral        8     'he6       
    [29]          integral        8     'ha0       
    [30]          integral        8     'h85       
  parity          integral        8     'hf0       
  parity_type     parity_e        1     GOOD_PARITY
  packet_delay    integral        32    'd0        
  begin_time      time            64    23150      
  end_time        time            64    26450      
---------------------------------------------------

UVM_INFO ../../yapp/sv/yapp_if.sv(89) @ 27650: reporter [YAPP_IF] collect packets
UVM_INFO ../../yapp/sv/yapp_tx_monitor.sv(45) @ 30850: uvm_test_top.tb.yapp.tx_agent.monitor [yapp_tx_monitor] 
Packet Collected :
-----------------------------------------------
Name            Type          Size  Value      
-----------------------------------------------
pkt             yapp_packet   -     @11208     
  length        integral      6     'h1f       
  addr          integral      2     'h1        
  payload       da(integral)  31    -          
    [0]         integral      8     'h21       
    [1]         integral      8     'hcd       
    [2]         integral      8     'hb6       
    [3]         integral      8     'hc0       
    [4]         integral      8     'h74       
    ...         ...           ...   ...        
    [26]        integral      8     'h5d       
    [27]        integral      8     'h37       
    [28]        integral      8     'hab       
    [29]        integral      8     'h1b       
    [30]        integral      8     'h31       
  parity        integral      8     'h7e       
  parity_type   parity_t      1     GOOD_PARITY
  packet_delay  integral      32    'd0        
  begin_time    time          64    27650      
  end_time      time          64    30850      
-----------------------------------------------

UVM_INFO ../sv/router_reference.sv(61) @ 30850: uvm_test_top.tb.router_mod.reference [router_reference] Received Input YAPP Packet: 
-----------------------------------------------
Name            Type          Size  Value      
-----------------------------------------------
pkt             yapp_packet   -     @11208     
  length        integral      6     'h1f       
  addr          integral      2     'h1        
  payload       da(integral)  31    -          
    [0]         integral      8     'h21       
    [1]         integral      8     'hcd       
    [2]         integral      8     'hb6       
    [3]         integral      8     'hc0       
    [4]         integral      8     'h74       
    ...         ...           ...   ...        
    [26]        integral      8     'h5d       
    [27]        integral      8     'h37       
    [28]        integral      8     'hab       
    [29]        integral      8     'h1b       
    [30]        integral      8     'h31       
  parity        integral      8     'h7e       
  parity_type   parity_t      1     GOOD_PARITY
  packet_delay  integral      32    'd0        
  begin_time    time          64    27650      
  end_time      time          64    30850      
-----------------------------------------------

UVM_INFO ../sv/router_scoreboard.sv(97) @ 30850: uvm_test_top.tb.router_mod.scoreboard [router_scoreboard] Added packet to Scoreboard Queue 1
UVM_INFO ../sv/router_reference.sv(74) @ 30850: uvm_test_top.tb.router_mod.reference [router_reference] Sent YAPP Packet to Scoreboard
UVM_INFO ../../yapp/sv/yapp_tx_driver.sv(41) @ 30900: uvm_test_top.tb.yapp.tx_agent.driver [yapp_tx_driver] Sending Packet :
--------------------------------------------------------------------------------------------------
Name                           Type          Size  Value                                          
--------------------------------------------------------------------------------------------------
req                            yapp_packet   -     @10963                                         
  length                       integral      6     'h37                                           
  addr                         integral      2     'h2                                            
  payload                      da(integral)  55    -                                              
    [0]                        integral      8     'ha2                                           
    [1]                        integral      8     'h36                                           
    [2]                        integral      8     'h25                                           
    [3]                        integral      8     'h3b                                           
    [4]                        integral      8     'h0                                            
    ...                        ...           ...   ...                                            
    [50]                       integral      8     'h1d                                           
    [51]                       integral      8     'h5d                                           
    [52]                       integral      8     'h3f                                           
    [53]                       integral      8     'h71                                           
    [54]                       integral      8     'hd4                                           
  parity                       integral      8     'hf2                                           
  parity_type                  parity_t      1     GOOD_PARITY                                    
  packet_delay                 integral      32    'd10                                           
  begin_time                   time          64    30900                                          
  depth                        int           32    'd2                                            
  parent sequence (name)       string        7     yapp012                                        
  parent sequence (full name)  string        47    uvm_test_top.tb.yapp.tx_agent.sequencer.yapp012
  sequencer                    string        39    uvm_test_top.tb.yapp.tx_agent.sequencer        
--------------------------------------------------------------------------------------------------

UVM_INFO ../../channel/sv/channel_rx_monitor.sv(144) @ 31350: uvm_test_top.tb.chan1.rx_agent.monitor [channel_rx_monitor] Channel_1 Packet collected :
---------------------------------------------------
Name              Type            Size  Value      
---------------------------------------------------
packet_collected  channel_packet  -     @10854     
  length          integral        6     'h1f       
  addr            integral        2     'h1        
  payload         da(integral)    31    -          
    [0]           integral        8     'h21       
    [1]           integral        8     'hcd       
    [2]           integral        8     'hb6       
    [3]           integral        8     'hc0       
    [4]           integral        8     'h74       
    ...           ...             ...   ...        
    [26]          integral        8     'h5d       
    [27]          integral        8     'h37       
    [28]          integral        8     'hab       
    [29]          integral        8     'h1b       
    [30]          integral        8     'h31       
  parity          integral        8     'h7e       
  parity_type     parity_e        1     GOOD_PARITY
  packet_delay    integral        32    'd0        
  begin_time      time            64    28050      
  end_time        time            64    31350      
---------------------------------------------------

UVM_INFO ../sv/router_scoreboard.sv(163) @ 31350: uvm_test_top.tb.router_mod.scoreboard [router_scoreboard] Scoreboard Compare Match: Channel_1 Packet
---------------------------------------------------
Name              Type            Size  Value      
---------------------------------------------------
packet_collected  channel_packet  -     @10854     
  length          integral        6     'h1f       
  addr            integral        2     'h1        
  payload         da(integral)    31    -          
    [0]           integral        8     'h21       
    [1]           integral        8     'hcd       
    [2]           integral        8     'hb6       
    [3]           integral        8     'hc0       
    [4]           integral        8     'h74       
    ...           ...             ...   ...        
    [26]          integral        8     'h5d       
    [27]          integral        8     'h37       
    [28]          integral        8     'hab       
    [29]          integral        8     'h1b       
    [30]          integral        8     'h31       
  parity          integral        8     'h7e       
  parity_type     parity_e        1     GOOD_PARITY
  packet_delay    integral        32    'd0        
  begin_time      time            64    28050      
  end_time        time            64    31350      
---------------------------------------------------

UVM_INFO ../../yapp/sv/yapp_if.sv(89) @ 32050: reporter [YAPP_IF] collect packets
UVM_INFO ../../yapp/sv/yapp_tx_monitor.sv(45) @ 37650: uvm_test_top.tb.yapp.tx_agent.monitor [yapp_tx_monitor] 
Packet Collected :
-----------------------------------------------
Name            Type          Size  Value      
-----------------------------------------------
pkt             yapp_packet   -     @11218     
  length        integral      6     'h37       
  addr          integral      2     'h2        
  payload       da(integral)  55    -          
    [0]         integral      8     'ha2       
    [1]         integral      8     'h36       
    [2]         integral      8     'h25       
    [3]         integral      8     'h3b       
    [4]         integral      8     'h0        
    ...         ...           ...   ...        
    [50]        integral      8     'h1d       
    [51]        integral      8     'h5d       
    [52]        integral      8     'h3f       
    [53]        integral      8     'h71       
    [54]        integral      8     'hd4       
  parity        integral      8     'hf2       
  parity_type   parity_t      1     GOOD_PARITY
  packet_delay  integral      32    'd0        
  begin_time    time          64    32050      
  end_time      time          64    37650      
-----------------------------------------------

UVM_INFO ../sv/router_reference.sv(61) @ 37650: uvm_test_top.tb.router_mod.reference [router_reference] Received Input YAPP Packet: 
-----------------------------------------------
Name            Type          Size  Value      
-----------------------------------------------
pkt             yapp_packet   -     @11218     
  length        integral      6     'h37       
  addr          integral      2     'h2        
  payload       da(integral)  55    -          
    [0]         integral      8     'ha2       
    [1]         integral      8     'h36       
    [2]         integral      8     'h25       
    [3]         integral      8     'h3b       
    [4]         integral      8     'h0        
    ...         ...           ...   ...        
    [50]        integral      8     'h1d       
    [51]        integral      8     'h5d       
    [52]        integral      8     'h3f       
    [53]        integral      8     'h71       
    [54]        integral      8     'hd4       
  parity        integral      8     'hf2       
  parity_type   parity_t      1     GOOD_PARITY
  packet_delay  integral      32    'd0        
  begin_time    time          64    32050      
  end_time      time          64    37650      
-----------------------------------------------

UVM_INFO ../sv/router_scoreboard.sv(101) @ 37650: uvm_test_top.tb.router_mod.scoreboard [router_scoreboard] Added packet to Scoreboard Queue 2
UVM_INFO ../sv/router_reference.sv(74) @ 37650: uvm_test_top.tb.router_mod.reference [router_reference] Sent YAPP Packet to Scoreboard
UVM_INFO ../../yapp/sv/yapp_tx_seqs.sv(112) @ 37700: uvm_test_top.tb.yapp.tx_agent.sequencer@@yapp012 [yapp_012_seq] 
executing yapp_012_seq

UVM_INFO ../../yapp/sv/yapp_tx_driver.sv(41) @ 37700: uvm_test_top.tb.yapp.tx_agent.driver [yapp_tx_driver] Sending Packet :
--------------------------------------------------------------------------------------------------
Name                           Type          Size  Value                                          
--------------------------------------------------------------------------------------------------
req                            yapp_packet   -     @11150                                         
  length                       integral      6     'h3d                                           
  addr                         integral      2     'h0                                            
  payload                      da(integral)  61    -                                              
    [0]                        integral      8     'h99                                           
    [1]                        integral      8     'hb1                                           
    [2]                        integral      8     'hfd                                           
    [3]                        integral      8     'h12                                           
    [4]                        integral      8     'h7c                                           
    ...                        ...           ...   ...                                            
    [56]                       integral      8     'hdc                                           
    [57]                       integral      8     'h42                                           
    [58]                       integral      8     'h69                                           
    [59]                       integral      8     'h7                                            
    [60]                       integral      8     'h20                                           
  parity                       integral      8     'hf1                                           
  parity_type                  parity_t      1     GOOD_PARITY                                    
  packet_delay                 integral      32    'd8                                            
  begin_time                   time          64    37700                                          
  depth                        int           32    'd2                                            
  parent sequence (name)       string        7     yapp012                                        
  parent sequence (full name)  string        47    uvm_test_top.tb.yapp.tx_agent.sequencer.yapp012
  sequencer                    string        39    uvm_test_top.tb.yapp.tx_agent.sequencer        
--------------------------------------------------------------------------------------------------

UVM_INFO ../../channel/sv/channel_rx_monitor.sv(144) @ 38550: uvm_test_top.tb.chan2.rx_agent.monitor [channel_rx_monitor] Channel_2 Packet collected :
---------------------------------------------------
Name              Type            Size  Value      
---------------------------------------------------
packet_collected  channel_packet  -     @11086     
  length          integral        6     'h37       
  addr            integral        2     'h2        
  payload         da(integral)    55    -          
    [0]           integral        8     'ha2       
    [1]           integral        8     'h36       
    [2]           integral        8     'h25       
    [3]           integral        8     'h3b       
    [4]           integral        8     'h0        
    ...           ...             ...   ...        
    [50]          integral        8     'h1d       
    [51]          integral        8     'h5d       
    [52]          integral        8     'h3f       
    [53]          integral        8     'h71       
    [54]          integral        8     'hd4       
  parity          integral        8     'hf2       
  parity_type     parity_e        1     GOOD_PARITY
  packet_delay    integral        32    'd0        
  begin_time      time            64    32850      
  end_time        time            64    38550      
---------------------------------------------------

UVM_INFO ../sv/router_scoreboard.sv(194) @ 38550: uvm_test_top.tb.router_mod.scoreboard [router_scoreboard] Scoreboard Compare Match: Channel_2 Packet
---------------------------------------------------
Name              Type            Size  Value      
---------------------------------------------------
packet_collected  channel_packet  -     @11086     
  length          integral        6     'h37       
  addr            integral        2     'h2        
  payload         da(integral)    55    -          
    [0]           integral        8     'ha2       
    [1]           integral        8     'h36       
    [2]           integral        8     'h25       
    [3]           integral        8     'h3b       
    [4]           integral        8     'h0        
    ...           ...             ...   ...        
    [50]          integral        8     'h1d       
    [51]          integral        8     'h5d       
    [52]          integral        8     'h3f       
    [53]          integral        8     'h71       
    [54]          integral        8     'hd4       
  parity          integral        8     'hf2       
  parity_type     parity_e        1     GOOD_PARITY
  packet_delay    integral        32    'd0        
  begin_time      time            64    32850      
  end_time        time            64    38550      
---------------------------------------------------

UVM_INFO ../../yapp/sv/yapp_if.sv(89) @ 38650: reporter [YAPP_IF] collect packets
UVM_INFO ../../yapp/sv/yapp_tx_monitor.sv(45) @ 44850: uvm_test_top.tb.yapp.tx_agent.monitor [yapp_tx_monitor] 
Packet Collected :
-----------------------------------------------
Name            Type          Size  Value      
-----------------------------------------------
pkt             yapp_packet   -     @11246     
  length        integral      6     'h3d       
  addr          integral      2     'h0        
  payload       da(integral)  61    -          
    [0]         integral      8     'h99       
    [1]         integral      8     'hb1       
    [2]         integral      8     'hfd       
    [3]         integral      8     'h12       
    [4]         integral      8     'h7c       
    ...         ...           ...   ...        
    [56]        integral      8     'hdc       
    [57]        integral      8     'h42       
    [58]        integral      8     'h69       
    [59]        integral      8     'h7        
    [60]        integral      8     'h20       
  parity        integral      8     'hf1       
  parity_type   parity_t      1     GOOD_PARITY
  packet_delay  integral      32    'd0        
  begin_time    time          64    38650      
  end_time      time          64    44850      
-----------------------------------------------

UVM_INFO ../sv/router_reference.sv(61) @ 44850: uvm_test_top.tb.router_mod.reference [router_reference] Received Input YAPP Packet: 
-----------------------------------------------
Name            Type          Size  Value      
-----------------------------------------------
pkt             yapp_packet   -     @11246     
  length        integral      6     'h3d       
  addr          integral      2     'h0        
  payload       da(integral)  61    -          
    [0]         integral      8     'h99       
    [1]         integral      8     'hb1       
    [2]         integral      8     'hfd       
    [3]         integral      8     'h12       
    [4]         integral      8     'h7c       
    ...         ...           ...   ...        
    [56]        integral      8     'hdc       
    [57]        integral      8     'h42       
    [58]        integral      8     'h69       
    [59]        integral      8     'h7        
    [60]        integral      8     'h20       
  parity        integral      8     'hf1       
  parity_type   parity_t      1     GOOD_PARITY
  packet_delay  integral      32    'd0        
  begin_time    time          64    38650      
  end_time      time          64    44850      
-----------------------------------------------

UVM_INFO ../sv/router_scoreboard.sv(93) @ 44850: uvm_test_top.tb.router_mod.scoreboard [router_scoreboard] Added packet to Scoreboard Queue 0
UVM_INFO ../sv/router_reference.sv(74) @ 44850: uvm_test_top.tb.router_mod.reference [router_reference] Sent YAPP Packet to Scoreboard
UVM_INFO ../../yapp/sv/yapp_tx_driver.sv(41) @ 44900: uvm_test_top.tb.yapp.tx_agent.driver [yapp_tx_driver] Sending Packet :
--------------------------------------------------------------------------------------------------
Name                           Type          Size  Value                                          
--------------------------------------------------------------------------------------------------
req                            yapp_packet   -     @10876                                         
  length                       integral      6     'h1a                                           
  addr                         integral      2     'h1                                            
  payload                      da(integral)  26    -                                              
    [0]                        integral      8     'hff                                           
    [1]                        integral      8     'he1                                           
    [2]                        integral      8     'he2                                           
    [3]                        integral      8     'h71                                           
    [4]                        integral      8     'h21                                           
    ...                        ...           ...   ...                                            
    [21]                       integral      8     'h71                                           
    [22]                       integral      8     'hec                                           
    [23]                       integral      8     'h79                                           
    [24]                       integral      8     'hb7                                           
    [25]                       integral      8     'h50                                           
  parity                       integral      8     'h7                                            
  parity_type                  parity_t      1     GOOD_PARITY                                    
  packet_delay                 integral      32    'd18                                           
  begin_time                   time          64    44900                                          
  depth                        int           32    'd2                                            
  parent sequence (name)       string        7     yapp012                                        
  parent sequence (full name)  string        47    uvm_test_top.tb.yapp.tx_agent.sequencer.yapp012
  sequencer                    string        39    uvm_test_top.tb.yapp.tx_agent.sequencer        
--------------------------------------------------------------------------------------------------

UVM_INFO ../../channel/sv/channel_rx_monitor.sv(144) @ 45450: uvm_test_top.tb.chan0.rx_agent.monitor [channel_rx_monitor] Channel_0 Packet collected :
---------------------------------------------------
Name              Type            Size  Value      
---------------------------------------------------
packet_collected  channel_packet  -     @10848     
  length          integral        6     'h3d       
  addr            integral        2     'h0        
  payload         da(integral)    61    -          
    [0]           integral        8     'h99       
    [1]           integral        8     'hb1       
    [2]           integral        8     'hfd       
    [3]           integral        8     'h12       
    [4]           integral        8     'h7c       
    ...           ...             ...   ...        
    [56]          integral        8     'hdc       
    [57]          integral        8     'h42       
    [58]          integral        8     'h69       
    [59]          integral        8     'h7        
    [60]          integral        8     'h20       
  parity          integral        8     'hf1       
  parity_type     parity_e        1     GOOD_PARITY
  packet_delay    integral        32    'd0        
  begin_time      time            64    39150      
  end_time        time            64    45450      
---------------------------------------------------

UVM_INFO ../sv/router_scoreboard.sv(132) @ 45450: uvm_test_top.tb.router_mod.scoreboard [router_scoreboard] Scoreboard Compare Match: Channel_0 Packet
---------------------------------------------------
Name              Type            Size  Value      
---------------------------------------------------
packet_collected  channel_packet  -     @10848     
  length          integral        6     'h3d       
  addr            integral        2     'h0        
  payload         da(integral)    61    -          
    [0]           integral        8     'h99       
    [1]           integral        8     'hb1       
    [2]           integral        8     'hfd       
    [3]           integral        8     'h12       
    [4]           integral        8     'h7c       
    ...           ...             ...   ...        
    [56]          integral        8     'hdc       
    [57]          integral        8     'h42       
    [58]          integral        8     'h69       
    [59]          integral        8     'h7        
    [60]          integral        8     'h20       
  parity          integral        8     'hf1       
  parity_type     parity_e        1     GOOD_PARITY
  packet_delay    integral        32    'd0        
  begin_time      time            64    39150      
  end_time        time            64    45450      
---------------------------------------------------

UVM_INFO ../../yapp/sv/yapp_if.sv(89) @ 46850: reporter [YAPP_IF] collect packets
UVM_INFO ../../yapp/sv/yapp_tx_monitor.sv(45) @ 49550: uvm_test_top.tb.yapp.tx_agent.monitor [yapp_tx_monitor] 
Packet Collected :
-----------------------------------------------
Name            Type          Size  Value      
-----------------------------------------------
pkt             yapp_packet   -     @10927     
  length        integral      6     'h1a       
  addr          integral      2     'h1        
  payload       da(integral)  26    -          
    [0]         integral      8     'hff       
    [1]         integral      8     'he1       
    [2]         integral      8     'he2       
    [3]         integral      8     'h71       
    [4]         integral      8     'h21       
    ...         ...           ...   ...        
    [21]        integral      8     'h71       
    [22]        integral      8     'hec       
    [23]        integral      8     'h79       
    [24]        integral      8     'hb7       
    [25]        integral      8     'h50       
  parity        integral      8     'h7        
  parity_type   parity_t      1     GOOD_PARITY
  packet_delay  integral      32    'd0        
  begin_time    time          64    46850      
  end_time      time          64    49550      
-----------------------------------------------

UVM_INFO ../sv/router_reference.sv(61) @ 49550: uvm_test_top.tb.router_mod.reference [router_reference] Received Input YAPP Packet: 
-----------------------------------------------
Name            Type          Size  Value      
-----------------------------------------------
pkt             yapp_packet   -     @10927     
  length        integral      6     'h1a       
  addr          integral      2     'h1        
  payload       da(integral)  26    -          
    [0]         integral      8     'hff       
    [1]         integral      8     'he1       
    [2]         integral      8     'he2       
    [3]         integral      8     'h71       
    [4]         integral      8     'h21       
    ...         ...           ...   ...        
    [21]        integral      8     'h71       
    [22]        integral      8     'hec       
    [23]        integral      8     'h79       
    [24]        integral      8     'hb7       
    [25]        integral      8     'h50       
  parity        integral      8     'h7        
  parity_type   parity_t      1     GOOD_PARITY
  packet_delay  integral      32    'd0        
  begin_time    time          64    46850      
  end_time      time          64    49550      
-----------------------------------------------

UVM_INFO ../sv/router_scoreboard.sv(97) @ 49550: uvm_test_top.tb.router_mod.scoreboard [router_scoreboard] Added packet to Scoreboard Queue 1
UVM_INFO ../sv/router_reference.sv(74) @ 49550: uvm_test_top.tb.router_mod.reference [router_reference] Sent YAPP Packet to Scoreboard
UVM_INFO ../../yapp/sv/yapp_tx_driver.sv(41) @ 49600: uvm_test_top.tb.yapp.tx_agent.driver [yapp_tx_driver] Sending Packet :
--------------------------------------------------------------------------------------------------
Name                           Type          Size  Value                                          
--------------------------------------------------------------------------------------------------
req                            yapp_packet   -     @10816                                         
  length                       integral      6     'h22                                           
  addr                         integral      2     'h2                                            
  payload                      da(integral)  34    -                                              
    [0]                        integral      8     'h47                                           
    [1]                        integral      8     'hfa                                           
    [2]                        integral      8     'h14                                           
    [3]                        integral      8     'h12                                           
    [4]                        integral      8     'hf8                                           
    ...                        ...           ...   ...                                            
    [29]                       integral      8     'h35                                           
    [30]                       integral      8     'hbc                                           
    [31]                       integral      8     'hc9                                           
    [32]                       integral      8     'h12                                           
    [33]                       integral      8     'h7e                                           
  parity                       integral      8     'h59                                           
  parity_type                  parity_t      1     GOOD_PARITY                                    
  packet_delay                 integral      32    'd17                                           
  begin_time                   time          64    49600                                          
  depth                        int           32    'd2                                            
  parent sequence (name)       string        7     yapp012                                        
  parent sequence (full name)  string        47    uvm_test_top.tb.yapp.tx_agent.sequencer.yapp012
  sequencer                    string        39    uvm_test_top.tb.yapp.tx_agent.sequencer        
--------------------------------------------------------------------------------------------------

UVM_INFO ../../channel/sv/channel_rx_monitor.sv(144) @ 50050: uvm_test_top.tb.chan1.rx_agent.monitor [channel_rx_monitor] Channel_1 Packet collected :
---------------------------------------------------
Name              Type            Size  Value      
---------------------------------------------------
packet_collected  channel_packet  -     @11195     
  length          integral        6     'h1a       
  addr            integral        2     'h1        
  payload         da(integral)    26    -          
    [0]           integral        8     'hff       
    [1]           integral        8     'he1       
    [2]           integral        8     'he2       
    [3]           integral        8     'h71       
    [4]           integral        8     'h21       
    ...           ...             ...   ...        
    [21]          integral        8     'h71       
    [22]          integral        8     'hec       
    [23]          integral        8     'h79       
    [24]          integral        8     'hb7       
    [25]          integral        8     'h50       
  parity          integral        8     'h7        
  parity_type     parity_e        1     GOOD_PARITY
  packet_delay    integral        32    'd0        
  begin_time      time            64    47250      
  end_time        time            64    50050      
---------------------------------------------------

UVM_INFO ../sv/router_scoreboard.sv(163) @ 50050: uvm_test_top.tb.router_mod.scoreboard [router_scoreboard] Scoreboard Compare Match: Channel_1 Packet
---------------------------------------------------
Name              Type            Size  Value      
---------------------------------------------------
packet_collected  channel_packet  -     @11195     
  length          integral        6     'h1a       
  addr            integral        2     'h1        
  payload         da(integral)    26    -          
    [0]           integral        8     'hff       
    [1]           integral        8     'he1       
    [2]           integral        8     'he2       
    [3]           integral        8     'h71       
    [4]           integral        8     'h21       
    ...           ...             ...   ...        
    [21]          integral        8     'h71       
    [22]          integral        8     'hec       
    [23]          integral        8     'h79       
    [24]          integral        8     'hb7       
    [25]          integral        8     'h50       
  parity          integral        8     'h7        
  parity_type     parity_e        1     GOOD_PARITY
  packet_delay    integral        32    'd0        
  begin_time      time            64    47250      
  end_time        time            64    50050      
---------------------------------------------------

UVM_INFO ../../yapp/sv/yapp_if.sv(89) @ 51450: reporter [YAPP_IF] collect packets
UVM_INFO ../../yapp/sv/yapp_tx_monitor.sv(45) @ 54950: uvm_test_top.tb.yapp.tx_agent.monitor [yapp_tx_monitor] 
Packet Collected :
-----------------------------------------------
Name            Type          Size  Value      
-----------------------------------------------
pkt             yapp_packet   -     @10861     
  length        integral      6     'h22       
  addr          integral      2     'h2        
  payload       da(integral)  34    -          
    [0]         integral      8     'h47       
    [1]         integral      8     'hfa       
    [2]         integral      8     'h14       
    [3]         integral      8     'h12       
    [4]         integral      8     'hf8       
    ...         ...           ...   ...        
    [29]        integral      8     'h35       
    [30]        integral      8     'hbc       
    [31]        integral      8     'hc9       
    [32]        integral      8     'h12       
    [33]        integral      8     'h7e       
  parity        integral      8     'h59       
  parity_type   parity_t      1     GOOD_PARITY
  packet_delay  integral      32    'd0        
  begin_time    time          64    51450      
  end_time      time          64    54950      
-----------------------------------------------

UVM_INFO ../sv/router_reference.sv(61) @ 54950: uvm_test_top.tb.router_mod.reference [router_reference] Received Input YAPP Packet: 
-----------------------------------------------
Name            Type          Size  Value      
-----------------------------------------------
pkt             yapp_packet   -     @10861     
  length        integral      6     'h22       
  addr          integral      2     'h2        
  payload       da(integral)  34    -          
    [0]         integral      8     'h47       
    [1]         integral      8     'hfa       
    [2]         integral      8     'h14       
    [3]         integral      8     'h12       
    [4]         integral      8     'hf8       
    ...         ...           ...   ...        
    [29]        integral      8     'h35       
    [30]        integral      8     'hbc       
    [31]        integral      8     'hc9       
    [32]        integral      8     'h12       
    [33]        integral      8     'h7e       
  parity        integral      8     'h59       
  parity_type   parity_t      1     GOOD_PARITY
  packet_delay  integral      32    'd0        
  begin_time    time          64    51450      
  end_time      time          64    54950      
-----------------------------------------------

UVM_INFO ../sv/router_scoreboard.sv(101) @ 54950: uvm_test_top.tb.router_mod.scoreboard [router_scoreboard] Added packet to Scoreboard Queue 2
UVM_INFO ../sv/router_reference.sv(74) @ 54950: uvm_test_top.tb.router_mod.reference [router_reference] Sent YAPP Packet to Scoreboard
UVM_INFO /software/commercial/cadence/XCELIUM2209/tools/methodology/UVM/CDNS-1.1d/sv/src/reg/uvm_reg_map.svh(1996) @ 55000: reporter [uvm_reg_map] Reading address 'h1009 via map "yapp_rm.router_yapp_regs.router_yapp_regs"...
UVM_INFO ../../hbus/sv/hbus_master_driver.sv(67) @ 55100: uvm_test_top.tb.hbus.masters[0].driver [hbus_master_driver] Driving transaction :
----------------------------------------------------------------------------------------------------
Name                           Type                  Size  Value                                    
----------------------------------------------------------------------------------------------------
tr                             hbus_transaction      -     @10825                                   
  haddr                        integral              16    'h1009                                   
  hdata                        integral              8     'h0                                      
  hwr_rd                       hbus_read_write_enum  1     HBUS_READ                                
  wait_between_cycle           integral              32    'h0                                      
  begin_time                   time                  64    55100                                    
  depth                        int                   32    'd2                                      
  parent sequence (name)       string                18    default_parent_seq                       
  parent sequence (full name)  string                18    default_parent_seq                       
  sequencer                    string                41    uvm_test_top.tb.hbus.masters[0].sequencer
----------------------------------------------------------------------------------------------------

UVM_INFO ../../hbus/sv/hbus_if.sv(155) @ 55150: reporter [HBUS_IF] Monitor Read Transaction
UVM_INFO ../../hbus/sv/hbus_monitor.sv(101) @ 55150: uvm_test_top.tb.hbus.monitor [hbus_monitor] Collecting Transaction
UVM_INFO ../../hbus/sv/hbus_if.sv(89) @ 55300: reporter [HBUS_IF] Master reads 02 from 1009
UVM_INFO /software/commercial/cadence/XCELIUM2209/tools/methodology/UVM/CDNS-1.1d/sv/src/reg/uvm_reg_map.svh(2044) @ 55300: reporter [uvm_reg_map] Read 'h2 at 'h1009 via map "yapp_rm.router_yapp_regs.router_yapp_regs": UVM_IS_OK...
UVM_INFO @ 55300: reporter [RegModel] Read  register via map yapp_rm.router_yapp_regs.router_yapp_regs: yapp_rm.router_yapp_regs.addr0_cnt_reg=2
UVM_INFO /software/commercial/cadence/XCELIUM2209/tools/methodology/UVM/CDNS-1.1d/sv/src/reg/uvm_reg_map.svh(1996) @ 55300: reporter [uvm_reg_map] Reading address 'h100a via map "yapp_rm.router_yapp_regs.router_yapp_regs"...
UVM_INFO ../../hbus/sv/hbus_monitor.sv(109) @ 55350: uvm_test_top.tb.hbus.monitor [hbus_monitor] transaction collected :
-----------------------------------------------------------
Name                  Type                  Size  Value    
-----------------------------------------------------------
tr_collect            hbus_transaction      -     @11494   
  haddr               integral              16    'h1009   
  hdata               integral              8     'h2      
  hwr_rd              hbus_read_write_enum  1     HBUS_READ
  wait_between_cycle  integral              32    'h0      
  begin_time          time                  64    55150    
  end_time            time                  64    55350    
-----------------------------------------------------------

UVM_INFO ../sv/router_reference.sv(48) @ 55350: uvm_test_top.tb.router_mod.reference [router_reference] Received HBUS Transaction: 
-----------------------------------------------------------
Name                  Type                  Size  Value    
-----------------------------------------------------------
tr_collect            hbus_transaction      -     @11494   
  haddr               integral              16    'h1009   
  hdata               integral              8     'h2      
  hwr_rd              hbus_read_write_enum  1     HBUS_READ
  wait_between_cycle  integral              32    'h0      
  begin_time          time                  64    55150    
  end_time            time                  64    55350    
-----------------------------------------------------------

UVM_INFO ../../hbus/sv/hbus_master_driver.sv(67) @ 55400: uvm_test_top.tb.hbus.masters[0].driver [hbus_master_driver] Driving transaction :
----------------------------------------------------------------------------------------------------
Name                           Type                  Size  Value                                    
----------------------------------------------------------------------------------------------------
tr                             hbus_transaction      -     @10937                                   
  haddr                        integral              16    'h100a                                   
  hdata                        integral              8     'h0                                      
  hwr_rd                       hbus_read_write_enum  1     HBUS_READ                                
  wait_between_cycle           integral              32    'h0                                      
  begin_time                   time                  64    55400                                    
  depth                        int                   32    'd2                                      
  parent sequence (name)       string                18    default_parent_seq                       
  parent sequence (full name)  string                18    default_parent_seq                       
  sequencer                    string                41    uvm_test_top.tb.hbus.masters[0].sequencer
----------------------------------------------------------------------------------------------------

UVM_INFO ../../hbus/sv/hbus_if.sv(155) @ 55450: reporter [HBUS_IF] Monitor Read Transaction
UVM_INFO ../../hbus/sv/hbus_monitor.sv(101) @ 55450: uvm_test_top.tb.hbus.monitor [hbus_monitor] Collecting Transaction
UVM_INFO ../../hbus/sv/hbus_if.sv(89) @ 55600: reporter [HBUS_IF] Master reads 02 from 100a
UVM_INFO /software/commercial/cadence/XCELIUM2209/tools/methodology/UVM/CDNS-1.1d/sv/src/reg/uvm_reg_map.svh(2044) @ 55600: reporter [uvm_reg_map] Read 'h2 at 'h100a via map "yapp_rm.router_yapp_regs.router_yapp_regs": UVM_IS_OK...
UVM_INFO @ 55600: reporter [RegModel] Read  register via map yapp_rm.router_yapp_regs.router_yapp_regs: yapp_rm.router_yapp_regs.addr1_cnt_reg=2
UVM_INFO /software/commercial/cadence/XCELIUM2209/tools/methodology/UVM/CDNS-1.1d/sv/src/reg/uvm_reg_map.svh(1996) @ 55600: reporter [uvm_reg_map] Reading address 'h100b via map "yapp_rm.router_yapp_regs.router_yapp_regs"...
UVM_INFO ../../hbus/sv/hbus_monitor.sv(109) @ 55650: uvm_test_top.tb.hbus.monitor [hbus_monitor] transaction collected :
-----------------------------------------------------------
Name                  Type                  Size  Value    
-----------------------------------------------------------
tr_collect            hbus_transaction      -     @11494   
  haddr               integral              16    'h100a   
  hdata               integral              8     'h2      
  hwr_rd              hbus_read_write_enum  1     HBUS_READ
  wait_between_cycle  integral              32    'h0      
  begin_time          time                  64    55450    
  end_time            time                  64    55650    
-----------------------------------------------------------

UVM_INFO ../sv/router_reference.sv(48) @ 55650: uvm_test_top.tb.router_mod.reference [router_reference] Received HBUS Transaction: 
-----------------------------------------------------------
Name                  Type                  Size  Value    
-----------------------------------------------------------
tr_collect            hbus_transaction      -     @11494   
  haddr               integral              16    'h100a   
  hdata               integral              8     'h2      
  hwr_rd              hbus_read_write_enum  1     HBUS_READ
  wait_between_cycle  integral              32    'h0      
  begin_time          time                  64    55450    
  end_time            time                  64    55650    
-----------------------------------------------------------

UVM_INFO ../../hbus/sv/hbus_master_driver.sv(67) @ 55700: uvm_test_top.tb.hbus.masters[0].driver [hbus_master_driver] Driving transaction :
----------------------------------------------------------------------------------------------------
Name                           Type                  Size  Value                                    
----------------------------------------------------------------------------------------------------
tr                             hbus_transaction      -     @11527                                   
  haddr                        integral              16    'h100b                                   
  hdata                        integral              8     'h0                                      
  hwr_rd                       hbus_read_write_enum  1     HBUS_READ                                
  wait_between_cycle           integral              32    'h0                                      
  begin_time                   time                  64    55700                                    
  depth                        int                   32    'd2                                      
  parent sequence (name)       string                18    default_parent_seq                       
  parent sequence (full name)  string                18    default_parent_seq                       
  sequencer                    string                41    uvm_test_top.tb.hbus.masters[0].sequencer
----------------------------------------------------------------------------------------------------

UVM_INFO ../../hbus/sv/hbus_if.sv(155) @ 55750: reporter [HBUS_IF] Monitor Read Transaction
UVM_INFO ../../hbus/sv/hbus_monitor.sv(101) @ 55750: uvm_test_top.tb.hbus.monitor [hbus_monitor] Collecting Transaction
UVM_INFO ../../channel/sv/channel_rx_monitor.sv(144) @ 55850: uvm_test_top.tb.chan2.rx_agent.monitor [channel_rx_monitor] Channel_2 Packet collected :
---------------------------------------------------
Name              Type            Size  Value      
---------------------------------------------------
packet_collected  channel_packet  -     @11043     
  length          integral        6     'h22       
  addr            integral        2     'h2        
  payload         da(integral)    34    -          
    [0]           integral        8     'h47       
    [1]           integral        8     'hfa       
    [2]           integral        8     'h14       
    [3]           integral        8     'h12       
    [4]           integral        8     'hf8       
    ...           ...             ...   ...        
    [29]          integral        8     'h35       
    [30]          integral        8     'hbc       
    [31]          integral        8     'hc9       
    [32]          integral        8     'h12       
    [33]          integral        8     'h7e       
  parity          integral        8     'h59       
  parity_type     parity_e        1     GOOD_PARITY
  packet_delay    integral        32    'd0        
  begin_time      time            64    52250      
  end_time        time            64    55850      
---------------------------------------------------

UVM_INFO ../sv/router_scoreboard.sv(194) @ 55850: uvm_test_top.tb.router_mod.scoreboard [router_scoreboard] Scoreboard Compare Match: Channel_2 Packet
---------------------------------------------------
Name              Type            Size  Value      
---------------------------------------------------
packet_collected  channel_packet  -     @11043     
  length          integral        6     'h22       
  addr            integral        2     'h2        
  payload         da(integral)    34    -          
    [0]           integral        8     'h47       
    [1]           integral        8     'hfa       
    [2]           integral        8     'h14       
    [3]           integral        8     'h12       
    [4]           integral        8     'hf8       
    ...           ...             ...   ...        
    [29]          integral        8     'h35       
    [30]          integral        8     'hbc       
    [31]          integral        8     'hc9       
    [32]          integral        8     'h12       
    [33]          integral        8     'h7e       
  parity          integral        8     'h59       
  parity_type     parity_e        1     GOOD_PARITY
  packet_delay    integral        32    'd0        
  begin_time      time            64    52250      
  end_time        time            64    55850      
---------------------------------------------------

UVM_INFO ../../hbus/sv/hbus_if.sv(89) @ 55900: reporter [HBUS_IF] Master reads 02 from 100b
UVM_INFO /software/commercial/cadence/XCELIUM2209/tools/methodology/UVM/CDNS-1.1d/sv/src/reg/uvm_reg_map.svh(2044) @ 55900: reporter [uvm_reg_map] Read 'h2 at 'h100b via map "yapp_rm.router_yapp_regs.router_yapp_regs": UVM_IS_OK...
UVM_INFO @ 55900: reporter [RegModel] Read  register via map yapp_rm.router_yapp_regs.router_yapp_regs: yapp_rm.router_yapp_regs.addr2_cnt_reg=2
UVM_INFO /software/commercial/cadence/XCELIUM2209/tools/methodology/UVM/CDNS-1.1d/sv/src/reg/uvm_reg_map.svh(1996) @ 55900: reporter [uvm_reg_map] Reading address 'h1006 via map "yapp_rm.router_yapp_regs.router_yapp_regs"...
UVM_INFO ../../hbus/sv/hbus_monitor.sv(109) @ 55950: uvm_test_top.tb.hbus.monitor [hbus_monitor] transaction collected :
-----------------------------------------------------------
Name                  Type                  Size  Value    
-----------------------------------------------------------
tr_collect            hbus_transaction      -     @11494   
  haddr               integral              16    'h100b   
  hdata               integral              8     'h2      
  hwr_rd              hbus_read_write_enum  1     HBUS_READ
  wait_between_cycle  integral              32    'h0      
  begin_time          time                  64    55750    
  end_time            time                  64    55950    
-----------------------------------------------------------

UVM_INFO ../sv/router_reference.sv(48) @ 55950: uvm_test_top.tb.router_mod.reference [router_reference] Received HBUS Transaction: 
-----------------------------------------------------------
Name                  Type                  Size  Value    
-----------------------------------------------------------
tr_collect            hbus_transaction      -     @11494   
  haddr               integral              16    'h100b   
  hdata               integral              8     'h2      
  hwr_rd              hbus_read_write_enum  1     HBUS_READ
  wait_between_cycle  integral              32    'h0      
  begin_time          time                  64    55750    
  end_time            time                  64    55950    
-----------------------------------------------------------

UVM_INFO ../../hbus/sv/hbus_master_driver.sv(67) @ 56000: uvm_test_top.tb.hbus.masters[0].driver [hbus_master_driver] Driving transaction :
----------------------------------------------------------------------------------------------------
Name                           Type                  Size  Value                                    
----------------------------------------------------------------------------------------------------
tr                             hbus_transaction      -     @10844                                   
  haddr                        integral              16    'h1006                                   
  hdata                        integral              8     'h0                                      
  hwr_rd                       hbus_read_write_enum  1     HBUS_READ                                
  wait_between_cycle           integral              32    'h0                                      
  begin_time                   time                  64    56000                                    
  depth                        int                   32    'd2                                      
  parent sequence (name)       string                18    default_parent_seq                       
  parent sequence (full name)  string                18    default_parent_seq                       
  sequencer                    string                41    uvm_test_top.tb.hbus.masters[0].sequencer
----------------------------------------------------------------------------------------------------

UVM_INFO ../../hbus/sv/hbus_if.sv(155) @ 56050: reporter [HBUS_IF] Monitor Read Transaction
UVM_INFO ../../hbus/sv/hbus_monitor.sv(101) @ 56050: uvm_test_top.tb.hbus.monitor [hbus_monitor] Collecting Transaction
UVM_INFO ../../hbus/sv/hbus_if.sv(89) @ 56200: reporter [HBUS_IF] Master reads 00 from 1006
UVM_INFO /software/commercial/cadence/XCELIUM2209/tools/methodology/UVM/CDNS-1.1d/sv/src/reg/uvm_reg_map.svh(2044) @ 56200: reporter [uvm_reg_map] Read 'h0 at 'h1006 via map "yapp_rm.router_yapp_regs.router_yapp_regs": UVM_IS_OK...
UVM_INFO @ 56200: reporter [RegModel] Read  register via map yapp_rm.router_yapp_regs.router_yapp_regs: yapp_rm.router_yapp_regs.addr3_cnt_reg=0
UVM_INFO /software/commercial/cadence/XCELIUM2209/tools/methodology/UVM/CDNS-1.1d/sv/src/reg/uvm_reg_map.svh(1996) @ 56200: reporter [uvm_reg_map] Reading address 'h1004 via map "yapp_rm.router_yapp_regs.router_yapp_regs"...
UVM_INFO ../../hbus/sv/hbus_monitor.sv(109) @ 56250: uvm_test_top.tb.hbus.monitor [hbus_monitor] transaction collected :
-----------------------------------------------------------
Name                  Type                  Size  Value    
-----------------------------------------------------------
tr_collect            hbus_transaction      -     @11494   
  haddr               integral              16    'h1006   
  hdata               integral              8     'h0      
  hwr_rd              hbus_read_write_enum  1     HBUS_READ
  wait_between_cycle  integral              32    'h0      
  begin_time          time                  64    56050    
  end_time            time                  64    56250    
-----------------------------------------------------------

UVM_INFO ../sv/router_reference.sv(48) @ 56250: uvm_test_top.tb.router_mod.reference [router_reference] Received HBUS Transaction: 
-----------------------------------------------------------
Name                  Type                  Size  Value    
-----------------------------------------------------------
tr_collect            hbus_transaction      -     @11494   
  haddr               integral              16    'h1006   
  hdata               integral              8     'h0      
  hwr_rd              hbus_read_write_enum  1     HBUS_READ
  wait_between_cycle  integral              32    'h0      
  begin_time          time                  64    56050    
  end_time            time                  64    56250    
-----------------------------------------------------------

UVM_INFO ../../hbus/sv/hbus_master_driver.sv(67) @ 56300: uvm_test_top.tb.hbus.masters[0].driver [hbus_master_driver] Driving transaction :
----------------------------------------------------------------------------------------------------
Name                           Type                  Size  Value                                    
----------------------------------------------------------------------------------------------------
tr                             hbus_transaction      -     @11037                                   
  haddr                        integral              16    'h1004                                   
  hdata                        integral              8     'h0                                      
  hwr_rd                       hbus_read_write_enum  1     HBUS_READ                                
  wait_between_cycle           integral              32    'h0                                      
  begin_time                   time                  64    56300                                    
  depth                        int                   32    'd2                                      
  parent sequence (name)       string                18    default_parent_seq                       
  parent sequence (full name)  string                18    default_parent_seq                       
  sequencer                    string                41    uvm_test_top.tb.hbus.masters[0].sequencer
----------------------------------------------------------------------------------------------------

UVM_INFO ../../hbus/sv/hbus_if.sv(155) @ 56350: reporter [HBUS_IF] Monitor Read Transaction
UVM_INFO ../../hbus/sv/hbus_monitor.sv(101) @ 56350: uvm_test_top.tb.hbus.monitor [hbus_monitor] Collecting Transaction
UVM_INFO ../../hbus/sv/hbus_if.sv(89) @ 56500: reporter [HBUS_IF] Master reads 00 from 1004
UVM_INFO /software/commercial/cadence/XCELIUM2209/tools/methodology/UVM/CDNS-1.1d/sv/src/reg/uvm_reg_map.svh(2044) @ 56500: reporter [uvm_reg_map] Read 'h0 at 'h1004 via map "yapp_rm.router_yapp_regs.router_yapp_regs": UVM_IS_OK...
UVM_INFO @ 56500: reporter [RegModel] Read  register via map yapp_rm.router_yapp_regs.router_yapp_regs: yapp_rm.router_yapp_regs.parity_err_cnt_reg=0
UVM_INFO router_test_lib.sv(480) @ 56500: uvm_test_top [REG_SEQ] Read 00000000 from parity_err_cnt_reg
UVM_INFO /software/commercial/cadence/XCELIUM2209/tools/methodology/UVM/CDNS-1.1d/sv/src/reg/uvm_reg_map.svh(1996) @ 56500: reporter [uvm_reg_map] Reading address 'h1005 via map "yapp_rm.router_yapp_regs.router_yapp_regs"...
UVM_INFO ../../hbus/sv/hbus_monitor.sv(109) @ 56550: uvm_test_top.tb.hbus.monitor [hbus_monitor] transaction collected :
-----------------------------------------------------------
Name                  Type                  Size  Value    
-----------------------------------------------------------
tr_collect            hbus_transaction      -     @11494   
  haddr               integral              16    'h1004   
  hdata               integral              8     'h0      
  hwr_rd              hbus_read_write_enum  1     HBUS_READ
  wait_between_cycle  integral              32    'h0      
  begin_time          time                  64    56350    
  end_time            time                  64    56550    
-----------------------------------------------------------

UVM_INFO ../sv/router_reference.sv(48) @ 56550: uvm_test_top.tb.router_mod.reference [router_reference] Received HBUS Transaction: 
-----------------------------------------------------------
Name                  Type                  Size  Value    
-----------------------------------------------------------
tr_collect            hbus_transaction      -     @11494   
  haddr               integral              16    'h1004   
  hdata               integral              8     'h0      
  hwr_rd              hbus_read_write_enum  1     HBUS_READ
  wait_between_cycle  integral              32    'h0      
  begin_time          time                  64    56350    
  end_time            time                  64    56550    
-----------------------------------------------------------

UVM_INFO ../../hbus/sv/hbus_master_driver.sv(67) @ 56600: uvm_test_top.tb.hbus.masters[0].driver [hbus_master_driver] Driving transaction :
----------------------------------------------------------------------------------------------------
Name                           Type                  Size  Value                                    
----------------------------------------------------------------------------------------------------
tr                             hbus_transaction      -     @10979                                   
  haddr                        integral              16    'h1005                                   
  hdata                        integral              8     'h0                                      
  hwr_rd                       hbus_read_write_enum  1     HBUS_READ                                
  wait_between_cycle           integral              32    'h0                                      
  begin_time                   time                  64    56600                                    
  depth                        int                   32    'd2                                      
  parent sequence (name)       string                18    default_parent_seq                       
  parent sequence (full name)  string                18    default_parent_seq                       
  sequencer                    string                41    uvm_test_top.tb.hbus.masters[0].sequencer
----------------------------------------------------------------------------------------------------

UVM_INFO ../../hbus/sv/hbus_if.sv(155) @ 56650: reporter [HBUS_IF] Monitor Read Transaction
UVM_INFO ../../hbus/sv/hbus_monitor.sv(101) @ 56650: uvm_test_top.tb.hbus.monitor [hbus_monitor] Collecting Transaction
UVM_INFO ../../hbus/sv/hbus_if.sv(89) @ 56800: reporter [HBUS_IF] Master reads 00 from 1005
UVM_INFO /software/commercial/cadence/XCELIUM2209/tools/methodology/UVM/CDNS-1.1d/sv/src/reg/uvm_reg_map.svh(2044) @ 56800: reporter [uvm_reg_map] Read 'h0 at 'h1005 via map "yapp_rm.router_yapp_regs.router_yapp_regs": UVM_IS_OK...
UVM_INFO @ 56800: reporter [RegModel] Read  register via map yapp_rm.router_yapp_regs.router_yapp_regs: yapp_rm.router_yapp_regs.oversized_pkt_cnt_reg=0
UVM_INFO router_test_lib.sv(483) @ 56800: uvm_test_top [REG_SEQ] Read 00000000 from oversized_pkt_cnt_reg
UVM_INFO /software/commercial/cadence/XCELIUM2209/tools/methodology/UVM/CDNS-1.1d/sv/src/reg/uvm_reg_map.svh(1996) @ 56800: reporter [uvm_reg_map] Reading address 'h100d via map "yapp_rm.router_yapp_regs.router_yapp_regs"...
UVM_INFO ../../hbus/sv/hbus_monitor.sv(109) @ 56850: uvm_test_top.tb.hbus.monitor [hbus_monitor] transaction collected :
-----------------------------------------------------------
Name                  Type                  Size  Value    
-----------------------------------------------------------
tr_collect            hbus_transaction      -     @11494   
  haddr               integral              16    'h1005   
  hdata               integral              8     'h0      
  hwr_rd              hbus_read_write_enum  1     HBUS_READ
  wait_between_cycle  integral              32    'h0      
  begin_time          time                  64    56650    
  end_time            time                  64    56850    
-----------------------------------------------------------

UVM_INFO ../sv/router_reference.sv(48) @ 56850: uvm_test_top.tb.router_mod.reference [router_reference] Received HBUS Transaction: 
-----------------------------------------------------------
Name                  Type                  Size  Value    
-----------------------------------------------------------
tr_collect            hbus_transaction      -     @11494   
  haddr               integral              16    'h1005   
  hdata               integral              8     'h0      
  hwr_rd              hbus_read_write_enum  1     HBUS_READ
  wait_between_cycle  integral              32    'h0      
  begin_time          time                  64    56650    
  end_time            time                  64    56850    
-----------------------------------------------------------

UVM_INFO ../../hbus/sv/hbus_master_driver.sv(67) @ 56900: uvm_test_top.tb.hbus.masters[0].driver [hbus_master_driver] Driving transaction :
----------------------------------------------------------------------------------------------------
Name                           Type                  Size  Value                                    
----------------------------------------------------------------------------------------------------
tr                             hbus_transaction      -     @10878                                   
  haddr                        integral              16    'h100d                                   
  hdata                        integral              8     'h0                                      
  hwr_rd                       hbus_read_write_enum  1     HBUS_READ                                
  wait_between_cycle           integral              32    'h0                                      
  begin_time                   time                  64    56900                                    
  depth                        int                   32    'd2                                      
  parent sequence (name)       string                18    default_parent_seq                       
  parent sequence (full name)  string                18    default_parent_seq                       
  sequencer                    string                41    uvm_test_top.tb.hbus.masters[0].sequencer
----------------------------------------------------------------------------------------------------

UVM_INFO ../../hbus/sv/hbus_if.sv(155) @ 56950: reporter [HBUS_IF] Monitor Read Transaction
UVM_INFO ../../hbus/sv/hbus_monitor.sv(101) @ 56950: uvm_test_top.tb.hbus.monitor [hbus_monitor] Collecting Transaction
UVM_INFO ../../hbus/sv/hbus_if.sv(89) @ 57100: reporter [HBUS_IF] Master reads 22 from 100d
UVM_INFO /software/commercial/cadence/XCELIUM2209/tools/methodology/UVM/CDNS-1.1d/sv/src/reg/uvm_reg_map.svh(2044) @ 57100: reporter [uvm_reg_map] Read 'h22 at 'h100d via map "yapp_rm.router_yapp_regs.router_yapp_regs": UVM_IS_OK...
UVM_INFO @ 57100: reporter [RegModel] Read  register via map yapp_rm.router_yapp_regs.router_yapp_regs: yapp_rm.router_yapp_regs.mem_size_reg=22
UVM_INFO router_test_lib.sv(485) @ 57100: uvm_test_top [REG_SEQ] Read 00000022 from mem_size_reg
UVM_INFO /software/commercial/cadence/XCELIUM2209/tools/methodology/UVM/CDNS-1.1d/sv/src/base/uvm_objection.svh(1245) @ 57100: reporter [TEST_DONE] All end-of-test objections have been dropped. Calling stop tasks
UVM_INFO /software/commercial/cadence/XCELIUM2209/tools/methodology/UVM/CDNS-1.1d/sv/src/base/uvm_objection.svh(1268) @ 57100: reporter [TEST_DONE] 'run' phase is ready to proceed to the 'extract' phase
UVM_INFO ../sv/router_scoreboard.sv(206) @ 57100: uvm_test_top.tb.router_mod.scoreboard [router_scoreboard] Checking Router Scoreboard
UVM_INFO ../sv/router_scoreboard.sv(210) @ 57100: uvm_test_top.tb.router_mod.scoreboard [router_scoreboard] Check:

   Router Scoreboard Empty!

UVM_INFO ../../channel/sv/channel_rx_driver.sv(94) @ 57100: uvm_test_top.tb.chan0.rx_agent.driver [channel_rx_driver] Report: Channel_0 RX Driver Sent 3 Responses
UVM_INFO ../../channel/sv/channel_rx_monitor.sv(157) @ 57100: uvm_test_top.tb.chan0.rx_agent.monitor [channel_rx_monitor] Report: Channel_0 Monitor Collected 3 Packets
UVM_INFO ../../channel/sv/channel_rx_driver.sv(94) @ 57100: uvm_test_top.tb.chan1.rx_agent.driver [channel_rx_driver] Report: Channel_1 RX Driver Sent 3 Responses
UVM_INFO ../../channel/sv/channel_rx_monitor.sv(157) @ 57100: uvm_test_top.tb.chan1.rx_agent.monitor [channel_rx_monitor] Report: Channel_1 Monitor Collected 3 Packets
UVM_INFO ../../channel/sv/channel_rx_driver.sv(94) @ 57100: uvm_test_top.tb.chan2.rx_agent.driver [channel_rx_driver] Report: Channel_2 RX Driver Sent 3 Responses
UVM_INFO ../../channel/sv/channel_rx_monitor.sv(157) @ 57100: uvm_test_top.tb.chan2.rx_agent.monitor [channel_rx_monitor] Report: Channel_2 Monitor Collected 3 Packets
UVM_INFO ../../hbus/sv/hbus_monitor.sv(132) @ 57100: uvm_test_top.tb.hbus.monitor [hbus_monitor] Report: HBUS Monitor Collected 2 WRITE and 11 READ Transactions
UVM_INFO ../sv/router_reference.sv(42) @ 57100: uvm_test_top.tb.router_mod.reference [router_reference] Report:
   Router Reference: Packet Statistics 
     Packets Dropped:   0
     Packets Forwarded: 9
     Oversized Packets: 0

UVM_INFO ../sv/router_scoreboard.sv(215) @ 57100: uvm_test_top.tb.router_mod.scoreboard [router_scoreboard] Report:

   Scoreboard: Packet Statistics 
     Packets In:   9     Packets Dropped: 0
     Channel 0 Total: 3  Pass: 3  Miscompare: 0  Dropped: 0
     Channel 1 Total: 3  Pass: 3  Miscompare: 0  Dropped: 0
     Channel 2 Total: 3  Pass: 3  Miscompare: 0  Dropped: 0


UVM_INFO ../sv/router_scoreboard.sv(219) @ 57100: uvm_test_top.tb.router_mod.scoreboard [router_scoreboard] Status:

Simulation PASSED

UVM_INFO ../../yapp/sv/yapp_tx_driver.sv(63) @ 57100: uvm_test_top.tb.yapp.tx_agent.driver [yapp_tx_driver] 
Report: yapp_tx_driver sent 9 packets

UVM_INFO ../../yapp/sv/yapp_tx_monitor.sv(52) @ 57100: uvm_test_top.tb.yapp.tx_agent.monitor [yapp_tx_monitor] Report: YAPP Monitor Collected 9 Packets

--- UVM Report catcher Summary ---


Number of demoted UVM_FATAL reports  :    0
Number of demoted UVM_ERROR reports  :    0
Number of demoted UVM_WARNING reports:    0
Number of caught UVM_FATAL reports   :    0
Number of caught UVM_ERROR reports   :    0
Number of caught UVM_WARNING reports :    0

--- UVM Report Summary ---

** Report counts by severity
UVM_INFO :  343
UVM_WARNING :    0
UVM_ERROR :    0
UVM_FATAL :    0
** Report counts by id
[HBUS_IF]    29
[MSG]     1
[NOCOV]     3
[PHASESEQ]    91
[REG_SEQ]     5
[RNTST]     1
[RegModel]    14
[TEST_DONE]     2
[UVMTOP]     1
[YAPP_IF]     9
[channel_rx_driver]     6
[channel_rx_monitor]    18
[channel_rx_resp_seq]     3
[check_on_read_test]     1
[clk10_rst5_seq]     1
[clock_and_reset_sequence]     1
[hbus_master_driver]    15
[hbus_monitor]    30
[router_reference]    32
[router_scoreboard]    22
[uvm_reg_map]    28
[yapp_012_seq]     3
[yapp_env]     1
[yapp_tx_agent]     1
[yapp_tx_driver]    12
[yapp_tx_monitor]    12
[yapp_tx_sequencer]     1
Simulation complete via $finish(1) at time 5710 NS + 47
/software/commercial/cadence/XCELIUM2209/tools/methodology/UVM/CDNS-1.1d/sv/src/base/uvm_root.svh:457     $finish;
xcelium> exit
TOOL:	xrun(64)	22.09-s010: Exiting on Mar 23, 2025 at 17:38:14 EDT  (total: 00:00:01)
